
> beach-safety-backend@1.0.0 start
> node src/app.js

2025-07-19 04:19:07 [[32minfo[39m]: Weather update scheduler started (every 15 minutes) {
  "service": "beach-safety-api"
}
2025-07-19 04:19:07 [[32minfo[39m]: Triggering initial safety flag auto-update for all centers at startup {
  "service": "beach-safety-api"
}
2025-07-19 04:19:07 [[32minfo[39m]: Safety flag auto-update scheduler started (every 15 minutes) {
  "service": "beach-safety-api"
}
2025-07-19 04:19:07 [[32minfo[39m]: Server running on port 5000 {
  "service": "beach-safety-api"
}
2025-07-19 04:19:07 [[32minfo[39m]: Environment: development {
  "service": "beach-safety-api"
}
2025-07-19 04:19:07 [[32minfo[39m]: Connected to PostgreSQL database {
  "service": "beach-safety-api"
}
2025-07-19 04:19:07 [[32minfo[39m]: Connected to PostgreSQL database {
  "service": "beach-safety-api"
}
2025-07-19 04:19:07 [[32minfo[39m]: Connected to PostgreSQL database {
  "service": "beach-safety-api"
}
2025-07-19 04:19:07 [[32minfo[39m]: Connected to PostgreSQL database {
  "service": "beach-safety-api"
}
2025-07-19 04:19:07 [[32minfo[39m]: Connected to PostgreSQL database {
  "service": "beach-safety-api"
}
2025-07-19 04:19:07 [[32minfo[39m]: Connected to PostgreSQL database {
  "service": "beach-safety-api"
}
2025-07-19 04:19:07 [[32minfo[39m]: Connected to PostgreSQL database {
  "service": "beach-safety-api"
}
2025-07-19 04:19:08 [[32minfo[39m]: Connected to PostgreSQL database {
  "service": "beach-safety-api"
}
2025-07-19 04:19:08 [[32minfo[39m]: Raw OpenWeatherMap API response {
  "service": "beach-safety-api",
  "centerId": "efe6b507-ecd3-4eac-bd21-82cbe1125cc0",
  "centerName": "Hammamet Beach Safety Center",
  "coordinates": {
    "lat": 36.4,
    "lng": 10.6167
  },
  "visibility": 10000,
  "weather_condition": "Clear",
  "temperature": 23.81,
  "wind_speed": 1.88,
  "humidity": 75,
  "pressure": 1013,
  "raw_response": {
    "visibility": 10000,
    "weather": [
      {
        "id": 800,
        "main": "Clear",
        "description": "clear sky",
        "icon": "01n"
      }
    ],
    "main": {
      "temp": 23.81,
      "feels_like": 24.2,
      "temp_min": 23.81,
      "temp_max": 23.81,
      "pressure": 1013,
      "humidity": 75,
      "sea_level": 1013,
      "grnd_level": 1005
    },
    "wind": {
      "speed": 1.88,
      "deg": 179,
      "gust": 1.9
    }
  }
}
2025-07-19 04:19:08 [[32minfo[39m]: Simulated marine data {
  "service": "beach-safety-api",
  "wave_height": 1.03,
  "current_speed": 0.62
}
2025-07-19 04:19:08 [[32minfo[39m]: Transformed weather data {
  "service": "beach-safety-api",
  "centerId": "efe6b507-ecd3-4eac-bd21-82cbe1125cc0",
  "centerName": "Hammamet Beach Safety Center",
  "original_visibility_meters": 10000,
  "transformed_visibility_km": 10,
  "temperature": 23.81,
  "wind_speed": 1.88,
  "weather_condition": "Clear",
  "wave_height": 1.03,
  "current_speed": 0.62
}
2025-07-19 04:19:08 [[32minfo[39m]: Current weather and marine data fetched and stored {
  "service": "beach-safety-api",
  "centerId": "efe6b507-ecd3-4eac-bd21-82cbe1125cc0",
  "centerName": "Hammamet Beach Safety Center",
  "temperature": 23.81,
  "condition": "Clear",
  "waveHeight": 1.03,
  "currentSpeed": 0.62
}
2025-07-19 04:19:08 [[32minfo[39m]: Weather data for flag determination {
  "service": "beach-safety-api",
  "centerId": "efe6b507-ecd3-4eac-bd21-82cbe1125cc0",
  "visibility": "10.00",
  "temperature": "23.81",
  "wind_speed": "1.88",
  "wave_height": "1.03",
  "precipitation": "0.00",
  "weather_condition": "Clear"
}
2025-07-19 04:19:08 [[32minfo[39m]: Raw OpenWeatherMap API response {
  "service": "beach-safety-api",
  "centerId": "a42d64f5-73d9-41cb-97c7-c020fd1fe520",
  "centerName": "Sousse Beach Safety Center",
  "coordinates": {
    "lat": 35.8333,
    "lng": 10.6333
  },
  "visibility": 8000,
  "weather_condition": "Clear",
  "temperature": 24.91,
  "wind_speed": 1.03,
  "humidity": 88,
  "pressure": 1013,
  "raw_response": {
    "visibility": 8000,
    "weather": [
      {
        "id": 800,
        "main": "Clear",
        "description": "clear sky",
        "icon": "01n"
      }
    ],
    "main": {
      "temp": 24.91,
      "feels_like": 25.75,
      "temp_min": 24.91,
      "temp_max": 24.91,
      "pressure": 1013,
      "humidity": 88,
      "sea_level": 1013,
      "grnd_level": 1008
    },
    "wind": {
      "speed": 1.03,
      "deg": 0
    }
  }
}
2025-07-19 04:19:08 [[32minfo[39m]: Simulated marine data {
  "service": "beach-safety-api",
  "wave_height": 1.02,
  "current_speed": 0.86
}
2025-07-19 04:19:08 [[32minfo[39m]: Transformed weather data {
  "service": "beach-safety-api",
  "centerId": "a42d64f5-73d9-41cb-97c7-c020fd1fe520",
  "centerName": "Sousse Beach Safety Center",
  "original_visibility_meters": 8000,
  "transformed_visibility_km": 8,
  "temperature": 24.91,
  "wind_speed": 1.03,
  "weather_condition": "Clear",
  "wave_height": 1.02,
  "current_speed": 0.86
}
2025-07-19 04:19:08 [[32minfo[39m]: Safety flag auto-update check completed for center (startup) {
  "service": "beach-safety-api",
  "centerId": "efe6b507-ecd3-4eac-bd21-82cbe1125cc0",
  "centerName": "Hammamet Beach Safety Center",
  "currentFlag": "green",
  "reason": "Automatic flag unchanged"
}
2025-07-19 04:19:08 [[32minfo[39m]: Current weather and marine data fetched and stored {
  "service": "beach-safety-api",
  "centerId": "a42d64f5-73d9-41cb-97c7-c020fd1fe520",
  "centerName": "Sousse Beach Safety Center",
  "temperature": 24.91,
  "condition": "Clear",
  "waveHeight": 1.02,
  "currentSpeed": 0.86
}
2025-07-19 04:19:08 [[32minfo[39m]: Weather data for flag determination {
  "service": "beach-safety-api",
  "centerId": "a42d64f5-73d9-41cb-97c7-c020fd1fe520",
  "visibility": "8.00",
  "temperature": "24.91",
  "wind_speed": "1.03",
  "wave_height": "1.02",
  "precipitation": "0.00",
  "weather_condition": "Clear"
}
2025-07-19 04:19:08 [[32minfo[39m]: Safety flag auto-update check completed for center (startup) {
  "service": "beach-safety-api",
  "centerId": "a42d64f5-73d9-41cb-97c7-c020fd1fe520",
  "centerName": "Sousse Beach Safety Center",
  "currentFlag": "red",
  "reason": "Automatic flag unchanged"
}
2025-07-19 04:19:08 [[32minfo[39m]: Raw OpenWeatherMap API response {
  "service": "beach-safety-api",
  "centerId": "a1f85c07-8c14-4616-8199-a1c9c46d9b48",
  "centerName": "Tabarka Beach Safety Center",
  "coordinates": {
    "lat": 36.95,
    "lng": 8.75
  },
  "visibility": 10000,
  "weather_condition": "Clear",
  "temperature": 22.02,
  "wind_speed": 2.57,
  "humidity": 73,
  "pressure": 1011,
  "raw_response": {
    "visibility": 10000,
    "weather": [
      {
        "id": 800,
        "main": "Clear",
        "description": "clear sky",
        "icon": "01n"
      }
    ],
    "main": {
      "temp": 22.02,
      "feels_like": 22.18,
      "temp_min": 22.02,
      "temp_max": 22.02,
      "pressure": 1011,
      "humidity": 73,
      "sea_level": 1011,
      "grnd_level": 991
    },
    "wind": {
      "speed": 2.57,
      "deg": 130
    }
  }
}
2025-07-19 04:19:08 [[32minfo[39m]: Simulated marine data {
  "service": "beach-safety-api",
  "wave_height": 0.37,
  "current_speed": 0.8
}
2025-07-19 04:19:08 [[32minfo[39m]: Transformed weather data {
  "service": "beach-safety-api",
  "centerId": "a1f85c07-8c14-4616-8199-a1c9c46d9b48",
  "centerName": "Tabarka Beach Safety Center",
  "original_visibility_meters": 10000,
  "transformed_visibility_km": 10,
  "temperature": 22.02,
  "wind_speed": 2.57,
  "weather_condition": "Clear",
  "wave_height": 0.37,
  "current_speed": 0.8
}
2025-07-19 04:19:08 [[32minfo[39m]: Current weather and marine data fetched and stored {
  "service": "beach-safety-api",
  "centerId": "a1f85c07-8c14-4616-8199-a1c9c46d9b48",
  "centerName": "Tabarka Beach Safety Center",
  "temperature": 22.02,
  "condition": "Clear",
  "waveHeight": 0.37,
  "currentSpeed": 0.8
}
2025-07-19 04:19:08 [[32minfo[39m]: Weather data for flag determination {
  "service": "beach-safety-api",
  "centerId": "a1f85c07-8c14-4616-8199-a1c9c46d9b48",
  "visibility": "10.00",
  "temperature": "22.02",
  "wind_speed": "2.57",
  "wave_height": "0.37",
  "precipitation": "0.00",
  "weather_condition": "Clear"
}
2025-07-19 04:19:08 [[32minfo[39m]: Safety flag auto-update check completed for center (startup) {
  "service": "beach-safety-api",
  "centerId": "a1f85c07-8c14-4616-8199-a1c9c46d9b48",
  "centerName": "Tabarka Beach Safety Center",
  "currentFlag": "green",
  "reason": "Automatic flag unchanged"
}
2025-07-19 04:19:08 [[32minfo[39m]: Raw OpenWeatherMap API response {
  "service": "beach-safety-api",
  "centerId": "2c140dc1-5fac-4efe-80e3-2ad63dea6b8f",
  "centerName": "maamoura",
  "coordinates": {
    "lat": 36.50415378724642,
    "lng": 10.810546875000002
  },
  "visibility": 10000,
  "weather_condition": "Clear",
  "temperature": 23.25,
  "wind_speed": 1.26,
  "humidity": 78,
  "pressure": 1013,
  "raw_response": {
    "visibility": 10000,
    "weather": [
      {
        "id": 800,
        "main": "Clear",
        "description": "clear sky",
        "icon": "01n"
      }
    ],
    "main": {
      "temp": 23.25,
      "feels_like": 23.67,
      "temp_min": 23.25,
      "temp_max": 23.25,
      "pressure": 1013,
      "humidity": 78,
      "sea_level": 1013,
      "grnd_level": 1007
    },
    "wind": {
      "speed": 1.26,
      "deg": 185,
      "gust": 1.24
    }
  }
}
2025-07-19 04:19:08 [[32minfo[39m]: Simulated marine data {
  "service": "beach-safety-api",
  "wave_height": 0.32,
  "current_speed": 0.79
}
2025-07-19 04:19:08 [[32minfo[39m]: Transformed weather data {
  "service": "beach-safety-api",
  "centerId": "2c140dc1-5fac-4efe-80e3-2ad63dea6b8f",
  "centerName": "maamoura",
  "original_visibility_meters": 10000,
  "transformed_visibility_km": 10,
  "temperature": 23.25,
  "wind_speed": 1.26,
  "weather_condition": "Clear",
  "wave_height": 0.32,
  "current_speed": 0.79
}
2025-07-19 04:19:08 [[32minfo[39m]: Current weather and marine data fetched and stored {
  "service": "beach-safety-api",
  "centerId": "2c140dc1-5fac-4efe-80e3-2ad63dea6b8f",
  "centerName": "maamoura",
  "temperature": 23.25,
  "condition": "Clear",
  "waveHeight": 0.32,
  "currentSpeed": 0.79
}
2025-07-19 04:19:08 [[32minfo[39m]: Weather data for flag determination {
  "service": "beach-safety-api",
  "centerId": "2c140dc1-5fac-4efe-80e3-2ad63dea6b8f",
  "visibility": "10.00",
  "temperature": "23.25",
  "wind_speed": "1.26",
  "wave_height": "0.32",
  "precipitation": "0.00",
  "weather_condition": "Clear"
}
2025-07-19 04:19:08 [[32minfo[39m]: Safety flag auto-update check completed for center (startup) {
  "service": "beach-safety-api",
  "centerId": "2c140dc1-5fac-4efe-80e3-2ad63dea6b8f",
  "centerName": "maamoura",
  "currentFlag": "green",
  "reason": "Automatic flag unchanged"
}
2025-07-19 04:19:08 [[32minfo[39m]: Raw OpenWeatherMap API response {
  "service": "beach-safety-api",
  "centerId": "f350b731-2da6-4e3d-9a9d-5fa3c8c985ab",
  "centerName": "Djerba Beach Safety Center",
  "coordinates": {
    "lat": 33.8167,
    "lng": 10.85
  },
  "visibility": 10000,
  "weather_condition": "Clear",
  "temperature": 25.94,
  "wind_speed": 1.54,
  "humidity": 89,
  "pressure": 1013,
  "raw_response": {
    "visibility": 10000,
    "weather": [
      {
        "id": 800,
        "main": "Clear",
        "description": "clear sky",
        "icon": "01n"
      }
    ],
    "main": {
      "temp": 25.94,
      "feels_like": 26.91,
      "temp_min": 25.94,
      "temp_max": 25.94,
      "pressure": 1013,
      "humidity": 89,
      "sea_level": 1013,
      "grnd_level": 1012
    },
    "wind": {
      "speed": 1.54,
      "deg": 130
    }
  }
}
2025-07-19 04:19:08 [[32minfo[39m]: Simulated marine data {
  "service": "beach-safety-api",
  "wave_height": 0.7,
  "current_speed": 0.67
}
2025-07-19 04:19:08 [[32minfo[39m]: Transformed weather data {
  "service": "beach-safety-api",
  "centerId": "f350b731-2da6-4e3d-9a9d-5fa3c8c985ab",
  "centerName": "Djerba Beach Safety Center",
  "original_visibility_meters": 10000,
  "transformed_visibility_km": 10,
  "temperature": 25.94,
  "wind_speed": 1.54,
  "weather_condition": "Clear",
  "wave_height": 0.7,
  "current_speed": 0.67
}
2025-07-19 04:19:08 [[32minfo[39m]: Raw OpenWeatherMap API response {
  "service": "beach-safety-api",
  "centerId": "6c847017-e5ab-4e48-b987-328d742f7562",
  "centerName": "Sounine",
  "coordinates": {
    "lat": 37.21106722049235,
    "lng": 10.179165601730348
  },
  "visibility": 10000,
  "weather_condition": "Clear",
  "temperature": 24.63,
  "wind_speed": 3.66,
  "humidity": 81,
  "pressure": 1012,
  "raw_response": {
    "visibility": 10000,
    "weather": [
      {
        "id": 800,
        "main": "Clear",
        "description": "clear sky",
        "icon": "01n"
      }
    ],
    "main": {
      "temp": 24.63,
      "feels_like": 25.26,
      "temp_min": 24.63,
      "temp_max": 24.63,
      "pressure": 1012,
      "humidity": 81,
      "sea_level": 1012,
      "grnd_level": 1011
    },
    "wind": {
      "speed": 3.66,
      "deg": 146,
      "gust": 4.34
    }
  }
}
2025-07-19 04:19:08 [[32minfo[39m]: Simulated marine data {
  "service": "beach-safety-api",
  "wave_height": 0.8,
  "current_speed": 0.76
}
2025-07-19 04:19:08 [[32minfo[39m]: Transformed weather data {
  "service": "beach-safety-api",
  "centerId": "6c847017-e5ab-4e48-b987-328d742f7562",
  "centerName": "Sounine",
  "original_visibility_meters": 10000,
  "transformed_visibility_km": 10,
  "temperature": 24.63,
  "wind_speed": 3.66,
  "weather_condition": "Clear",
  "wave_height": 0.8,
  "current_speed": 0.76
}
2025-07-19 04:19:08 [[32minfo[39m]: Current weather and marine data fetched and stored {
  "service": "beach-safety-api",
  "centerId": "f350b731-2da6-4e3d-9a9d-5fa3c8c985ab",
  "centerName": "Djerba Beach Safety Center",
  "temperature": 25.94,
  "condition": "Clear",
  "waveHeight": 0.7,
  "currentSpeed": 0.67
}
2025-07-19 04:19:08 [[32minfo[39m]: Weather data for flag determination {
  "service": "beach-safety-api",
  "centerId": "f350b731-2da6-4e3d-9a9d-5fa3c8c985ab",
  "visibility": "10.00",
  "temperature": "25.94",
  "wind_speed": "1.54",
  "wave_height": "0.70",
  "precipitation": "0.00",
  "weather_condition": "Clear"
}
2025-07-19 04:19:08 [[32minfo[39m]: Current weather and marine data fetched and stored {
  "service": "beach-safety-api",
  "centerId": "6c847017-e5ab-4e48-b987-328d742f7562",
  "centerName": "Sounine",
  "temperature": 24.63,
  "condition": "Clear",
  "waveHeight": 0.8,
  "currentSpeed": 0.76
}
2025-07-19 04:19:08 [[32minfo[39m]: Weather data for flag determination {
  "service": "beach-safety-api",
  "centerId": "6c847017-e5ab-4e48-b987-328d742f7562",
  "visibility": "10.00",
  "temperature": "24.63",
  "wind_speed": "3.66",
  "wave_height": "0.80",
  "precipitation": "0.00",
  "weather_condition": "Clear"
}
2025-07-19 04:19:08 [[32minfo[39m]: Safety flag auto-update check completed for center (startup) {
  "service": "beach-safety-api",
  "centerId": "f350b731-2da6-4e3d-9a9d-5fa3c8c985ab",
  "centerName": "Djerba Beach Safety Center",
  "currentFlag": "green",
  "reason": "Automatic flag unchanged"
}
2025-07-19 04:19:08 [[32minfo[39m]: Safety flag auto-update check completed for center (startup) {
  "service": "beach-safety-api",
  "centerId": "6c847017-e5ab-4e48-b987-328d742f7562",
  "centerName": "Sounine",
  "currentFlag": "green",
  "reason": "Automatic flag unchanged"
}
2025-07-19 04:19:08 [[32minfo[39m]: Raw OpenWeatherMap API response {
  "service": "beach-safety-api",
  "centerId": "5897994c-3d0f-4bcf-9624-3103ddffdcf4",
  "centerName": "Monastir Beach Safety Center",
  "coordinates": {
    "lat": 35.7667,
    "lng": 10.8333
  },
  "visibility": 8000,
  "weather_condition": "Clear",
  "temperature": 24.94,
  "wind_speed": 1.03,
  "humidity": 88,
  "pressure": 1013,
  "raw_response": {
    "visibility": 8000,
    "weather": [
      {
        "id": 800,
        "main": "Clear",
        "description": "clear sky",
        "icon": "01n"
      }
    ],
    "main": {
      "temp": 24.94,
      "feels_like": 25.79,
      "temp_min": 24.94,
      "temp_max": 24.94,
      "pressure": 1013,
      "humidity": 88,
      "sea_level": 1013,
      "grnd_level": 1011
    },
    "wind": {
      "speed": 1.03,
      "deg": 0
    }
  }
}
2025-07-19 04:19:08 [[32minfo[39m]: Simulated marine data {
  "service": "beach-safety-api",
  "wave_height": 1.03,
  "current_speed": 0.87
}
2025-07-19 04:19:08 [[32minfo[39m]: Transformed weather data {
  "service": "beach-safety-api",
  "centerId": "5897994c-3d0f-4bcf-9624-3103ddffdcf4",
  "centerName": "Monastir Beach Safety Center",
  "original_visibility_meters": 8000,
  "transformed_visibility_km": 8,
  "temperature": 24.94,
  "wind_speed": 1.03,
  "weather_condition": "Clear",
  "wave_height": 1.03,
  "current_speed": 0.87
}
2025-07-19 04:19:08 [[32minfo[39m]: Current weather and marine data fetched and stored {
  "service": "beach-safety-api",
  "centerId": "5897994c-3d0f-4bcf-9624-3103ddffdcf4",
  "centerName": "Monastir Beach Safety Center",
  "temperature": 24.94,
  "condition": "Clear",
  "waveHeight": 1.03,
  "currentSpeed": 0.87
}
2025-07-19 04:19:08 [[32minfo[39m]: Weather data for flag determination {
  "service": "beach-safety-api",
  "centerId": "5897994c-3d0f-4bcf-9624-3103ddffdcf4",
  "visibility": "8.00",
  "temperature": "24.94",
  "wind_speed": "1.03",
  "wave_height": "1.03",
  "precipitation": "0.00",
  "weather_condition": "Clear"
}
2025-07-19 04:19:08 [[32minfo[39m]: Safety flag auto-update check completed for center (startup) {
  "service": "beach-safety-api",
  "centerId": "5897994c-3d0f-4bcf-9624-3103ddffdcf4",
  "centerName": "Monastir Beach Safety Center",
  "currentFlag": "red",
  "reason": "Automatic flag unchanged"
}
2025-07-19 04:19:09 [[32minfo[39m]: Raw OpenWeatherMap API response {
  "service": "beach-safety-api",
  "centerId": "6091fcc3-3b14-430e-8d28-0907aa1db98d",
  "centerName": "Takelsa",
  "coordinates": {
    "lat": 36.882154463,
    "lng": 10.608962774
  },
  "visibility": 10000,
  "weather_condition": "Clear",
  "temperature": 24.5,
  "wind_speed": 2.62,
  "humidity": 77,
  "pressure": 1012,
  "raw_response": {
    "visibility": 10000,
    "weather": [
      {
        "id": 800,
        "main": "Clear",
        "description": "clear sky",
        "icon": "01n"
      }
    ],
    "main": {
      "temp": 24.5,
      "feels_like": 25.02,
      "temp_min": 24.5,
      "temp_max": 24.5,
      "pressure": 1012,
      "humidity": 77,
      "sea_level": 1012,
      "grnd_level": 1008
    },
    "wind": {
      "speed": 2.62,
      "deg": 142,
      "gust": 2.69
    }
  }
}
2025-07-19 04:19:09 [[32minfo[39m]: Simulated marine data {
  "service": "beach-safety-api",
  "wave_height": 0.76,
  "current_speed": 0.75
}
2025-07-19 04:19:09 [[32minfo[39m]: Transformed weather data {
  "service": "beach-safety-api",
  "centerId": "6091fcc3-3b14-430e-8d28-0907aa1db98d",
  "centerName": "Takelsa",
  "original_visibility_meters": 10000,
  "transformed_visibility_km": 10,
  "temperature": 24.5,
  "wind_speed": 2.62,
  "weather_condition": "Clear",
  "wave_height": 0.76,
  "current_speed": 0.75
}
2025-07-19 04:19:09 [[32minfo[39m]: Current weather and marine data fetched and stored {
  "service": "beach-safety-api",
  "centerId": "6091fcc3-3b14-430e-8d28-0907aa1db98d",
  "centerName": "Takelsa",
  "temperature": 24.5,
  "condition": "Clear",
  "waveHeight": 0.76,
  "currentSpeed": 0.75
}
2025-07-19 04:19:09 [[32minfo[39m]: Weather data for flag determination {
  "service": "beach-safety-api",
  "centerId": "6091fcc3-3b14-430e-8d28-0907aa1db98d",
  "visibility": "10.00",
  "temperature": "24.50",
  "wind_speed": "2.62",
  "wave_height": "0.76",
  "precipitation": "0.00",
  "weather_condition": "Clear"
}
2025-07-19 04:19:09 [[32minfo[39m]: Manual flag still valid - respecting manual override {
  "service": "beach-safety-api",
  "centerId": "6091fcc3-3b14-430e-8d28-0907aa1db98d",
  "currentFlag": "red",
  "expiresAt": null,
  "setByRole": "center_admin"
}
2025-07-19 04:19:09 [[32minfo[39m]: Safety flag auto-update check completed for center (startup) {
  "service": "beach-safety-api",
  "centerId": "6091fcc3-3b14-430e-8d28-0907aa1db98d",
  "centerName": "Takelsa",
  "currentFlag": "red",
  "reason": "Manual flag still valid"
}
2025-07-19 04:19:09 [[32minfo[39m]: Initial safety flag auto-update for all centers completed {
  "service": "beach-safety-api"
}
2025-07-19 04:19:23 [[32minfo[39m]: ::ffff:127.0.0.1 - - [19/Jul/2025:03:19:23 +0000] "POST /api/v1/auth/login HTTP/1.1" 401 49 "-" "curl/7.68.0" {
  "service": "beach-safety-api"
}
2025-07-19 04:19:23 [[32minfo[39m]: ::ffff:127.0.0.1 - - [19/Jul/2025:03:19:23 +0000] "GET /api/v1/public/centers HTTP/1.1" 200 4275 "http://localhost:3000/" "Mozilla/5.0 (X11; Ubuntu; Linux x86_64; rv:136.0) Gecko/20100101 Firefox/136.0" {
  "service": "beach-safety-api"
}
2025-07-19 04:19:23 [[32minfo[39m]: ::ffff:127.0.0.1 - - [19/Jul/2025:03:19:23 +0000] "GET /api/v1/public/centers HTTP/1.1" 200 4275 "http://localhost:3000/" "Mozilla/5.0 (X11; Ubuntu; Linux x86_64; rv:136.0) Gecko/20100101 Firefox/136.0" {
  "service": "beach-safety-api"
}
2025-07-19 04:19:23 [[32minfo[39m]: Public weather query result: {
  "service": "beach-safety-api",
  "totalRows": 86,
  "centers": [
    {
      "center_id": "6091fcc3-3b14-430e-8d28-0907aa1db98d",
      "center_name": "Takelsa",
      "recorded_at": "2025-07-19T03:19:09.489Z"
    },
    {
      "center_id": "5897994c-3d0f-4bcf-9624-3103ddffdcf4",
      "center_name": "Monastir Beach Safety Center",
      "recorded_at": "2025-07-19T03:19:08.858Z"
    },
    {
      "center_id": "6c847017-e5ab-4e48-b987-328d742f7562",
      "center_name": "Sounine",
      "recorded_at": "2025-07-19T03:19:08.762Z"
    },
    {
      "center_id": "f350b731-2da6-4e3d-9a9d-5fa3c8c985ab",
      "center_name": "Djerba Beach Safety Center",
      "recorded_at": "2025-07-19T03:19:08.760Z"
    },
    {
      "center_id": "2c140dc1-5fac-4efe-80e3-2ad63dea6b8f",
      "center_name": "maamoura",
      "recorded_at": "2025-07-19T03:19:08.562Z"
    },
    {
      "center_id": "a1f85c07-8c14-4616-8199-a1c9c46d9b48",
      "center_name": "Tabarka Beach Safety Center",
      "recorded_at": "2025-07-19T03:19:08.530Z"
    },
    {
      "center_id": "a42d64f5-73d9-41cb-97c7-c020fd1fe520",
      "center_name": "Sousse Beach Safety Center",
      "recorded_at": "2025-07-19T03:19:08.475Z"
    },
    {
      "center_id": "efe6b507-ecd3-4eac-bd21-82cbe1125cc0",
      "center_name": "Hammamet Beach Safety Center",
      "recorded_at": "2025-07-19T03:19:08.455Z"
    },
    {
      "center_id": "f350b731-2da6-4e3d-9a9d-5fa3c8c985ab",
      "center_name": "Djerba Beach Safety Center",
      "recorded_at": "2025-07-19T03:16:16.215Z"
    },
    {
      "center_id": "6091fcc3-3b14-430e-8d28-0907aa1db98d",
      "center_name": "Takelsa",
      "recorded_at": "2025-07-19T03:16:16.212Z"
    },
    {
      "center_id": "6c847017-e5ab-4e48-b987-328d742f7562",
      "center_name": "Sounine",
      "recorded_at": "2025-07-19T03:16:16.159Z"
    },
    {
      "center_id": "5897994c-3d0f-4bcf-9624-3103ddffdcf4",
      "center_name": "Monastir Beach Safety Center",
      "recorded_at": "2025-07-19T03:16:16.141Z"
    },
    {
      "center_id": "a42d64f5-73d9-41cb-97c7-c020fd1fe520",
      "center_name": "Sousse Beach Safety Center",
      "recorded_at": "2025-07-19T03:16:16.100Z"
    },
    {
      "center_id": "a1f85c07-8c14-4616-8199-a1c9c46d9b48",
      "center_name": "Tabarka Beach Safety Center",
      "recorded_at": "2025-07-19T03:16:16.084Z"
    },
    {
      "center_id": "efe6b507-ecd3-4eac-bd21-82cbe1125cc0",
      "center_name": "Hammamet Beach Safety Center",
      "recorded_at": "2025-07-19T03:16:16.044Z"
    },
    {
      "center_id": "2c140dc1-5fac-4efe-80e3-2ad63dea6b8f",
      "center_name": "maamoura",
      "recorded_at": "2025-07-19T03:16:16.042Z"
    },
    {
      "center_id": "a1f85c07-8c14-4616-8199-a1c9c46d9b48",
      "center_name": "Tabarka Beach Safety Center",
      "recorded_at": "2025-07-19T03:12:30.154Z"
    },
    {
      "center_id": "5897994c-3d0f-4bcf-9624-3103ddffdcf4",
      "center_name": "Monastir Beach Safety Center",
      "recorded_at": "2025-07-19T03:12:30.151Z"
    },
    {
      "center_id": "f350b731-2da6-4e3d-9a9d-5fa3c8c985ab",
      "center_name": "Djerba Beach Safety Center",
      "recorded_at": "2025-07-19T03:12:30.100Z"
    },
    {
      "center_id": "6c847017-e5ab-4e48-b987-328d742f7562",
      "center_name": "Sounine",
      "recorded_at": "2025-07-19T03:12:30.098Z"
    },
    {
      "center_id": "6091fcc3-3b14-430e-8d28-0907aa1db98d",
      "center_name": "Takelsa",
      "recorded_at": "2025-07-19T03:12:29.946Z"
    },
    {
      "center_id": "2c140dc1-5fac-4efe-80e3-2ad63dea6b8f",
      "center_name": "maamoura",
      "recorded_at": "2025-07-19T03:12:29.943Z"
    },
    {
      "center_id": "efe6b507-ecd3-4eac-bd21-82cbe1125cc0",
      "center_name": "Hammamet Beach Safety Center",
      "recorded_at": "2025-07-19T03:12:29.889Z"
    },
    {
      "center_id": "a42d64f5-73d9-41cb-97c7-c020fd1fe520",
      "center_name": "Sousse Beach Safety Center",
      "recorded_at": "2025-07-19T03:12:29.876Z"
    },
    {
      "center_id": "6c847017-e5ab-4e48-b987-328d742f7562",
      "center_name": "Sounine",
      "recorded_at": "2025-07-19T03:02:44.056Z"
    },
    {
      "center_id": "6091fcc3-3b14-430e-8d28-0907aa1db98d",
      "center_name": "Takelsa",
      "recorded_at": "2025-07-19T03:02:43.879Z"
    },
    {
      "center_id": "5897994c-3d0f-4bcf-9624-3103ddffdcf4",
      "center_name": "Monastir Beach Safety Center",
      "recorded_at": "2025-07-19T03:02:43.821Z"
    },
    {
      "center_id": "f350b731-2da6-4e3d-9a9d-5fa3c8c985ab",
      "center_name": "Djerba Beach Safety Center",
      "recorded_at": "2025-07-19T03:02:43.819Z"
    },
    {
      "center_id": "a42d64f5-73d9-41cb-97c7-c020fd1fe520",
      "center_name": "Sousse Beach Safety Center",
      "recorded_at": "2025-07-19T03:02:43.771Z"
    },
    {
      "center_id": "2c140dc1-5fac-4efe-80e3-2ad63dea6b8f",
      "center_name": "maamoura",
      "recorded_at": "2025-07-19T03:02:43.751Z"
    },
    {
      "center_id": "efe6b507-ecd3-4eac-bd21-82cbe1125cc0",
      "center_name": "Hammamet Beach Safety Center",
      "recorded_at": "2025-07-19T03:02:43.715Z"
    },
    {
      "center_id": "a1f85c07-8c14-4616-8199-a1c9c46d9b48",
      "center_name": "Tabarka Beach Safety Center",
      "recorded_at": "2025-07-19T03:02:43.706Z"
    },
    {
      "center_id": "f350b731-2da6-4e3d-9a9d-5fa3c8c985ab",
      "center_name": "Djerba Beach Safety Center",
      "recorded_at": "2025-07-19T02:59:57.105Z"
    },
    {
      "center_id": "a1f85c07-8c14-4616-8199-a1c9c46d9b48",
      "center_name": "Tabarka Beach Safety Center",
      "recorded_at": "2025-07-19T02:59:57.103Z"
    },
    {
      "center_id": "5897994c-3d0f-4bcf-9624-3103ddffdcf4",
      "center_name": "Monastir Beach Safety Center",
      "recorded_at": "2025-07-19T02:59:57.041Z"
    },
    {
      "center_id": "6c847017-e5ab-4e48-b987-328d742f7562",
      "center_name": "Sounine",
      "recorded_at": "2025-07-19T02:59:57.033Z"
    },
    {
      "center_id": "a42d64f5-73d9-41cb-97c7-c020fd1fe520",
      "center_name": "Sousse Beach Safety Center",
      "recorded_at": "2025-07-19T02:59:57.003Z"
    },
    {
      "center_id": "6091fcc3-3b14-430e-8d28-0907aa1db98d",
      "center_name": "Takelsa",
      "recorded_at": "2025-07-19T02:59:57.001Z"
    },
    {
      "center_id": "efe6b507-ecd3-4eac-bd21-82cbe1125cc0",
      "center_name": "Hammamet Beach Safety Center",
      "recorded_at": "2025-07-19T02:59:56.932Z"
    },
    {
      "center_id": "2c140dc1-5fac-4efe-80e3-2ad63dea6b8f",
      "center_name": "maamoura",
      "recorded_at": "2025-07-19T02:59:56.927Z"
    },
    {
      "center_id": "6091fcc3-3b14-430e-8d28-0907aa1db98d",
      "center_name": "Takelsa",
      "recorded_at": "2025-07-19T02:54:39.120Z"
    },
    {
      "center_id": "f350b731-2da6-4e3d-9a9d-5fa3c8c985ab",
      "center_name": "Djerba Beach Safety Center",
      "recorded_at": "2025-07-19T02:54:38.954Z"
    },
    {
      "center_id": "2c140dc1-5fac-4efe-80e3-2ad63dea6b8f",
      "center_name": "maamoura",
      "recorded_at": "2025-07-19T02:54:38.914Z"
    },
    {
      "center_id": "6c847017-e5ab-4e48-b987-328d742f7562",
      "center_name": "Sounine",
      "recorded_at": "2025-07-19T02:54:38.883Z"
    },
    {
      "center_id": "efe6b507-ecd3-4eac-bd21-82cbe1125cc0",
      "center_name": "Hammamet Beach Safety Center",
      "recorded_at": "2025-07-19T02:54:38.820Z"
    },
    {
      "center_id": "a42d64f5-73d9-41cb-97c7-c020fd1fe520",
      "center_name": "Sousse Beach Safety Center",
      "recorded_at": "2025-07-19T02:54:38.817Z"
    },
    {
      "center_id": "5897994c-3d0f-4bcf-9624-3103ddffdcf4",
      "center_name": "Monastir Beach Safety Center",
      "recorded_at": "2025-07-19T02:54:38.810Z"
    },
    {
      "center_id": "a1f85c07-8c14-4616-8199-a1c9c46d9b48",
      "center_name": "Tabarka Beach Safety Center",
      "recorded_at": "2025-07-19T02:54:38.762Z"
    },
    {
      "center_id": "f350b731-2da6-4e3d-9a9d-5fa3c8c985ab",
      "center_name": "Djerba Beach Safety Center",
      "recorded_at": "2025-07-19T02:52:29.828Z"
    },
    {
      "center_id": "6091fcc3-3b14-430e-8d28-0907aa1db98d",
      "center_name": "Takelsa",
      "recorded_at": "2025-07-19T02:52:29.649Z"
    },
    {
      "center_id": "6091fcc3-3b14-430e-8d28-0907aa1db98d",
      "center_name": "Takelsa",
      "recorded_at": "2025-07-19T02:52:29.647Z"
    },
    {
      "center_id": "a1f85c07-8c14-4616-8199-a1c9c46d9b48",
      "center_name": "Tabarka Beach Safety Center",
      "recorded_at": "2025-07-19T02:52:29.611Z"
    },
    {
      "center_id": "5897994c-3d0f-4bcf-9624-3103ddffdcf4",
      "center_name": "Monastir Beach Safety Center",
      "recorded_at": "2025-07-19T02:52:29.546Z"
    },
    {
      "center_id": "6c847017-e5ab-4e48-b987-328d742f7562",
      "center_name": "Sounine",
      "recorded_at": "2025-07-19T02:52:29.543Z"
    },
    {
      "center_id": "2c140dc1-5fac-4efe-80e3-2ad63dea6b8f",
      "center_name": "maamoura",
      "recorded_at": "2025-07-19T02:52:29.519Z"
    },
    {
      "center_id": "6c847017-e5ab-4e48-b987-328d742f7562",
      "center_name": "Sounine",
      "recorded_at": "2025-07-19T02:52:29.468Z"
    },
    {
      "center_id": "f350b731-2da6-4e3d-9a9d-5fa3c8c985ab",
      "center_name": "Djerba Beach Safety Center",
      "recorded_at": "2025-07-19T02:52:29.467Z"
    },
    {
      "center_id": "5897994c-3d0f-4bcf-9624-3103ddffdcf4",
      "center_name": "Monastir Beach Safety Center",
      "recorded_at": "2025-07-19T02:52:29.303Z"
    },
    {
      "center_id": "a1f85c07-8c14-4616-8199-a1c9c46d9b48",
      "center_name": "Tabarka Beach Safety Center",
      "recorded_at": "2025-07-19T02:52:29.250Z"
    },
    {
      "center_id": "2c140dc1-5fac-4efe-80e3-2ad63dea6b8f",
      "center_name": "maamoura",
      "recorded_at": "2025-07-19T02:52:29.247Z"
    },
    {
      "center_id": "a42d64f5-73d9-41cb-97c7-c020fd1fe520",
      "center_name": "Sousse Beach Safety Center",
      "recorded_at": "2025-07-19T02:52:29.177Z"
    },
    {
      "center_id": "efe6b507-ecd3-4eac-bd21-82cbe1125cc0",
      "center_name": "Hammamet Beach Safety Center",
      "recorded_at": "2025-07-19T02:52:29.175Z"
    },
    {
      "center_id": "efe6b507-ecd3-4eac-bd21-82cbe1125cc0",
      "center_name": "Hammamet Beach Safety Center",
      "recorded_at": "2025-07-19T02:52:29.135Z"
    },
    {
      "center_id": "a42d64f5-73d9-41cb-97c7-c020fd1fe520",
      "center_name": "Sousse Beach Safety Center",
      "recorded_at": "2025-07-19T02:52:29.128Z"
    },
    {
      "center_id": "efe6b507-ecd3-4eac-bd21-82cbe1125cc0",
      "center_name": "Hammamet Beach Safety Center",
      "recorded_at": "2025-07-19T02:40:55.906Z"
    },
    {
      "center_id": "efe6b507-ecd3-4eac-bd21-82cbe1125cc0",
      "center_name": "Hammamet Beach Safety Center",
      "recorded_at": "2025-07-19T02:40:55.902Z"
    },
    {
      "center_id": "efe6b507-ecd3-4eac-bd21-82cbe1125cc0",
      "center_name": "Hammamet Beach Safety Center",
      "recorded_at": "2025-07-19T02:40:19.892Z"
    },
    {
      "center_id": "efe6b507-ecd3-4eac-bd21-82cbe1125cc0",
      "center_name": "Hammamet Beach Safety Center",
      "recorded_at": "2025-07-19T02:40:19.891Z"
    },
    {
      "center_id": "efe6b507-ecd3-4eac-bd21-82cbe1125cc0",
      "center_name": "Hammamet Beach Safety Center",
      "recorded_at": "2025-07-19T02:40:19.259Z"
    },
    {
      "center_id": "efe6b507-ecd3-4eac-bd21-82cbe1125cc0",
      "center_name": "Hammamet Beach Safety Center",
      "recorded_at": "2025-07-19T02:40:19.255Z"
    },
    {
      "center_id": "efe6b507-ecd3-4eac-bd21-82cbe1125cc0",
      "center_name": "Hammamet Beach Safety Center",
      "recorded_at": "2025-07-19T02:40:18.938Z"
    },
    {
      "center_id": "efe6b507-ecd3-4eac-bd21-82cbe1125cc0",
      "center_name": "Hammamet Beach Safety Center",
      "recorded_at": "2025-07-19T02:40:18.937Z"
    },
    {
      "center_id": "efe6b507-ecd3-4eac-bd21-82cbe1125cc0",
      "center_name": "Hammamet Beach Safety Center",
      "recorded_at": "2025-07-19T02:39:47.668Z"
    },
    {
      "center_id": "efe6b507-ecd3-4eac-bd21-82cbe1125cc0",
      "center_name": "Hammamet Beach Safety Center",
      "recorded_at": "2025-07-19T02:39:47.664Z"
    },
    {
      "center_id": "efe6b507-ecd3-4eac-bd21-82cbe1125cc0",
      "center_name": "Hammamet Beach Safety Center",
      "recorded_at": "2025-07-19T02:39:47.449Z"
    },
    {
      "center_id": "efe6b507-ecd3-4eac-bd21-82cbe1125cc0",
      "center_name": "Hammamet Beach Safety Center",
      "recorded_at": "2025-07-19T02:39:47.448Z"
    },
    {
      "center_id": "efe6b507-ecd3-4eac-bd21-82cbe1125cc0",
      "center_name": "Hammamet Beach Safety Center",
      "recorded_at": "2025-07-19T02:39:47.287Z"
    },
    {
      "center_id": "efe6b507-ecd3-4eac-bd21-82cbe1125cc0",
      "center_name": "Hammamet Beach Safety Center",
      "recorded_at": "2025-07-19T02:39:47.284Z"
    },
    {
      "center_id": "5897994c-3d0f-4bcf-9624-3103ddffdcf4",
      "center_name": "Monastir Beach Safety Center",
      "recorded_at": "2025-07-19T02:37:29.258Z"
    },
    {
      "center_id": "6091fcc3-3b14-430e-8d28-0907aa1db98d",
      "center_name": "Takelsa",
      "recorded_at": "2025-07-19T02:37:29.226Z"
    },
    {
      "center_id": "a1f85c07-8c14-4616-8199-a1c9c46d9b48",
      "center_name": "Tabarka Beach Safety Center",
      "recorded_at": "2025-07-19T02:37:29.154Z"
    },
    {
      "center_id": "6c847017-e5ab-4e48-b987-328d742f7562",
      "center_name": "Sounine",
      "recorded_at": "2025-07-19T02:37:29.152Z"
    },
    {
      "center_id": "f350b731-2da6-4e3d-9a9d-5fa3c8c985ab",
      "center_name": "Djerba Beach Safety Center",
      "recorded_at": "2025-07-19T02:37:29.092Z"
    },
    {
      "center_id": "2c140dc1-5fac-4efe-80e3-2ad63dea6b8f",
      "center_name": "maamoura",
      "recorded_at": "2025-07-19T02:37:29.073Z"
    },
    {
      "center_id": "efe6b507-ecd3-4eac-bd21-82cbe1125cc0",
      "center_name": "Hammamet Beach Safety Center",
      "recorded_at": "2025-07-19T02:37:29.051Z"
    },
    {
      "center_id": "a42d64f5-73d9-41cb-97c7-c020fd1fe520",
      "center_name": "Sousse Beach Safety Center",
      "recorded_at": "2025-07-19T02:37:29.032Z"
    }
  ]
}
2025-07-19 04:19:23 [[32minfo[39m]: ::ffff:127.0.0.1 - - [19/Jul/2025:03:19:23 +0000] "GET /api/v1/public/weather/current HTTP/1.1" 200 55149 "http://localhost:3000/" "Mozilla/5.0 (X11; Ubuntu; Linux x86_64; rv:136.0) Gecko/20100101 Firefox/136.0" {
  "service": "beach-safety-api"
}
2025-07-19 04:19:23 [[32minfo[39m]: ::ffff:127.0.0.1 - - [19/Jul/2025:03:19:23 +0000] "GET /api/v1/safety-zones/public HTTP/1.1" 200 6367 "http://localhost:3000/" "Mozilla/5.0 (X11; Ubuntu; Linux x86_64; rv:136.0) Gecko/20100101 Firefox/136.0" {
  "service": "beach-safety-api"
}
2025-07-19 04:19:23 [[32minfo[39m]: ::ffff:127.0.0.1 - - [19/Jul/2025:03:19:23 +0000] "GET /api/v1/public/centers HTTP/1.1" 200 4275 "http://localhost:3000/" "Mozilla/5.0 (X11; Ubuntu; Linux x86_64; rv:136.0) Gecko/20100101 Firefox/136.0" {
  "service": "beach-safety-api"
}
2025-07-19 04:19:23 [[32minfo[39m]: ::ffff:127.0.0.1 - - [19/Jul/2025:03:19:23 +0000] "GET /api/v1/public/centers HTTP/1.1" 200 4275 "http://localhost:3000/" "Mozilla/5.0 (X11; Ubuntu; Linux x86_64; rv:136.0) Gecko/20100101 Firefox/136.0" {
  "service": "beach-safety-api"
}
2025-07-19 04:19:23 [[32minfo[39m]: ::ffff:127.0.0.1 - - [19/Jul/2025:03:19:23 +0000] "GET /api/v1/public/lifeguards/counts HTTP/1.1" 200 954 "http://localhost:3000/" "Mozilla/5.0 (X11; Ubuntu; Linux x86_64; rv:136.0) Gecko/20100101 Firefox/136.0" {
  "service": "beach-safety-api"
}
2025-07-19 04:19:23 [[32minfo[39m]: ::ffff:127.0.0.1 - - [19/Jul/2025:03:19:23 +0000] "GET /api/v1/public/safety/flags HTTP/1.1" 200 1795 "http://localhost:3000/" "Mozilla/5.0 (X11; Ubuntu; Linux x86_64; rv:136.0) Gecko/20100101 Firefox/136.0" {
  "service": "beach-safety-api"
}
2025-07-19 04:19:23 [[32minfo[39m]: Public weather query result: {
  "service": "beach-safety-api",
  "totalRows": 86,
  "centers": [
    {
      "center_id": "6091fcc3-3b14-430e-8d28-0907aa1db98d",
      "center_name": "Takelsa",
      "recorded_at": "2025-07-19T03:19:09.489Z"
    },
    {
      "center_id": "5897994c-3d0f-4bcf-9624-3103ddffdcf4",
      "center_name": "Monastir Beach Safety Center",
      "recorded_at": "2025-07-19T03:19:08.858Z"
    },
    {
      "center_id": "6c847017-e5ab-4e48-b987-328d742f7562",
      "center_name": "Sounine",
      "recorded_at": "2025-07-19T03:19:08.762Z"
    },
    {
      "center_id": "f350b731-2da6-4e3d-9a9d-5fa3c8c985ab",
      "center_name": "Djerba Beach Safety Center",
      "recorded_at": "2025-07-19T03:19:08.760Z"
    },
    {
      "center_id": "2c140dc1-5fac-4efe-80e3-2ad63dea6b8f",
      "center_name": "maamoura",
      "recorded_at": "2025-07-19T03:19:08.562Z"
    },
    {
      "center_id": "a1f85c07-8c14-4616-8199-a1c9c46d9b48",
      "center_name": "Tabarka Beach Safety Center",
      "recorded_at": "2025-07-19T03:19:08.530Z"
    },
    {
      "center_id": "a42d64f5-73d9-41cb-97c7-c020fd1fe520",
      "center_name": "Sousse Beach Safety Center",
      "recorded_at": "2025-07-19T03:19:08.475Z"
    },
    {
      "center_id": "efe6b507-ecd3-4eac-bd21-82cbe1125cc0",
      "center_name": "Hammamet Beach Safety Center",
      "recorded_at": "2025-07-19T03:19:08.455Z"
    },
    {
      "center_id": "f350b731-2da6-4e3d-9a9d-5fa3c8c985ab",
      "center_name": "Djerba Beach Safety Center",
      "recorded_at": "2025-07-19T03:16:16.215Z"
    },
    {
      "center_id": "6091fcc3-3b14-430e-8d28-0907aa1db98d",
      "center_name": "Takelsa",
      "recorded_at": "2025-07-19T03:16:16.212Z"
    },
    {
      "center_id": "6c847017-e5ab-4e48-b987-328d742f7562",
      "center_name": "Sounine",
      "recorded_at": "2025-07-19T03:16:16.159Z"
    },
    {
      "center_id": "5897994c-3d0f-4bcf-9624-3103ddffdcf4",
      "center_name": "Monastir Beach Safety Center",
      "recorded_at": "2025-07-19T03:16:16.141Z"
    },
    {
      "center_id": "a42d64f5-73d9-41cb-97c7-c020fd1fe520",
      "center_name": "Sousse Beach Safety Center",
      "recorded_at": "2025-07-19T03:16:16.100Z"
    },
    {
      "center_id": "a1f85c07-8c14-4616-8199-a1c9c46d9b48",
      "center_name": "Tabarka Beach Safety Center",
      "recorded_at": "2025-07-19T03:16:16.084Z"
    },
    {
      "center_id": "efe6b507-ecd3-4eac-bd21-82cbe1125cc0",
      "center_name": "Hammamet Beach Safety Center",
      "recorded_at": "2025-07-19T03:16:16.044Z"
    },
    {
      "center_id": "2c140dc1-5fac-4efe-80e3-2ad63dea6b8f",
      "center_name": "maamoura",
      "recorded_at": "2025-07-19T03:16:16.042Z"
    },
    {
      "center_id": "a1f85c07-8c14-4616-8199-a1c9c46d9b48",
      "center_name": "Tabarka Beach Safety Center",
      "recorded_at": "2025-07-19T03:12:30.154Z"
    },
    {
      "center_id": "5897994c-3d0f-4bcf-9624-3103ddffdcf4",
      "center_name": "Monastir Beach Safety Center",
      "recorded_at": "2025-07-19T03:12:30.151Z"
    },
    {
      "center_id": "f350b731-2da6-4e3d-9a9d-5fa3c8c985ab",
      "center_name": "Djerba Beach Safety Center",
      "recorded_at": "2025-07-19T03:12:30.100Z"
    },
    {
      "center_id": "6c847017-e5ab-4e48-b987-328d742f7562",
      "center_name": "Sounine",
      "recorded_at": "2025-07-19T03:12:30.098Z"
    },
    {
      "center_id": "6091fcc3-3b14-430e-8d28-0907aa1db98d",
      "center_name": "Takelsa",
      "recorded_at": "2025-07-19T03:12:29.946Z"
    },
    {
      "center_id": "2c140dc1-5fac-4efe-80e3-2ad63dea6b8f",
      "center_name": "maamoura",
      "recorded_at": "2025-07-19T03:12:29.943Z"
    },
    {
      "center_id": "efe6b507-ecd3-4eac-bd21-82cbe1125cc0",
      "center_name": "Hammamet Beach Safety Center",
      "recorded_at": "2025-07-19T03:12:29.889Z"
    },
    {
      "center_id": "a42d64f5-73d9-41cb-97c7-c020fd1fe520",
      "center_name": "Sousse Beach Safety Center",
      "recorded_at": "2025-07-19T03:12:29.876Z"
    },
    {
      "center_id": "6c847017-e5ab-4e48-b987-328d742f7562",
      "center_name": "Sounine",
      "recorded_at": "2025-07-19T03:02:44.056Z"
    },
    {
      "center_id": "6091fcc3-3b14-430e-8d28-0907aa1db98d",
      "center_name": "Takelsa",
      "recorded_at": "2025-07-19T03:02:43.879Z"
    },
    {
      "center_id": "5897994c-3d0f-4bcf-9624-3103ddffdcf4",
      "center_name": "Monastir Beach Safety Center",
      "recorded_at": "2025-07-19T03:02:43.821Z"
    },
    {
      "center_id": "f350b731-2da6-4e3d-9a9d-5fa3c8c985ab",
      "center_name": "Djerba Beach Safety Center",
      "recorded_at": "2025-07-19T03:02:43.819Z"
    },
    {
      "center_id": "a42d64f5-73d9-41cb-97c7-c020fd1fe520",
      "center_name": "Sousse Beach Safety Center",
      "recorded_at": "2025-07-19T03:02:43.771Z"
    },
    {
      "center_id": "2c140dc1-5fac-4efe-80e3-2ad63dea6b8f",
      "center_name": "maamoura",
      "recorded_at": "2025-07-19T03:02:43.751Z"
    },
    {
      "center_id": "efe6b507-ecd3-4eac-bd21-82cbe1125cc0",
      "center_name": "Hammamet Beach Safety Center",
      "recorded_at": "2025-07-19T03:02:43.715Z"
    },
    {
      "center_id": "a1f85c07-8c14-4616-8199-a1c9c46d9b48",
      "center_name": "Tabarka Beach Safety Center",
      "recorded_at": "2025-07-19T03:02:43.706Z"
    },
    {
      "center_id": "f350b731-2da6-4e3d-9a9d-5fa3c8c985ab",
      "center_name": "Djerba Beach Safety Center",
      "recorded_at": "2025-07-19T02:59:57.105Z"
    },
    {
      "center_id": "a1f85c07-8c14-4616-8199-a1c9c46d9b48",
      "center_name": "Tabarka Beach Safety Center",
      "recorded_at": "2025-07-19T02:59:57.103Z"
    },
    {
      "center_id": "5897994c-3d0f-4bcf-9624-3103ddffdcf4",
      "center_name": "Monastir Beach Safety Center",
      "recorded_at": "2025-07-19T02:59:57.041Z"
    },
    {
      "center_id": "6c847017-e5ab-4e48-b987-328d742f7562",
      "center_name": "Sounine",
      "recorded_at": "2025-07-19T02:59:57.033Z"
    },
    {
      "center_id": "a42d64f5-73d9-41cb-97c7-c020fd1fe520",
      "center_name": "Sousse Beach Safety Center",
      "recorded_at": "2025-07-19T02:59:57.003Z"
    },
    {
      "center_id": "6091fcc3-3b14-430e-8d28-0907aa1db98d",
      "center_name": "Takelsa",
      "recorded_at": "2025-07-19T02:59:57.001Z"
    },
    {
      "center_id": "efe6b507-ecd3-4eac-bd21-82cbe1125cc0",
      "center_name": "Hammamet Beach Safety Center",
      "recorded_at": "2025-07-19T02:59:56.932Z"
    },
    {
      "center_id": "2c140dc1-5fac-4efe-80e3-2ad63dea6b8f",
      "center_name": "maamoura",
      "recorded_at": "2025-07-19T02:59:56.927Z"
    },
    {
      "center_id": "6091fcc3-3b14-430e-8d28-0907aa1db98d",
      "center_name": "Takelsa",
      "recorded_at": "2025-07-19T02:54:39.120Z"
    },
    {
      "center_id": "f350b731-2da6-4e3d-9a9d-5fa3c8c985ab",
      "center_name": "Djerba Beach Safety Center",
      "recorded_at": "2025-07-19T02:54:38.954Z"
    },
    {
      "center_id": "2c140dc1-5fac-4efe-80e3-2ad63dea6b8f",
      "center_name": "maamoura",
      "recorded_at": "2025-07-19T02:54:38.914Z"
    },
    {
      "center_id": "6c847017-e5ab-4e48-b987-328d742f7562",
      "center_name": "Sounine",
      "recorded_at": "2025-07-19T02:54:38.883Z"
    },
    {
      "center_id": "efe6b507-ecd3-4eac-bd21-82cbe1125cc0",
      "center_name": "Hammamet Beach Safety Center",
      "recorded_at": "2025-07-19T02:54:38.820Z"
    },
    {
      "center_id": "a42d64f5-73d9-41cb-97c7-c020fd1fe520",
      "center_name": "Sousse Beach Safety Center",
      "recorded_at": "2025-07-19T02:54:38.817Z"
    },
    {
      "center_id": "5897994c-3d0f-4bcf-9624-3103ddffdcf4",
      "center_name": "Monastir Beach Safety Center",
      "recorded_at": "2025-07-19T02:54:38.810Z"
    },
    {
      "center_id": "a1f85c07-8c14-4616-8199-a1c9c46d9b48",
      "center_name": "Tabarka Beach Safety Center",
      "recorded_at": "2025-07-19T02:54:38.762Z"
    },
    {
      "center_id": "f350b731-2da6-4e3d-9a9d-5fa3c8c985ab",
      "center_name": "Djerba Beach Safety Center",
      "recorded_at": "2025-07-19T02:52:29.828Z"
    },
    {
      "center_id": "6091fcc3-3b14-430e-8d28-0907aa1db98d",
      "center_name": "Takelsa",
      "recorded_at": "2025-07-19T02:52:29.649Z"
    },
    {
      "center_id": "6091fcc3-3b14-430e-8d28-0907aa1db98d",
      "center_name": "Takelsa",
      "recorded_at": "2025-07-19T02:52:29.647Z"
    },
    {
      "center_id": "a1f85c07-8c14-4616-8199-a1c9c46d9b48",
      "center_name": "Tabarka Beach Safety Center",
      "recorded_at": "2025-07-19T02:52:29.611Z"
    },
    {
      "center_id": "5897994c-3d0f-4bcf-9624-3103ddffdcf4",
      "center_name": "Monastir Beach Safety Center",
      "recorded_at": "2025-07-19T02:52:29.546Z"
    },
    {
      "center_id": "6c847017-e5ab-4e48-b987-328d742f7562",
      "center_name": "Sounine",
      "recorded_at": "2025-07-19T02:52:29.543Z"
    },
    {
      "center_id": "2c140dc1-5fac-4efe-80e3-2ad63dea6b8f",
      "center_name": "maamoura",
      "recorded_at": "2025-07-19T02:52:29.519Z"
    },
    {
      "center_id": "6c847017-e5ab-4e48-b987-328d742f7562",
      "center_name": "Sounine",
      "recorded_at": "2025-07-19T02:52:29.468Z"
    },
    {
      "center_id": "f350b731-2da6-4e3d-9a9d-5fa3c8c985ab",
      "center_name": "Djerba Beach Safety Center",
      "recorded_at": "2025-07-19T02:52:29.467Z"
    },
    {
      "center_id": "5897994c-3d0f-4bcf-9624-3103ddffdcf4",
      "center_name": "Monastir Beach Safety Center",
      "recorded_at": "2025-07-19T02:52:29.303Z"
    },
    {
      "center_id": "a1f85c07-8c14-4616-8199-a1c9c46d9b48",
      "center_name": "Tabarka Beach Safety Center",
      "recorded_at": "2025-07-19T02:52:29.250Z"
    },
    {
      "center_id": "2c140dc1-5fac-4efe-80e3-2ad63dea6b8f",
      "center_name": "maamoura",
      "recorded_at": "2025-07-19T02:52:29.247Z"
    },
    {
      "center_id": "a42d64f5-73d9-41cb-97c7-c020fd1fe520",
      "center_name": "Sousse Beach Safety Center",
      "recorded_at": "2025-07-19T02:52:29.177Z"
    },
    {
      "center_id": "efe6b507-ecd3-4eac-bd21-82cbe1125cc0",
      "center_name": "Hammamet Beach Safety Center",
      "recorded_at": "2025-07-19T02:52:29.175Z"
    },
    {
      "center_id": "efe6b507-ecd3-4eac-bd21-82cbe1125cc0",
      "center_name": "Hammamet Beach Safety Center",
      "recorded_at": "2025-07-19T02:52:29.135Z"
    },
    {
      "center_id": "a42d64f5-73d9-41cb-97c7-c020fd1fe520",
      "center_name": "Sousse Beach Safety Center",
      "recorded_at": "2025-07-19T02:52:29.128Z"
    },
    {
      "center_id": "efe6b507-ecd3-4eac-bd21-82cbe1125cc0",
      "center_name": "Hammamet Beach Safety Center",
      "recorded_at": "2025-07-19T02:40:55.906Z"
    },
    {
      "center_id": "efe6b507-ecd3-4eac-bd21-82cbe1125cc0",
      "center_name": "Hammamet Beach Safety Center",
      "recorded_at": "2025-07-19T02:40:55.902Z"
    },
    {
      "center_id": "efe6b507-ecd3-4eac-bd21-82cbe1125cc0",
      "center_name": "Hammamet Beach Safety Center",
      "recorded_at": "2025-07-19T02:40:19.892Z"
    },
    {
      "center_id": "efe6b507-ecd3-4eac-bd21-82cbe1125cc0",
      "center_name": "Hammamet Beach Safety Center",
      "recorded_at": "2025-07-19T02:40:19.891Z"
    },
    {
      "center_id": "efe6b507-ecd3-4eac-bd21-82cbe1125cc0",
      "center_name": "Hammamet Beach Safety Center",
      "recorded_at": "2025-07-19T02:40:19.259Z"
    },
    {
      "center_id": "efe6b507-ecd3-4eac-bd21-82cbe1125cc0",
      "center_name": "Hammamet Beach Safety Center",
      "recorded_at": "2025-07-19T02:40:19.255Z"
    },
    {
      "center_id": "efe6b507-ecd3-4eac-bd21-82cbe1125cc0",
      "center_name": "Hammamet Beach Safety Center",
      "recorded_at": "2025-07-19T02:40:18.938Z"
    },
    {
      "center_id": "efe6b507-ecd3-4eac-bd21-82cbe1125cc0",
      "center_name": "Hammamet Beach Safety Center",
      "recorded_at": "2025-07-19T02:40:18.937Z"
    },
    {
      "center_id": "efe6b507-ecd3-4eac-bd21-82cbe1125cc0",
      "center_name": "Hammamet Beach Safety Center",
      "recorded_at": "2025-07-19T02:39:47.668Z"
    },
    {
      "center_id": "efe6b507-ecd3-4eac-bd21-82cbe1125cc0",
      "center_name": "Hammamet Beach Safety Center",
      "recorded_at": "2025-07-19T02:39:47.664Z"
    },
    {
      "center_id": "efe6b507-ecd3-4eac-bd21-82cbe1125cc0",
      "center_name": "Hammamet Beach Safety Center",
      "recorded_at": "2025-07-19T02:39:47.449Z"
    },
    {
      "center_id": "efe6b507-ecd3-4eac-bd21-82cbe1125cc0",
      "center_name": "Hammamet Beach Safety Center",
      "recorded_at": "2025-07-19T02:39:47.448Z"
    },
    {
      "center_id": "efe6b507-ecd3-4eac-bd21-82cbe1125cc0",
      "center_name": "Hammamet Beach Safety Center",
      "recorded_at": "2025-07-19T02:39:47.287Z"
    },
    {
      "center_id": "efe6b507-ecd3-4eac-bd21-82cbe1125cc0",
      "center_name": "Hammamet Beach Safety Center",
      "recorded_at": "2025-07-19T02:39:47.284Z"
    },
    {
      "center_id": "5897994c-3d0f-4bcf-9624-3103ddffdcf4",
      "center_name": "Monastir Beach Safety Center",
      "recorded_at": "2025-07-19T02:37:29.258Z"
    },
    {
      "center_id": "6091fcc3-3b14-430e-8d28-0907aa1db98d",
      "center_name": "Takelsa",
      "recorded_at": "2025-07-19T02:37:29.226Z"
    },
    {
      "center_id": "a1f85c07-8c14-4616-8199-a1c9c46d9b48",
      "center_name": "Tabarka Beach Safety Center",
      "recorded_at": "2025-07-19T02:37:29.154Z"
    },
    {
      "center_id": "6c847017-e5ab-4e48-b987-328d742f7562",
      "center_name": "Sounine",
      "recorded_at": "2025-07-19T02:37:29.152Z"
    },
    {
      "center_id": "f350b731-2da6-4e3d-9a9d-5fa3c8c985ab",
      "center_name": "Djerba Beach Safety Center",
      "recorded_at": "2025-07-19T02:37:29.092Z"
    },
    {
      "center_id": "2c140dc1-5fac-4efe-80e3-2ad63dea6b8f",
      "center_name": "maamoura",
      "recorded_at": "2025-07-19T02:37:29.073Z"
    },
    {
      "center_id": "efe6b507-ecd3-4eac-bd21-82cbe1125cc0",
      "center_name": "Hammamet Beach Safety Center",
      "recorded_at": "2025-07-19T02:37:29.051Z"
    },
    {
      "center_id": "a42d64f5-73d9-41cb-97c7-c020fd1fe520",
      "center_name": "Sousse Beach Safety Center",
      "recorded_at": "2025-07-19T02:37:29.032Z"
    }
  ]
}
2025-07-19 04:19:23 [[32minfo[39m]: ::ffff:127.0.0.1 - - [19/Jul/2025:03:19:23 +0000] "GET /api/v1/public/weather/current HTTP/1.1" 200 55149 "http://localhost:3000/" "Mozilla/5.0 (X11; Ubuntu; Linux x86_64; rv:136.0) Gecko/20100101 Firefox/136.0" {
  "service": "beach-safety-api"
}
2025-07-19 04:19:23 [[32minfo[39m]: ::ffff:127.0.0.1 - - [19/Jul/2025:03:19:23 +0000] "GET /api/v1/safety-zones/public HTTP/1.1" 200 6367 "http://localhost:3000/" "Mozilla/5.0 (X11; Ubuntu; Linux x86_64; rv:136.0) Gecko/20100101 Firefox/136.0" {
  "service": "beach-safety-api"
}
2025-07-19 04:19:23 [[32minfo[39m]: ::ffff:127.0.0.1 - - [19/Jul/2025:03:19:23 +0000] "GET /api/v1/public/lifeguards/counts HTTP/1.1" 200 954 "http://localhost:3000/" "Mozilla/5.0 (X11; Ubuntu; Linux x86_64; rv:136.0) Gecko/20100101 Firefox/136.0" {
  "service": "beach-safety-api"
}
2025-07-19 04:19:23 [[32minfo[39m]: ::ffff:127.0.0.1 - - [19/Jul/2025:03:19:23 +0000] "GET /api/v1/public/safety/flags HTTP/1.1" 200 1795 "http://localhost:3000/" "Mozilla/5.0 (X11; Ubuntu; Linux x86_64; rv:136.0) Gecko/20100101 Firefox/136.0" {
  "service": "beach-safety-api"
}
2025-07-19 04:19:49 [[32minfo[39m]: ::1 - - [19/Jul/2025:03:19:49 +0000] "GET /api/v1/public/centers HTTP/1.1" 200 4275 "http://localhost:3000/" "Mozilla/5.0 (X11; Linux x86_64) AppleWebKit/537.36 (KHTML, like Gecko) Chrome/138.0.0.0 Safari/537.36" {
  "service": "beach-safety-api"
}
2025-07-19 04:19:49 [[32minfo[39m]: Public weather query result: {
  "service": "beach-safety-api",
  "totalRows": 86,
  "centers": [
    {
      "center_id": "6091fcc3-3b14-430e-8d28-0907aa1db98d",
      "center_name": "Takelsa",
      "recorded_at": "2025-07-19T03:19:09.489Z"
    },
    {
      "center_id": "5897994c-3d0f-4bcf-9624-3103ddffdcf4",
      "center_name": "Monastir Beach Safety Center",
      "recorded_at": "2025-07-19T03:19:08.858Z"
    },
    {
      "center_id": "6c847017-e5ab-4e48-b987-328d742f7562",
      "center_name": "Sounine",
      "recorded_at": "2025-07-19T03:19:08.762Z"
    },
    {
      "center_id": "f350b731-2da6-4e3d-9a9d-5fa3c8c985ab",
      "center_name": "Djerba Beach Safety Center",
      "recorded_at": "2025-07-19T03:19:08.760Z"
    },
    {
      "center_id": "2c140dc1-5fac-4efe-80e3-2ad63dea6b8f",
      "center_name": "maamoura",
      "recorded_at": "2025-07-19T03:19:08.562Z"
    },
    {
      "center_id": "a1f85c07-8c14-4616-8199-a1c9c46d9b48",
      "center_name": "Tabarka Beach Safety Center",
      "recorded_at": "2025-07-19T03:19:08.530Z"
    },
    {
      "center_id": "a42d64f5-73d9-41cb-97c7-c020fd1fe520",
      "center_name": "Sousse Beach Safety Center",
      "recorded_at": "2025-07-19T03:19:08.475Z"
    },
    {
      "center_id": "efe6b507-ecd3-4eac-bd21-82cbe1125cc0",
      "center_name": "Hammamet Beach Safety Center",
      "recorded_at": "2025-07-19T03:19:08.455Z"
    },
    {
      "center_id": "f350b731-2da6-4e3d-9a9d-5fa3c8c985ab",
      "center_name": "Djerba Beach Safety Center",
      "recorded_at": "2025-07-19T03:16:16.215Z"
    },
    {
      "center_id": "6091fcc3-3b14-430e-8d28-0907aa1db98d",
      "center_name": "Takelsa",
      "recorded_at": "2025-07-19T03:16:16.212Z"
    },
    {
      "center_id": "6c847017-e5ab-4e48-b987-328d742f7562",
      "center_name": "Sounine",
      "recorded_at": "2025-07-19T03:16:16.159Z"
    },
    {
      "center_id": "5897994c-3d0f-4bcf-9624-3103ddffdcf4",
      "center_name": "Monastir Beach Safety Center",
      "recorded_at": "2025-07-19T03:16:16.141Z"
    },
    {
      "center_id": "a42d64f5-73d9-41cb-97c7-c020fd1fe520",
      "center_name": "Sousse Beach Safety Center",
      "recorded_at": "2025-07-19T03:16:16.100Z"
    },
    {
      "center_id": "a1f85c07-8c14-4616-8199-a1c9c46d9b48",
      "center_name": "Tabarka Beach Safety Center",
      "recorded_at": "2025-07-19T03:16:16.084Z"
    },
    {
      "center_id": "efe6b507-ecd3-4eac-bd21-82cbe1125cc0",
      "center_name": "Hammamet Beach Safety Center",
      "recorded_at": "2025-07-19T03:16:16.044Z"
    },
    {
      "center_id": "2c140dc1-5fac-4efe-80e3-2ad63dea6b8f",
      "center_name": "maamoura",
      "recorded_at": "2025-07-19T03:16:16.042Z"
    },
    {
      "center_id": "a1f85c07-8c14-4616-8199-a1c9c46d9b48",
      "center_name": "Tabarka Beach Safety Center",
      "recorded_at": "2025-07-19T03:12:30.154Z"
    },
    {
      "center_id": "5897994c-3d0f-4bcf-9624-3103ddffdcf4",
      "center_name": "Monastir Beach Safety Center",
      "recorded_at": "2025-07-19T03:12:30.151Z"
    },
    {
      "center_id": "f350b731-2da6-4e3d-9a9d-5fa3c8c985ab",
      "center_name": "Djerba Beach Safety Center",
      "recorded_at": "2025-07-19T03:12:30.100Z"
    },
    {
      "center_id": "6c847017-e5ab-4e48-b987-328d742f7562",
      "center_name": "Sounine",
      "recorded_at": "2025-07-19T03:12:30.098Z"
    },
    {
      "center_id": "6091fcc3-3b14-430e-8d28-0907aa1db98d",
      "center_name": "Takelsa",
      "recorded_at": "2025-07-19T03:12:29.946Z"
    },
    {
      "center_id": "2c140dc1-5fac-4efe-80e3-2ad63dea6b8f",
      "center_name": "maamoura",
      "recorded_at": "2025-07-19T03:12:29.943Z"
    },
    {
      "center_id": "efe6b507-ecd3-4eac-bd21-82cbe1125cc0",
      "center_name": "Hammamet Beach Safety Center",
      "recorded_at": "2025-07-19T03:12:29.889Z"
    },
    {
      "center_id": "a42d64f5-73d9-41cb-97c7-c020fd1fe520",
      "center_name": "Sousse Beach Safety Center",
      "recorded_at": "2025-07-19T03:12:29.876Z"
    },
    {
      "center_id": "6c847017-e5ab-4e48-b987-328d742f7562",
      "center_name": "Sounine",
      "recorded_at": "2025-07-19T03:02:44.056Z"
    },
    {
      "center_id": "6091fcc3-3b14-430e-8d28-0907aa1db98d",
      "center_name": "Takelsa",
      "recorded_at": "2025-07-19T03:02:43.879Z"
    },
    {
      "center_id": "5897994c-3d0f-4bcf-9624-3103ddffdcf4",
      "center_name": "Monastir Beach Safety Center",
      "recorded_at": "2025-07-19T03:02:43.821Z"
    },
    {
      "center_id": "f350b731-2da6-4e3d-9a9d-5fa3c8c985ab",
      "center_name": "Djerba Beach Safety Center",
      "recorded_at": "2025-07-19T03:02:43.819Z"
    },
    {
      "center_id": "a42d64f5-73d9-41cb-97c7-c020fd1fe520",
      "center_name": "Sousse Beach Safety Center",
      "recorded_at": "2025-07-19T03:02:43.771Z"
    },
    {
      "center_id": "2c140dc1-5fac-4efe-80e3-2ad63dea6b8f",
      "center_name": "maamoura",
      "recorded_at": "2025-07-19T03:02:43.751Z"
    },
    {
      "center_id": "efe6b507-ecd3-4eac-bd21-82cbe1125cc0",
      "center_name": "Hammamet Beach Safety Center",
      "recorded_at": "2025-07-19T03:02:43.715Z"
    },
    {
      "center_id": "a1f85c07-8c14-4616-8199-a1c9c46d9b48",
      "center_name": "Tabarka Beach Safety Center",
      "recorded_at": "2025-07-19T03:02:43.706Z"
    },
    {
      "center_id": "f350b731-2da6-4e3d-9a9d-5fa3c8c985ab",
      "center_name": "Djerba Beach Safety Center",
      "recorded_at": "2025-07-19T02:59:57.105Z"
    },
    {
      "center_id": "a1f85c07-8c14-4616-8199-a1c9c46d9b48",
      "center_name": "Tabarka Beach Safety Center",
      "recorded_at": "2025-07-19T02:59:57.103Z"
    },
    {
      "center_id": "5897994c-3d0f-4bcf-9624-3103ddffdcf4",
      "center_name": "Monastir Beach Safety Center",
      "recorded_at": "2025-07-19T02:59:57.041Z"
    },
    {
      "center_id": "6c847017-e5ab-4e48-b987-328d742f7562",
      "center_name": "Sounine",
      "recorded_at": "2025-07-19T02:59:57.033Z"
    },
    {
      "center_id": "a42d64f5-73d9-41cb-97c7-c020fd1fe520",
      "center_name": "Sousse Beach Safety Center",
      "recorded_at": "2025-07-19T02:59:57.003Z"
    },
    {
      "center_id": "6091fcc3-3b14-430e-8d28-0907aa1db98d",
      "center_name": "Takelsa",
      "recorded_at": "2025-07-19T02:59:57.001Z"
    },
    {
      "center_id": "efe6b507-ecd3-4eac-bd21-82cbe1125cc0",
      "center_name": "Hammamet Beach Safety Center",
      "recorded_at": "2025-07-19T02:59:56.932Z"
    },
    {
      "center_id": "2c140dc1-5fac-4efe-80e3-2ad63dea6b8f",
      "center_name": "maamoura",
      "recorded_at": "2025-07-19T02:59:56.927Z"
    },
    {
      "center_id": "6091fcc3-3b14-430e-8d28-0907aa1db98d",
      "center_name": "Takelsa",
      "recorded_at": "2025-07-19T02:54:39.120Z"
    },
    {
      "center_id": "f350b731-2da6-4e3d-9a9d-5fa3c8c985ab",
      "center_name": "Djerba Beach Safety Center",
      "recorded_at": "2025-07-19T02:54:38.954Z"
    },
    {
      "center_id": "2c140dc1-5fac-4efe-80e3-2ad63dea6b8f",
      "center_name": "maamoura",
      "recorded_at": "2025-07-19T02:54:38.914Z"
    },
    {
      "center_id": "6c847017-e5ab-4e48-b987-328d742f7562",
      "center_name": "Sounine",
      "recorded_at": "2025-07-19T02:54:38.883Z"
    },
    {
      "center_id": "efe6b507-ecd3-4eac-bd21-82cbe1125cc0",
      "center_name": "Hammamet Beach Safety Center",
      "recorded_at": "2025-07-19T02:54:38.820Z"
    },
    {
      "center_id": "a42d64f5-73d9-41cb-97c7-c020fd1fe520",
      "center_name": "Sousse Beach Safety Center",
      "recorded_at": "2025-07-19T02:54:38.817Z"
    },
    {
      "center_id": "5897994c-3d0f-4bcf-9624-3103ddffdcf4",
      "center_name": "Monastir Beach Safety Center",
      "recorded_at": "2025-07-19T02:54:38.810Z"
    },
    {
      "center_id": "a1f85c07-8c14-4616-8199-a1c9c46d9b48",
      "center_name": "Tabarka Beach Safety Center",
      "recorded_at": "2025-07-19T02:54:38.762Z"
    },
    {
      "center_id": "f350b731-2da6-4e3d-9a9d-5fa3c8c985ab",
      "center_name": "Djerba Beach Safety Center",
      "recorded_at": "2025-07-19T02:52:29.828Z"
    },
    {
      "center_id": "6091fcc3-3b14-430e-8d28-0907aa1db98d",
      "center_name": "Takelsa",
      "recorded_at": "2025-07-19T02:52:29.649Z"
    },
    {
      "center_id": "6091fcc3-3b14-430e-8d28-0907aa1db98d",
      "center_name": "Takelsa",
      "recorded_at": "2025-07-19T02:52:29.647Z"
    },
    {
      "center_id": "a1f85c07-8c14-4616-8199-a1c9c46d9b48",
      "center_name": "Tabarka Beach Safety Center",
      "recorded_at": "2025-07-19T02:52:29.611Z"
    },
    {
      "center_id": "5897994c-3d0f-4bcf-9624-3103ddffdcf4",
      "center_name": "Monastir Beach Safety Center",
      "recorded_at": "2025-07-19T02:52:29.546Z"
    },
    {
      "center_id": "6c847017-e5ab-4e48-b987-328d742f7562",
      "center_name": "Sounine",
      "recorded_at": "2025-07-19T02:52:29.543Z"
    },
    {
      "center_id": "2c140dc1-5fac-4efe-80e3-2ad63dea6b8f",
      "center_name": "maamoura",
      "recorded_at": "2025-07-19T02:52:29.519Z"
    },
    {
      "center_id": "6c847017-e5ab-4e48-b987-328d742f7562",
      "center_name": "Sounine",
      "recorded_at": "2025-07-19T02:52:29.468Z"
    },
    {
      "center_id": "f350b731-2da6-4e3d-9a9d-5fa3c8c985ab",
      "center_name": "Djerba Beach Safety Center",
      "recorded_at": "2025-07-19T02:52:29.467Z"
    },
    {
      "center_id": "5897994c-3d0f-4bcf-9624-3103ddffdcf4",
      "center_name": "Monastir Beach Safety Center",
      "recorded_at": "2025-07-19T02:52:29.303Z"
    },
    {
      "center_id": "a1f85c07-8c14-4616-8199-a1c9c46d9b48",
      "center_name": "Tabarka Beach Safety Center",
      "recorded_at": "2025-07-19T02:52:29.250Z"
    },
    {
      "center_id": "2c140dc1-5fac-4efe-80e3-2ad63dea6b8f",
      "center_name": "maamoura",
      "recorded_at": "2025-07-19T02:52:29.247Z"
    },
    {
      "center_id": "a42d64f5-73d9-41cb-97c7-c020fd1fe520",
      "center_name": "Sousse Beach Safety Center",
      "recorded_at": "2025-07-19T02:52:29.177Z"
    },
    {
      "center_id": "efe6b507-ecd3-4eac-bd21-82cbe1125cc0",
      "center_name": "Hammamet Beach Safety Center",
      "recorded_at": "2025-07-19T02:52:29.175Z"
    },
    {
      "center_id": "efe6b507-ecd3-4eac-bd21-82cbe1125cc0",
      "center_name": "Hammamet Beach Safety Center",
      "recorded_at": "2025-07-19T02:52:29.135Z"
    },
    {
      "center_id": "a42d64f5-73d9-41cb-97c7-c020fd1fe520",
      "center_name": "Sousse Beach Safety Center",
      "recorded_at": "2025-07-19T02:52:29.128Z"
    },
    {
      "center_id": "efe6b507-ecd3-4eac-bd21-82cbe1125cc0",
      "center_name": "Hammamet Beach Safety Center",
      "recorded_at": "2025-07-19T02:40:55.906Z"
    },
    {
      "center_id": "efe6b507-ecd3-4eac-bd21-82cbe1125cc0",
      "center_name": "Hammamet Beach Safety Center",
      "recorded_at": "2025-07-19T02:40:55.902Z"
    },
    {
      "center_id": "efe6b507-ecd3-4eac-bd21-82cbe1125cc0",
      "center_name": "Hammamet Beach Safety Center",
      "recorded_at": "2025-07-19T02:40:19.892Z"
    },
    {
      "center_id": "efe6b507-ecd3-4eac-bd21-82cbe1125cc0",
      "center_name": "Hammamet Beach Safety Center",
      "recorded_at": "2025-07-19T02:40:19.891Z"
    },
    {
      "center_id": "efe6b507-ecd3-4eac-bd21-82cbe1125cc0",
      "center_name": "Hammamet Beach Safety Center",
      "recorded_at": "2025-07-19T02:40:19.259Z"
    },
    {
      "center_id": "efe6b507-ecd3-4eac-bd21-82cbe1125cc0",
      "center_name": "Hammamet Beach Safety Center",
      "recorded_at": "2025-07-19T02:40:19.255Z"
    },
    {
      "center_id": "efe6b507-ecd3-4eac-bd21-82cbe1125cc0",
      "center_name": "Hammamet Beach Safety Center",
      "recorded_at": "2025-07-19T02:40:18.938Z"
    },
    {
      "center_id": "efe6b507-ecd3-4eac-bd21-82cbe1125cc0",
      "center_name": "Hammamet Beach Safety Center",
      "recorded_at": "2025-07-19T02:40:18.937Z"
    },
    {
      "center_id": "efe6b507-ecd3-4eac-bd21-82cbe1125cc0",
      "center_name": "Hammamet Beach Safety Center",
      "recorded_at": "2025-07-19T02:39:47.668Z"
    },
    {
      "center_id": "efe6b507-ecd3-4eac-bd21-82cbe1125cc0",
      "center_name": "Hammamet Beach Safety Center",
      "recorded_at": "2025-07-19T02:39:47.664Z"
    },
    {
      "center_id": "efe6b507-ecd3-4eac-bd21-82cbe1125cc0",
      "center_name": "Hammamet Beach Safety Center",
      "recorded_at": "2025-07-19T02:39:47.449Z"
    },
    {
      "center_id": "efe6b507-ecd3-4eac-bd21-82cbe1125cc0",
      "center_name": "Hammamet Beach Safety Center",
      "recorded_at": "2025-07-19T02:39:47.448Z"
    },
    {
      "center_id": "efe6b507-ecd3-4eac-bd21-82cbe1125cc0",
      "center_name": "Hammamet Beach Safety Center",
      "recorded_at": "2025-07-19T02:39:47.287Z"
    },
    {
      "center_id": "efe6b507-ecd3-4eac-bd21-82cbe1125cc0",
      "center_name": "Hammamet Beach Safety Center",
      "recorded_at": "2025-07-19T02:39:47.284Z"
    },
    {
      "center_id": "5897994c-3d0f-4bcf-9624-3103ddffdcf4",
      "center_name": "Monastir Beach Safety Center",
      "recorded_at": "2025-07-19T02:37:29.258Z"
    },
    {
      "center_id": "6091fcc3-3b14-430e-8d28-0907aa1db98d",
      "center_name": "Takelsa",
      "recorded_at": "2025-07-19T02:37:29.226Z"
    },
    {
      "center_id": "a1f85c07-8c14-4616-8199-a1c9c46d9b48",
      "center_name": "Tabarka Beach Safety Center",
      "recorded_at": "2025-07-19T02:37:29.154Z"
    },
    {
      "center_id": "6c847017-e5ab-4e48-b987-328d742f7562",
      "center_name": "Sounine",
      "recorded_at": "2025-07-19T02:37:29.152Z"
    },
    {
      "center_id": "f350b731-2da6-4e3d-9a9d-5fa3c8c985ab",
      "center_name": "Djerba Beach Safety Center",
      "recorded_at": "2025-07-19T02:37:29.092Z"
    },
    {
      "center_id": "2c140dc1-5fac-4efe-80e3-2ad63dea6b8f",
      "center_name": "maamoura",
      "recorded_at": "2025-07-19T02:37:29.073Z"
    },
    {
      "center_id": "efe6b507-ecd3-4eac-bd21-82cbe1125cc0",
      "center_name": "Hammamet Beach Safety Center",
      "recorded_at": "2025-07-19T02:37:29.051Z"
    },
    {
      "center_id": "a42d64f5-73d9-41cb-97c7-c020fd1fe520",
      "center_name": "Sousse Beach Safety Center",
      "recorded_at": "2025-07-19T02:37:29.032Z"
    }
  ]
}
2025-07-19 04:19:49 [[32minfo[39m]: ::1 - - [19/Jul/2025:03:19:49 +0000] "GET /api/v1/public/weather/current HTTP/1.1" 200 55149 "http://localhost:3000/" "Mozilla/5.0 (X11; Linux x86_64) AppleWebKit/537.36 (KHTML, like Gecko) Chrome/138.0.0.0 Safari/537.36" {
  "service": "beach-safety-api"
}
2025-07-19 04:19:49 [[32minfo[39m]: ::1 - - [19/Jul/2025:03:19:49 +0000] "GET /api/v1/safety-zones/public HTTP/1.1" 200 6367 "http://localhost:3000/" "Mozilla/5.0 (X11; Linux x86_64) AppleWebKit/537.36 (KHTML, like Gecko) Chrome/138.0.0.0 Safari/537.36" {
  "service": "beach-safety-api"
}
2025-07-19 04:19:49 [[32minfo[39m]: ::1 - - [19/Jul/2025:03:19:49 +0000] "GET /api/v1/public/lifeguards/counts HTTP/1.1" 200 954 "http://localhost:3000/" "Mozilla/5.0 (X11; Linux x86_64) AppleWebKit/537.36 (KHTML, like Gecko) Chrome/138.0.0.0 Safari/537.36" {
  "service": "beach-safety-api"
}
2025-07-19 04:19:49 [[32minfo[39m]: Public weather query result: {
  "service": "beach-safety-api",
  "totalRows": 86,
  "centers": [
    {
      "center_id": "6091fcc3-3b14-430e-8d28-0907aa1db98d",
      "center_name": "Takelsa",
      "recorded_at": "2025-07-19T03:19:09.489Z"
    },
    {
      "center_id": "5897994c-3d0f-4bcf-9624-3103ddffdcf4",
      "center_name": "Monastir Beach Safety Center",
      "recorded_at": "2025-07-19T03:19:08.858Z"
    },
    {
      "center_id": "6c847017-e5ab-4e48-b987-328d742f7562",
      "center_name": "Sounine",
      "recorded_at": "2025-07-19T03:19:08.762Z"
    },
    {
      "center_id": "f350b731-2da6-4e3d-9a9d-5fa3c8c985ab",
      "center_name": "Djerba Beach Safety Center",
      "recorded_at": "2025-07-19T03:19:08.760Z"
    },
    {
      "center_id": "2c140dc1-5fac-4efe-80e3-2ad63dea6b8f",
      "center_name": "maamoura",
      "recorded_at": "2025-07-19T03:19:08.562Z"
    },
    {
      "center_id": "a1f85c07-8c14-4616-8199-a1c9c46d9b48",
      "center_name": "Tabarka Beach Safety Center",
      "recorded_at": "2025-07-19T03:19:08.530Z"
    },
    {
      "center_id": "a42d64f5-73d9-41cb-97c7-c020fd1fe520",
      "center_name": "Sousse Beach Safety Center",
      "recorded_at": "2025-07-19T03:19:08.475Z"
    },
    {
      "center_id": "efe6b507-ecd3-4eac-bd21-82cbe1125cc0",
      "center_name": "Hammamet Beach Safety Center",
      "recorded_at": "2025-07-19T03:19:08.455Z"
    },
    {
      "center_id": "f350b731-2da6-4e3d-9a9d-5fa3c8c985ab",
      "center_name": "Djerba Beach Safety Center",
      "recorded_at": "2025-07-19T03:16:16.215Z"
    },
    {
      "center_id": "6091fcc3-3b14-430e-8d28-0907aa1db98d",
      "center_name": "Takelsa",
      "recorded_at": "2025-07-19T03:16:16.212Z"
    },
    {
      "center_id": "6c847017-e5ab-4e48-b987-328d742f7562",
      "center_name": "Sounine",
      "recorded_at": "2025-07-19T03:16:16.159Z"
    },
    {
      "center_id": "5897994c-3d0f-4bcf-9624-3103ddffdcf4",
      "center_name": "Monastir Beach Safety Center",
      "recorded_at": "2025-07-19T03:16:16.141Z"
    },
    {
      "center_id": "a42d64f5-73d9-41cb-97c7-c020fd1fe520",
      "center_name": "Sousse Beach Safety Center",
      "recorded_at": "2025-07-19T03:16:16.100Z"
    },
    {
      "center_id": "a1f85c07-8c14-4616-8199-a1c9c46d9b48",
      "center_name": "Tabarka Beach Safety Center",
      "recorded_at": "2025-07-19T03:16:16.084Z"
    },
    {
      "center_id": "efe6b507-ecd3-4eac-bd21-82cbe1125cc0",
      "center_name": "Hammamet Beach Safety Center",
      "recorded_at": "2025-07-19T03:16:16.044Z"
    },
    {
      "center_id": "2c140dc1-5fac-4efe-80e3-2ad63dea6b8f",
      "center_name": "maamoura",
      "recorded_at": "2025-07-19T03:16:16.042Z"
    },
    {
      "center_id": "a1f85c07-8c14-4616-8199-a1c9c46d9b48",
      "center_name": "Tabarka Beach Safety Center",
      "recorded_at": "2025-07-19T03:12:30.154Z"
    },
    {
      "center_id": "5897994c-3d0f-4bcf-9624-3103ddffdcf4",
      "center_name": "Monastir Beach Safety Center",
      "recorded_at": "2025-07-19T03:12:30.151Z"
    },
    {
      "center_id": "f350b731-2da6-4e3d-9a9d-5fa3c8c985ab",
      "center_name": "Djerba Beach Safety Center",
      "recorded_at": "2025-07-19T03:12:30.100Z"
    },
    {
      "center_id": "6c847017-e5ab-4e48-b987-328d742f7562",
      "center_name": "Sounine",
      "recorded_at": "2025-07-19T03:12:30.098Z"
    },
    {
      "center_id": "6091fcc3-3b14-430e-8d28-0907aa1db98d",
      "center_name": "Takelsa",
      "recorded_at": "2025-07-19T03:12:29.946Z"
    },
    {
      "center_id": "2c140dc1-5fac-4efe-80e3-2ad63dea6b8f",
      "center_name": "maamoura",
      "recorded_at": "2025-07-19T03:12:29.943Z"
    },
    {
      "center_id": "efe6b507-ecd3-4eac-bd21-82cbe1125cc0",
      "center_name": "Hammamet Beach Safety Center",
      "recorded_at": "2025-07-19T03:12:29.889Z"
    },
    {
      "center_id": "a42d64f5-73d9-41cb-97c7-c020fd1fe520",
      "center_name": "Sousse Beach Safety Center",
      "recorded_at": "2025-07-19T03:12:29.876Z"
    },
    {
      "center_id": "6c847017-e5ab-4e48-b987-328d742f7562",
      "center_name": "Sounine",
      "recorded_at": "2025-07-19T03:02:44.056Z"
    },
    {
      "center_id": "6091fcc3-3b14-430e-8d28-0907aa1db98d",
      "center_name": "Takelsa",
      "recorded_at": "2025-07-19T03:02:43.879Z"
    },
    {
      "center_id": "5897994c-3d0f-4bcf-9624-3103ddffdcf4",
      "center_name": "Monastir Beach Safety Center",
      "recorded_at": "2025-07-19T03:02:43.821Z"
    },
    {
      "center_id": "f350b731-2da6-4e3d-9a9d-5fa3c8c985ab",
      "center_name": "Djerba Beach Safety Center",
      "recorded_at": "2025-07-19T03:02:43.819Z"
    },
    {
      "center_id": "a42d64f5-73d9-41cb-97c7-c020fd1fe520",
      "center_name": "Sousse Beach Safety Center",
      "recorded_at": "2025-07-19T03:02:43.771Z"
    },
    {
      "center_id": "2c140dc1-5fac-4efe-80e3-2ad63dea6b8f",
      "center_name": "maamoura",
      "recorded_at": "2025-07-19T03:02:43.751Z"
    },
    {
      "center_id": "efe6b507-ecd3-4eac-bd21-82cbe1125cc0",
      "center_name": "Hammamet Beach Safety Center",
      "recorded_at": "2025-07-19T03:02:43.715Z"
    },
    {
      "center_id": "a1f85c07-8c14-4616-8199-a1c9c46d9b48",
      "center_name": "Tabarka Beach Safety Center",
      "recorded_at": "2025-07-19T03:02:43.706Z"
    },
    {
      "center_id": "f350b731-2da6-4e3d-9a9d-5fa3c8c985ab",
      "center_name": "Djerba Beach Safety Center",
      "recorded_at": "2025-07-19T02:59:57.105Z"
    },
    {
      "center_id": "a1f85c07-8c14-4616-8199-a1c9c46d9b48",
      "center_name": "Tabarka Beach Safety Center",
      "recorded_at": "2025-07-19T02:59:57.103Z"
    },
    {
      "center_id": "5897994c-3d0f-4bcf-9624-3103ddffdcf4",
      "center_name": "Monastir Beach Safety Center",
      "recorded_at": "2025-07-19T02:59:57.041Z"
    },
    {
      "center_id": "6c847017-e5ab-4e48-b987-328d742f7562",
      "center_name": "Sounine",
      "recorded_at": "2025-07-19T02:59:57.033Z"
    },
    {
      "center_id": "a42d64f5-73d9-41cb-97c7-c020fd1fe520",
      "center_name": "Sousse Beach Safety Center",
      "recorded_at": "2025-07-19T02:59:57.003Z"
    },
    {
      "center_id": "6091fcc3-3b14-430e-8d28-0907aa1db98d",
      "center_name": "Takelsa",
      "recorded_at": "2025-07-19T02:59:57.001Z"
    },
    {
      "center_id": "efe6b507-ecd3-4eac-bd21-82cbe1125cc0",
      "center_name": "Hammamet Beach Safety Center",
      "recorded_at": "2025-07-19T02:59:56.932Z"
    },
    {
      "center_id": "2c140dc1-5fac-4efe-80e3-2ad63dea6b8f",
      "center_name": "maamoura",
      "recorded_at": "2025-07-19T02:59:56.927Z"
    },
    {
      "center_id": "6091fcc3-3b14-430e-8d28-0907aa1db98d",
      "center_name": "Takelsa",
      "recorded_at": "2025-07-19T02:54:39.120Z"
    },
    {
      "center_id": "f350b731-2da6-4e3d-9a9d-5fa3c8c985ab",
      "center_name": "Djerba Beach Safety Center",
      "recorded_at": "2025-07-19T02:54:38.954Z"
    },
    {
      "center_id": "2c140dc1-5fac-4efe-80e3-2ad63dea6b8f",
      "center_name": "maamoura",
      "recorded_at": "2025-07-19T02:54:38.914Z"
    },
    {
      "center_id": "6c847017-e5ab-4e48-b987-328d742f7562",
      "center_name": "Sounine",
      "recorded_at": "2025-07-19T02:54:38.883Z"
    },
    {
      "center_id": "efe6b507-ecd3-4eac-bd21-82cbe1125cc0",
      "center_name": "Hammamet Beach Safety Center",
      "recorded_at": "2025-07-19T02:54:38.820Z"
    },
    {
      "center_id": "a42d64f5-73d9-41cb-97c7-c020fd1fe520",
      "center_name": "Sousse Beach Safety Center",
      "recorded_at": "2025-07-19T02:54:38.817Z"
    },
    {
      "center_id": "5897994c-3d0f-4bcf-9624-3103ddffdcf4",
      "center_name": "Monastir Beach Safety Center",
      "recorded_at": "2025-07-19T02:54:38.810Z"
    },
    {
      "center_id": "a1f85c07-8c14-4616-8199-a1c9c46d9b48",
      "center_name": "Tabarka Beach Safety Center",
      "recorded_at": "2025-07-19T02:54:38.762Z"
    },
    {
      "center_id": "f350b731-2da6-4e3d-9a9d-5fa3c8c985ab",
      "center_name": "Djerba Beach Safety Center",
      "recorded_at": "2025-07-19T02:52:29.828Z"
    },
    {
      "center_id": "6091fcc3-3b14-430e-8d28-0907aa1db98d",
      "center_name": "Takelsa",
      "recorded_at": "2025-07-19T02:52:29.649Z"
    },
    {
      "center_id": "6091fcc3-3b14-430e-8d28-0907aa1db98d",
      "center_name": "Takelsa",
      "recorded_at": "2025-07-19T02:52:29.647Z"
    },
    {
      "center_id": "a1f85c07-8c14-4616-8199-a1c9c46d9b48",
      "center_name": "Tabarka Beach Safety Center",
      "recorded_at": "2025-07-19T02:52:29.611Z"
    },
    {
      "center_id": "5897994c-3d0f-4bcf-9624-3103ddffdcf4",
      "center_name": "Monastir Beach Safety Center",
      "recorded_at": "2025-07-19T02:52:29.546Z"
    },
    {
      "center_id": "6c847017-e5ab-4e48-b987-328d742f7562",
      "center_name": "Sounine",
      "recorded_at": "2025-07-19T02:52:29.543Z"
    },
    {
      "center_id": "2c140dc1-5fac-4efe-80e3-2ad63dea6b8f",
      "center_name": "maamoura",
      "recorded_at": "2025-07-19T02:52:29.519Z"
    },
    {
      "center_id": "6c847017-e5ab-4e48-b987-328d742f7562",
      "center_name": "Sounine",
      "recorded_at": "2025-07-19T02:52:29.468Z"
    },
    {
      "center_id": "f350b731-2da6-4e3d-9a9d-5fa3c8c985ab",
      "center_name": "Djerba Beach Safety Center",
      "recorded_at": "2025-07-19T02:52:29.467Z"
    },
    {
      "center_id": "5897994c-3d0f-4bcf-9624-3103ddffdcf4",
      "center_name": "Monastir Beach Safety Center",
      "recorded_at": "2025-07-19T02:52:29.303Z"
    },
    {
      "center_id": "a1f85c07-8c14-4616-8199-a1c9c46d9b48",
      "center_name": "Tabarka Beach Safety Center",
      "recorded_at": "2025-07-19T02:52:29.250Z"
    },
    {
      "center_id": "2c140dc1-5fac-4efe-80e3-2ad63dea6b8f",
      "center_name": "maamoura",
      "recorded_at": "2025-07-19T02:52:29.247Z"
    },
    {
      "center_id": "a42d64f5-73d9-41cb-97c7-c020fd1fe520",
      "center_name": "Sousse Beach Safety Center",
      "recorded_at": "2025-07-19T02:52:29.177Z"
    },
    {
      "center_id": "efe6b507-ecd3-4eac-bd21-82cbe1125cc0",
      "center_name": "Hammamet Beach Safety Center",
      "recorded_at": "2025-07-19T02:52:29.175Z"
    },
    {
      "center_id": "efe6b507-ecd3-4eac-bd21-82cbe1125cc0",
      "center_name": "Hammamet Beach Safety Center",
      "recorded_at": "2025-07-19T02:52:29.135Z"
    },
    {
      "center_id": "a42d64f5-73d9-41cb-97c7-c020fd1fe520",
      "center_name": "Sousse Beach Safety Center",
      "recorded_at": "2025-07-19T02:52:29.128Z"
    },
    {
      "center_id": "efe6b507-ecd3-4eac-bd21-82cbe1125cc0",
      "center_name": "Hammamet Beach Safety Center",
      "recorded_at": "2025-07-19T02:40:55.906Z"
    },
    {
      "center_id": "efe6b507-ecd3-4eac-bd21-82cbe1125cc0",
      "center_name": "Hammamet Beach Safety Center",
      "recorded_at": "2025-07-19T02:40:55.902Z"
    },
    {
      "center_id": "efe6b507-ecd3-4eac-bd21-82cbe1125cc0",
      "center_name": "Hammamet Beach Safety Center",
      "recorded_at": "2025-07-19T02:40:19.892Z"
    },
    {
      "center_id": "efe6b507-ecd3-4eac-bd21-82cbe1125cc0",
      "center_name": "Hammamet Beach Safety Center",
      "recorded_at": "2025-07-19T02:40:19.891Z"
    },
    {
      "center_id": "efe6b507-ecd3-4eac-bd21-82cbe1125cc0",
      "center_name": "Hammamet Beach Safety Center",
      "recorded_at": "2025-07-19T02:40:19.259Z"
    },
    {
      "center_id": "efe6b507-ecd3-4eac-bd21-82cbe1125cc0",
      "center_name": "Hammamet Beach Safety Center",
      "recorded_at": "2025-07-19T02:40:19.255Z"
    },
    {
      "center_id": "efe6b507-ecd3-4eac-bd21-82cbe1125cc0",
      "center_name": "Hammamet Beach Safety Center",
      "recorded_at": "2025-07-19T02:40:18.938Z"
    },
    {
      "center_id": "efe6b507-ecd3-4eac-bd21-82cbe1125cc0",
      "center_name": "Hammamet Beach Safety Center",
      "recorded_at": "2025-07-19T02:40:18.937Z"
    },
    {
      "center_id": "efe6b507-ecd3-4eac-bd21-82cbe1125cc0",
      "center_name": "Hammamet Beach Safety Center",
      "recorded_at": "2025-07-19T02:39:47.668Z"
    },
    {
      "center_id": "efe6b507-ecd3-4eac-bd21-82cbe1125cc0",
      "center_name": "Hammamet Beach Safety Center",
      "recorded_at": "2025-07-19T02:39:47.664Z"
    },
    {
      "center_id": "efe6b507-ecd3-4eac-bd21-82cbe1125cc0",
      "center_name": "Hammamet Beach Safety Center",
      "recorded_at": "2025-07-19T02:39:47.449Z"
    },
    {
      "center_id": "efe6b507-ecd3-4eac-bd21-82cbe1125cc0",
      "center_name": "Hammamet Beach Safety Center",
      "recorded_at": "2025-07-19T02:39:47.448Z"
    },
    {
      "center_id": "efe6b507-ecd3-4eac-bd21-82cbe1125cc0",
      "center_name": "Hammamet Beach Safety Center",
      "recorded_at": "2025-07-19T02:39:47.287Z"
    },
    {
      "center_id": "efe6b507-ecd3-4eac-bd21-82cbe1125cc0",
      "center_name": "Hammamet Beach Safety Center",
      "recorded_at": "2025-07-19T02:39:47.284Z"
    },
    {
      "center_id": "5897994c-3d0f-4bcf-9624-3103ddffdcf4",
      "center_name": "Monastir Beach Safety Center",
      "recorded_at": "2025-07-19T02:37:29.258Z"
    },
    {
      "center_id": "6091fcc3-3b14-430e-8d28-0907aa1db98d",
      "center_name": "Takelsa",
      "recorded_at": "2025-07-19T02:37:29.226Z"
    },
    {
      "center_id": "a1f85c07-8c14-4616-8199-a1c9c46d9b48",
      "center_name": "Tabarka Beach Safety Center",
      "recorded_at": "2025-07-19T02:37:29.154Z"
    },
    {
      "center_id": "6c847017-e5ab-4e48-b987-328d742f7562",
      "center_name": "Sounine",
      "recorded_at": "2025-07-19T02:37:29.152Z"
    },
    {
      "center_id": "f350b731-2da6-4e3d-9a9d-5fa3c8c985ab",
      "center_name": "Djerba Beach Safety Center",
      "recorded_at": "2025-07-19T02:37:29.092Z"
    },
    {
      "center_id": "2c140dc1-5fac-4efe-80e3-2ad63dea6b8f",
      "center_name": "maamoura",
      "recorded_at": "2025-07-19T02:37:29.073Z"
    },
    {
      "center_id": "efe6b507-ecd3-4eac-bd21-82cbe1125cc0",
      "center_name": "Hammamet Beach Safety Center",
      "recorded_at": "2025-07-19T02:37:29.051Z"
    },
    {
      "center_id": "a42d64f5-73d9-41cb-97c7-c020fd1fe520",
      "center_name": "Sousse Beach Safety Center",
      "recorded_at": "2025-07-19T02:37:29.032Z"
    }
  ]
}
2025-07-19 04:19:49 [[32minfo[39m]: ::1 - - [19/Jul/2025:03:19:49 +0000] "GET /api/v1/public/weather/current HTTP/1.1" 304 - "http://localhost:3000/" "Mozilla/5.0 (X11; Linux x86_64) AppleWebKit/537.36 (KHTML, like Gecko) Chrome/138.0.0.0 Safari/537.36" {
  "service": "beach-safety-api"
}
2025-07-19 04:19:49 [[32minfo[39m]: ::1 - - [19/Jul/2025:03:19:49 +0000] "GET /api/v1/safety-zones/public HTTP/1.1" 304 - "http://localhost:3000/" "Mozilla/5.0 (X11; Linux x86_64) AppleWebKit/537.36 (KHTML, like Gecko) Chrome/138.0.0.0 Safari/537.36" {
  "service": "beach-safety-api"
}
2025-07-19 04:19:49 [[32minfo[39m]: ::1 - - [19/Jul/2025:03:19:49 +0000] "GET /api/v1/public/lifeguards/counts HTTP/1.1" 304 - "http://localhost:3000/" "Mozilla/5.0 (X11; Linux x86_64) AppleWebKit/537.36 (KHTML, like Gecko) Chrome/138.0.0.0 Safari/537.36" {
  "service": "beach-safety-api"
}
2025-07-19 04:19:49 [[32minfo[39m]: ::1 - - [19/Jul/2025:03:19:49 +0000] "GET /api/v1/public/centers HTTP/1.1" 304 - "http://localhost:3000/" "Mozilla/5.0 (X11; Linux x86_64) AppleWebKit/537.36 (KHTML, like Gecko) Chrome/138.0.0.0 Safari/537.36" {
  "service": "beach-safety-api"
}
2025-07-19 04:19:49 [[32minfo[39m]: Connected to PostgreSQL database {
  "service": "beach-safety-api"
}
2025-07-19 04:19:49 [[32minfo[39m]: ::1 - - [19/Jul/2025:03:19:49 +0000] "GET /api/v1/public/safety/flags HTTP/1.1" 200 1795 "http://localhost:3000/" "Mozilla/5.0 (X11; Linux x86_64) AppleWebKit/537.36 (KHTML, like Gecko) Chrome/138.0.0.0 Safari/537.36" {
  "service": "beach-safety-api"
}
2025-07-19 04:19:49 [[32minfo[39m]: ::1 - - [19/Jul/2025:03:19:49 +0000] "GET /api/v1/public/centers HTTP/1.1" 304 - "http://localhost:3000/" "Mozilla/5.0 (X11; Linux x86_64) AppleWebKit/537.36 (KHTML, like Gecko) Chrome/138.0.0.0 Safari/537.36" {
  "service": "beach-safety-api"
}
2025-07-19 04:19:49 [[32minfo[39m]: ::1 - - [19/Jul/2025:03:19:49 +0000] "GET /api/v1/public/safety/flags HTTP/1.1" 304 - "http://localhost:3000/" "Mozilla/5.0 (X11; Linux x86_64) AppleWebKit/537.36 (KHTML, like Gecko) Chrome/138.0.0.0 Safari/537.36" {
  "service": "beach-safety-api"
}
2025-07-19 04:19:49 [[32minfo[39m]: ::1 - - [19/Jul/2025:03:19:49 +0000] "GET /api/v1/public/centers HTTP/1.1" 304 - "http://localhost:3000/" "Mozilla/5.0 (X11; Linux x86_64) AppleWebKit/537.36 (KHTML, like Gecko) Chrome/138.0.0.0 Safari/537.36" {
  "service": "beach-safety-api"
}
2025-07-19 04:20:07 [[32minfo[39m]: ::ffff:127.0.0.1 - - [19/Jul/2025:03:20:07 +0000] "GET /api/v1/public/centers HTTP/1.1" 200 4275 "http://localhost:3000/" "Mozilla/5.0 (X11; Ubuntu; Linux x86_64; rv:136.0) Gecko/20100101 Firefox/136.0" {
  "service": "beach-safety-api"
}
2025-07-19 04:20:07 [[32minfo[39m]: Public weather query result: {
  "service": "beach-safety-api",
  "totalRows": 86,
  "centers": [
    {
      "center_id": "6091fcc3-3b14-430e-8d28-0907aa1db98d",
      "center_name": "Takelsa",
      "recorded_at": "2025-07-19T03:19:09.489Z"
    },
    {
      "center_id": "5897994c-3d0f-4bcf-9624-3103ddffdcf4",
      "center_name": "Monastir Beach Safety Center",
      "recorded_at": "2025-07-19T03:19:08.858Z"
    },
    {
      "center_id": "6c847017-e5ab-4e48-b987-328d742f7562",
      "center_name": "Sounine",
      "recorded_at": "2025-07-19T03:19:08.762Z"
    },
    {
      "center_id": "f350b731-2da6-4e3d-9a9d-5fa3c8c985ab",
      "center_name": "Djerba Beach Safety Center",
      "recorded_at": "2025-07-19T03:19:08.760Z"
    },
    {
      "center_id": "2c140dc1-5fac-4efe-80e3-2ad63dea6b8f",
      "center_name": "maamoura",
      "recorded_at": "2025-07-19T03:19:08.562Z"
    },
    {
      "center_id": "a1f85c07-8c14-4616-8199-a1c9c46d9b48",
      "center_name": "Tabarka Beach Safety Center",
      "recorded_at": "2025-07-19T03:19:08.530Z"
    },
    {
      "center_id": "a42d64f5-73d9-41cb-97c7-c020fd1fe520",
      "center_name": "Sousse Beach Safety Center",
      "recorded_at": "2025-07-19T03:19:08.475Z"
    },
    {
      "center_id": "efe6b507-ecd3-4eac-bd21-82cbe1125cc0",
      "center_name": "Hammamet Beach Safety Center",
      "recorded_at": "2025-07-19T03:19:08.455Z"
    },
    {
      "center_id": "f350b731-2da6-4e3d-9a9d-5fa3c8c985ab",
      "center_name": "Djerba Beach Safety Center",
      "recorded_at": "2025-07-19T03:16:16.215Z"
    },
    {
      "center_id": "6091fcc3-3b14-430e-8d28-0907aa1db98d",
      "center_name": "Takelsa",
      "recorded_at": "2025-07-19T03:16:16.212Z"
    },
    {
      "center_id": "6c847017-e5ab-4e48-b987-328d742f7562",
      "center_name": "Sounine",
      "recorded_at": "2025-07-19T03:16:16.159Z"
    },
    {
      "center_id": "5897994c-3d0f-4bcf-9624-3103ddffdcf4",
      "center_name": "Monastir Beach Safety Center",
      "recorded_at": "2025-07-19T03:16:16.141Z"
    },
    {
      "center_id": "a42d64f5-73d9-41cb-97c7-c020fd1fe520",
      "center_name": "Sousse Beach Safety Center",
      "recorded_at": "2025-07-19T03:16:16.100Z"
    },
    {
      "center_id": "a1f85c07-8c14-4616-8199-a1c9c46d9b48",
      "center_name": "Tabarka Beach Safety Center",
      "recorded_at": "2025-07-19T03:16:16.084Z"
    },
    {
      "center_id": "efe6b507-ecd3-4eac-bd21-82cbe1125cc0",
      "center_name": "Hammamet Beach Safety Center",
      "recorded_at": "2025-07-19T03:16:16.044Z"
    },
    {
      "center_id": "2c140dc1-5fac-4efe-80e3-2ad63dea6b8f",
      "center_name": "maamoura",
      "recorded_at": "2025-07-19T03:16:16.042Z"
    },
    {
      "center_id": "a1f85c07-8c14-4616-8199-a1c9c46d9b48",
      "center_name": "Tabarka Beach Safety Center",
      "recorded_at": "2025-07-19T03:12:30.154Z"
    },
    {
      "center_id": "5897994c-3d0f-4bcf-9624-3103ddffdcf4",
      "center_name": "Monastir Beach Safety Center",
      "recorded_at": "2025-07-19T03:12:30.151Z"
    },
    {
      "center_id": "f350b731-2da6-4e3d-9a9d-5fa3c8c985ab",
      "center_name": "Djerba Beach Safety Center",
      "recorded_at": "2025-07-19T03:12:30.100Z"
    },
    {
      "center_id": "6c847017-e5ab-4e48-b987-328d742f7562",
      "center_name": "Sounine",
      "recorded_at": "2025-07-19T03:12:30.098Z"
    },
    {
      "center_id": "6091fcc3-3b14-430e-8d28-0907aa1db98d",
      "center_name": "Takelsa",
      "recorded_at": "2025-07-19T03:12:29.946Z"
    },
    {
      "center_id": "2c140dc1-5fac-4efe-80e3-2ad63dea6b8f",
      "center_name": "maamoura",
      "recorded_at": "2025-07-19T03:12:29.943Z"
    },
    {
      "center_id": "efe6b507-ecd3-4eac-bd21-82cbe1125cc0",
      "center_name": "Hammamet Beach Safety Center",
      "recorded_at": "2025-07-19T03:12:29.889Z"
    },
    {
      "center_id": "a42d64f5-73d9-41cb-97c7-c020fd1fe520",
      "center_name": "Sousse Beach Safety Center",
      "recorded_at": "2025-07-19T03:12:29.876Z"
    },
    {
      "center_id": "6c847017-e5ab-4e48-b987-328d742f7562",
      "center_name": "Sounine",
      "recorded_at": "2025-07-19T03:02:44.056Z"
    },
    {
      "center_id": "6091fcc3-3b14-430e-8d28-0907aa1db98d",
      "center_name": "Takelsa",
      "recorded_at": "2025-07-19T03:02:43.879Z"
    },
    {
      "center_id": "5897994c-3d0f-4bcf-9624-3103ddffdcf4",
      "center_name": "Monastir Beach Safety Center",
      "recorded_at": "2025-07-19T03:02:43.821Z"
    },
    {
      "center_id": "f350b731-2da6-4e3d-9a9d-5fa3c8c985ab",
      "center_name": "Djerba Beach Safety Center",
      "recorded_at": "2025-07-19T03:02:43.819Z"
    },
    {
      "center_id": "a42d64f5-73d9-41cb-97c7-c020fd1fe520",
      "center_name": "Sousse Beach Safety Center",
      "recorded_at": "2025-07-19T03:02:43.771Z"
    },
    {
      "center_id": "2c140dc1-5fac-4efe-80e3-2ad63dea6b8f",
      "center_name": "maamoura",
      "recorded_at": "2025-07-19T03:02:43.751Z"
    },
    {
      "center_id": "efe6b507-ecd3-4eac-bd21-82cbe1125cc0",
      "center_name": "Hammamet Beach Safety Center",
      "recorded_at": "2025-07-19T03:02:43.715Z"
    },
    {
      "center_id": "a1f85c07-8c14-4616-8199-a1c9c46d9b48",
      "center_name": "Tabarka Beach Safety Center",
      "recorded_at": "2025-07-19T03:02:43.706Z"
    },
    {
      "center_id": "f350b731-2da6-4e3d-9a9d-5fa3c8c985ab",
      "center_name": "Djerba Beach Safety Center",
      "recorded_at": "2025-07-19T02:59:57.105Z"
    },
    {
      "center_id": "a1f85c07-8c14-4616-8199-a1c9c46d9b48",
      "center_name": "Tabarka Beach Safety Center",
      "recorded_at": "2025-07-19T02:59:57.103Z"
    },
    {
      "center_id": "5897994c-3d0f-4bcf-9624-3103ddffdcf4",
      "center_name": "Monastir Beach Safety Center",
      "recorded_at": "2025-07-19T02:59:57.041Z"
    },
    {
      "center_id": "6c847017-e5ab-4e48-b987-328d742f7562",
      "center_name": "Sounine",
      "recorded_at": "2025-07-19T02:59:57.033Z"
    },
    {
      "center_id": "a42d64f5-73d9-41cb-97c7-c020fd1fe520",
      "center_name": "Sousse Beach Safety Center",
      "recorded_at": "2025-07-19T02:59:57.003Z"
    },
    {
      "center_id": "6091fcc3-3b14-430e-8d28-0907aa1db98d",
      "center_name": "Takelsa",
      "recorded_at": "2025-07-19T02:59:57.001Z"
    },
    {
      "center_id": "efe6b507-ecd3-4eac-bd21-82cbe1125cc0",
      "center_name": "Hammamet Beach Safety Center",
      "recorded_at": "2025-07-19T02:59:56.932Z"
    },
    {
      "center_id": "2c140dc1-5fac-4efe-80e3-2ad63dea6b8f",
      "center_name": "maamoura",
      "recorded_at": "2025-07-19T02:59:56.927Z"
    },
    {
      "center_id": "6091fcc3-3b14-430e-8d28-0907aa1db98d",
      "center_name": "Takelsa",
      "recorded_at": "2025-07-19T02:54:39.120Z"
    },
    {
      "center_id": "f350b731-2da6-4e3d-9a9d-5fa3c8c985ab",
      "center_name": "Djerba Beach Safety Center",
      "recorded_at": "2025-07-19T02:54:38.954Z"
    },
    {
      "center_id": "2c140dc1-5fac-4efe-80e3-2ad63dea6b8f",
      "center_name": "maamoura",
      "recorded_at": "2025-07-19T02:54:38.914Z"
    },
    {
      "center_id": "6c847017-e5ab-4e48-b987-328d742f7562",
      "center_name": "Sounine",
      "recorded_at": "2025-07-19T02:54:38.883Z"
    },
    {
      "center_id": "efe6b507-ecd3-4eac-bd21-82cbe1125cc0",
      "center_name": "Hammamet Beach Safety Center",
      "recorded_at": "2025-07-19T02:54:38.820Z"
    },
    {
      "center_id": "a42d64f5-73d9-41cb-97c7-c020fd1fe520",
      "center_name": "Sousse Beach Safety Center",
      "recorded_at": "2025-07-19T02:54:38.817Z"
    },
    {
      "center_id": "5897994c-3d0f-4bcf-9624-3103ddffdcf4",
      "center_name": "Monastir Beach Safety Center",
      "recorded_at": "2025-07-19T02:54:38.810Z"
    },
    {
      "center_id": "a1f85c07-8c14-4616-8199-a1c9c46d9b48",
      "center_name": "Tabarka Beach Safety Center",
      "recorded_at": "2025-07-19T02:54:38.762Z"
    },
    {
      "center_id": "f350b731-2da6-4e3d-9a9d-5fa3c8c985ab",
      "center_name": "Djerba Beach Safety Center",
      "recorded_at": "2025-07-19T02:52:29.828Z"
    },
    {
      "center_id": "6091fcc3-3b14-430e-8d28-0907aa1db98d",
      "center_name": "Takelsa",
      "recorded_at": "2025-07-19T02:52:29.649Z"
    },
    {
      "center_id": "6091fcc3-3b14-430e-8d28-0907aa1db98d",
      "center_name": "Takelsa",
      "recorded_at": "2025-07-19T02:52:29.647Z"
    },
    {
      "center_id": "a1f85c07-8c14-4616-8199-a1c9c46d9b48",
      "center_name": "Tabarka Beach Safety Center",
      "recorded_at": "2025-07-19T02:52:29.611Z"
    },
    {
      "center_id": "5897994c-3d0f-4bcf-9624-3103ddffdcf4",
      "center_name": "Monastir Beach Safety Center",
      "recorded_at": "2025-07-19T02:52:29.546Z"
    },
    {
      "center_id": "6c847017-e5ab-4e48-b987-328d742f7562",
      "center_name": "Sounine",
      "recorded_at": "2025-07-19T02:52:29.543Z"
    },
    {
      "center_id": "2c140dc1-5fac-4efe-80e3-2ad63dea6b8f",
      "center_name": "maamoura",
      "recorded_at": "2025-07-19T02:52:29.519Z"
    },
    {
      "center_id": "6c847017-e5ab-4e48-b987-328d742f7562",
      "center_name": "Sounine",
      "recorded_at": "2025-07-19T02:52:29.468Z"
    },
    {
      "center_id": "f350b731-2da6-4e3d-9a9d-5fa3c8c985ab",
      "center_name": "Djerba Beach Safety Center",
      "recorded_at": "2025-07-19T02:52:29.467Z"
    },
    {
      "center_id": "5897994c-3d0f-4bcf-9624-3103ddffdcf4",
      "center_name": "Monastir Beach Safety Center",
      "recorded_at": "2025-07-19T02:52:29.303Z"
    },
    {
      "center_id": "a1f85c07-8c14-4616-8199-a1c9c46d9b48",
      "center_name": "Tabarka Beach Safety Center",
      "recorded_at": "2025-07-19T02:52:29.250Z"
    },
    {
      "center_id": "2c140dc1-5fac-4efe-80e3-2ad63dea6b8f",
      "center_name": "maamoura",
      "recorded_at": "2025-07-19T02:52:29.247Z"
    },
    {
      "center_id": "a42d64f5-73d9-41cb-97c7-c020fd1fe520",
      "center_name": "Sousse Beach Safety Center",
      "recorded_at": "2025-07-19T02:52:29.177Z"
    },
    {
      "center_id": "efe6b507-ecd3-4eac-bd21-82cbe1125cc0",
      "center_name": "Hammamet Beach Safety Center",
      "recorded_at": "2025-07-19T02:52:29.175Z"
    },
    {
      "center_id": "efe6b507-ecd3-4eac-bd21-82cbe1125cc0",
      "center_name": "Hammamet Beach Safety Center",
      "recorded_at": "2025-07-19T02:52:29.135Z"
    },
    {
      "center_id": "a42d64f5-73d9-41cb-97c7-c020fd1fe520",
      "center_name": "Sousse Beach Safety Center",
      "recorded_at": "2025-07-19T02:52:29.128Z"
    },
    {
      "center_id": "efe6b507-ecd3-4eac-bd21-82cbe1125cc0",
      "center_name": "Hammamet Beach Safety Center",
      "recorded_at": "2025-07-19T02:40:55.906Z"
    },
    {
      "center_id": "efe6b507-ecd3-4eac-bd21-82cbe1125cc0",
      "center_name": "Hammamet Beach Safety Center",
      "recorded_at": "2025-07-19T02:40:55.902Z"
    },
    {
      "center_id": "efe6b507-ecd3-4eac-bd21-82cbe1125cc0",
      "center_name": "Hammamet Beach Safety Center",
      "recorded_at": "2025-07-19T02:40:19.892Z"
    },
    {
      "center_id": "efe6b507-ecd3-4eac-bd21-82cbe1125cc0",
      "center_name": "Hammamet Beach Safety Center",
      "recorded_at": "2025-07-19T02:40:19.891Z"
    },
    {
      "center_id": "efe6b507-ecd3-4eac-bd21-82cbe1125cc0",
      "center_name": "Hammamet Beach Safety Center",
      "recorded_at": "2025-07-19T02:40:19.259Z"
    },
    {
      "center_id": "efe6b507-ecd3-4eac-bd21-82cbe1125cc0",
      "center_name": "Hammamet Beach Safety Center",
      "recorded_at": "2025-07-19T02:40:19.255Z"
    },
    {
      "center_id": "efe6b507-ecd3-4eac-bd21-82cbe1125cc0",
      "center_name": "Hammamet Beach Safety Center",
      "recorded_at": "2025-07-19T02:40:18.938Z"
    },
    {
      "center_id": "efe6b507-ecd3-4eac-bd21-82cbe1125cc0",
      "center_name": "Hammamet Beach Safety Center",
      "recorded_at": "2025-07-19T02:40:18.937Z"
    },
    {
      "center_id": "efe6b507-ecd3-4eac-bd21-82cbe1125cc0",
      "center_name": "Hammamet Beach Safety Center",
      "recorded_at": "2025-07-19T02:39:47.668Z"
    },
    {
      "center_id": "efe6b507-ecd3-4eac-bd21-82cbe1125cc0",
      "center_name": "Hammamet Beach Safety Center",
      "recorded_at": "2025-07-19T02:39:47.664Z"
    },
    {
      "center_id": "efe6b507-ecd3-4eac-bd21-82cbe1125cc0",
      "center_name": "Hammamet Beach Safety Center",
      "recorded_at": "2025-07-19T02:39:47.449Z"
    },
    {
      "center_id": "efe6b507-ecd3-4eac-bd21-82cbe1125cc0",
      "center_name": "Hammamet Beach Safety Center",
      "recorded_at": "2025-07-19T02:39:47.448Z"
    },
    {
      "center_id": "efe6b507-ecd3-4eac-bd21-82cbe1125cc0",
      "center_name": "Hammamet Beach Safety Center",
      "recorded_at": "2025-07-19T02:39:47.287Z"
    },
    {
      "center_id": "efe6b507-ecd3-4eac-bd21-82cbe1125cc0",
      "center_name": "Hammamet Beach Safety Center",
      "recorded_at": "2025-07-19T02:39:47.284Z"
    },
    {
      "center_id": "5897994c-3d0f-4bcf-9624-3103ddffdcf4",
      "center_name": "Monastir Beach Safety Center",
      "recorded_at": "2025-07-19T02:37:29.258Z"
    },
    {
      "center_id": "6091fcc3-3b14-430e-8d28-0907aa1db98d",
      "center_name": "Takelsa",
      "recorded_at": "2025-07-19T02:37:29.226Z"
    },
    {
      "center_id": "a1f85c07-8c14-4616-8199-a1c9c46d9b48",
      "center_name": "Tabarka Beach Safety Center",
      "recorded_at": "2025-07-19T02:37:29.154Z"
    },
    {
      "center_id": "6c847017-e5ab-4e48-b987-328d742f7562",
      "center_name": "Sounine",
      "recorded_at": "2025-07-19T02:37:29.152Z"
    },
    {
      "center_id": "f350b731-2da6-4e3d-9a9d-5fa3c8c985ab",
      "center_name": "Djerba Beach Safety Center",
      "recorded_at": "2025-07-19T02:37:29.092Z"
    },
    {
      "center_id": "2c140dc1-5fac-4efe-80e3-2ad63dea6b8f",
      "center_name": "maamoura",
      "recorded_at": "2025-07-19T02:37:29.073Z"
    },
    {
      "center_id": "efe6b507-ecd3-4eac-bd21-82cbe1125cc0",
      "center_name": "Hammamet Beach Safety Center",
      "recorded_at": "2025-07-19T02:37:29.051Z"
    },
    {
      "center_id": "a42d64f5-73d9-41cb-97c7-c020fd1fe520",
      "center_name": "Sousse Beach Safety Center",
      "recorded_at": "2025-07-19T02:37:29.032Z"
    }
  ]
}
2025-07-19 04:20:07 [[32minfo[39m]: ::ffff:127.0.0.1 - - [19/Jul/2025:03:20:07 +0000] "GET /api/v1/public/weather/current HTTP/1.1" 200 55149 "http://localhost:3000/" "Mozilla/5.0 (X11; Ubuntu; Linux x86_64; rv:136.0) Gecko/20100101 Firefox/136.0" {
  "service": "beach-safety-api"
}
2025-07-19 04:20:07 [[32minfo[39m]: ::ffff:127.0.0.1 - - [19/Jul/2025:03:20:07 +0000] "GET /api/v1/public/centers HTTP/1.1" 200 4275 "http://localhost:3000/" "Mozilla/5.0 (X11; Ubuntu; Linux x86_64; rv:136.0) Gecko/20100101 Firefox/136.0" {
  "service": "beach-safety-api"
}
2025-07-19 04:20:07 [[32minfo[39m]: ::ffff:127.0.0.1 - - [19/Jul/2025:03:20:07 +0000] "GET /api/v1/public/centers HTTP/1.1" 200 4275 "http://localhost:3000/" "Mozilla/5.0 (X11; Ubuntu; Linux x86_64; rv:136.0) Gecko/20100101 Firefox/136.0" {
  "service": "beach-safety-api"
}
2025-07-19 04:20:07 [[32minfo[39m]: ::ffff:127.0.0.1 - - [19/Jul/2025:03:20:07 +0000] "GET /api/v1/safety-zones/public HTTP/1.1" 200 6367 "http://localhost:3000/" "Mozilla/5.0 (X11; Ubuntu; Linux x86_64; rv:136.0) Gecko/20100101 Firefox/136.0" {
  "service": "beach-safety-api"
}
2025-07-19 04:20:07 [[32minfo[39m]: ::ffff:127.0.0.1 - - [19/Jul/2025:03:20:07 +0000] "GET /api/v1/public/lifeguards/counts HTTP/1.1" 200 954 "http://localhost:3000/" "Mozilla/5.0 (X11; Ubuntu; Linux x86_64; rv:136.0) Gecko/20100101 Firefox/136.0" {
  "service": "beach-safety-api"
}
2025-07-19 04:20:07 [[32minfo[39m]: Public weather query result: {
  "service": "beach-safety-api",
  "totalRows": 86,
  "centers": [
    {
      "center_id": "6091fcc3-3b14-430e-8d28-0907aa1db98d",
      "center_name": "Takelsa",
      "recorded_at": "2025-07-19T03:19:09.489Z"
    },
    {
      "center_id": "5897994c-3d0f-4bcf-9624-3103ddffdcf4",
      "center_name": "Monastir Beach Safety Center",
      "recorded_at": "2025-07-19T03:19:08.858Z"
    },
    {
      "center_id": "6c847017-e5ab-4e48-b987-328d742f7562",
      "center_name": "Sounine",
      "recorded_at": "2025-07-19T03:19:08.762Z"
    },
    {
      "center_id": "f350b731-2da6-4e3d-9a9d-5fa3c8c985ab",
      "center_name": "Djerba Beach Safety Center",
      "recorded_at": "2025-07-19T03:19:08.760Z"
    },
    {
      "center_id": "2c140dc1-5fac-4efe-80e3-2ad63dea6b8f",
      "center_name": "maamoura",
      "recorded_at": "2025-07-19T03:19:08.562Z"
    },
    {
      "center_id": "a1f85c07-8c14-4616-8199-a1c9c46d9b48",
      "center_name": "Tabarka Beach Safety Center",
      "recorded_at": "2025-07-19T03:19:08.530Z"
    },
    {
      "center_id": "a42d64f5-73d9-41cb-97c7-c020fd1fe520",
      "center_name": "Sousse Beach Safety Center",
      "recorded_at": "2025-07-19T03:19:08.475Z"
    },
    {
      "center_id": "efe6b507-ecd3-4eac-bd21-82cbe1125cc0",
      "center_name": "Hammamet Beach Safety Center",
      "recorded_at": "2025-07-19T03:19:08.455Z"
    },
    {
      "center_id": "f350b731-2da6-4e3d-9a9d-5fa3c8c985ab",
      "center_name": "Djerba Beach Safety Center",
      "recorded_at": "2025-07-19T03:16:16.215Z"
    },
    {
      "center_id": "6091fcc3-3b14-430e-8d28-0907aa1db98d",
      "center_name": "Takelsa",
      "recorded_at": "2025-07-19T03:16:16.212Z"
    },
    {
      "center_id": "6c847017-e5ab-4e48-b987-328d742f7562",
      "center_name": "Sounine",
      "recorded_at": "2025-07-19T03:16:16.159Z"
    },
    {
      "center_id": "5897994c-3d0f-4bcf-9624-3103ddffdcf4",
      "center_name": "Monastir Beach Safety Center",
      "recorded_at": "2025-07-19T03:16:16.141Z"
    },
    {
      "center_id": "a42d64f5-73d9-41cb-97c7-c020fd1fe520",
      "center_name": "Sousse Beach Safety Center",
      "recorded_at": "2025-07-19T03:16:16.100Z"
    },
    {
      "center_id": "a1f85c07-8c14-4616-8199-a1c9c46d9b48",
      "center_name": "Tabarka Beach Safety Center",
      "recorded_at": "2025-07-19T03:16:16.084Z"
    },
    {
      "center_id": "efe6b507-ecd3-4eac-bd21-82cbe1125cc0",
      "center_name": "Hammamet Beach Safety Center",
      "recorded_at": "2025-07-19T03:16:16.044Z"
    },
    {
      "center_id": "2c140dc1-5fac-4efe-80e3-2ad63dea6b8f",
      "center_name": "maamoura",
      "recorded_at": "2025-07-19T03:16:16.042Z"
    },
    {
      "center_id": "a1f85c07-8c14-4616-8199-a1c9c46d9b48",
      "center_name": "Tabarka Beach Safety Center",
      "recorded_at": "2025-07-19T03:12:30.154Z"
    },
    {
      "center_id": "5897994c-3d0f-4bcf-9624-3103ddffdcf4",
      "center_name": "Monastir Beach Safety Center",
      "recorded_at": "2025-07-19T03:12:30.151Z"
    },
    {
      "center_id": "f350b731-2da6-4e3d-9a9d-5fa3c8c985ab",
      "center_name": "Djerba Beach Safety Center",
      "recorded_at": "2025-07-19T03:12:30.100Z"
    },
    {
      "center_id": "6c847017-e5ab-4e48-b987-328d742f7562",
      "center_name": "Sounine",
      "recorded_at": "2025-07-19T03:12:30.098Z"
    },
    {
      "center_id": "6091fcc3-3b14-430e-8d28-0907aa1db98d",
      "center_name": "Takelsa",
      "recorded_at": "2025-07-19T03:12:29.946Z"
    },
    {
      "center_id": "2c140dc1-5fac-4efe-80e3-2ad63dea6b8f",
      "center_name": "maamoura",
      "recorded_at": "2025-07-19T03:12:29.943Z"
    },
    {
      "center_id": "efe6b507-ecd3-4eac-bd21-82cbe1125cc0",
      "center_name": "Hammamet Beach Safety Center",
      "recorded_at": "2025-07-19T03:12:29.889Z"
    },
    {
      "center_id": "a42d64f5-73d9-41cb-97c7-c020fd1fe520",
      "center_name": "Sousse Beach Safety Center",
      "recorded_at": "2025-07-19T03:12:29.876Z"
    },
    {
      "center_id": "6c847017-e5ab-4e48-b987-328d742f7562",
      "center_name": "Sounine",
      "recorded_at": "2025-07-19T03:02:44.056Z"
    },
    {
      "center_id": "6091fcc3-3b14-430e-8d28-0907aa1db98d",
      "center_name": "Takelsa",
      "recorded_at": "2025-07-19T03:02:43.879Z"
    },
    {
      "center_id": "5897994c-3d0f-4bcf-9624-3103ddffdcf4",
      "center_name": "Monastir Beach Safety Center",
      "recorded_at": "2025-07-19T03:02:43.821Z"
    },
    {
      "center_id": "f350b731-2da6-4e3d-9a9d-5fa3c8c985ab",
      "center_name": "Djerba Beach Safety Center",
      "recorded_at": "2025-07-19T03:02:43.819Z"
    },
    {
      "center_id": "a42d64f5-73d9-41cb-97c7-c020fd1fe520",
      "center_name": "Sousse Beach Safety Center",
      "recorded_at": "2025-07-19T03:02:43.771Z"
    },
    {
      "center_id": "2c140dc1-5fac-4efe-80e3-2ad63dea6b8f",
      "center_name": "maamoura",
      "recorded_at": "2025-07-19T03:02:43.751Z"
    },
    {
      "center_id": "efe6b507-ecd3-4eac-bd21-82cbe1125cc0",
      "center_name": "Hammamet Beach Safety Center",
      "recorded_at": "2025-07-19T03:02:43.715Z"
    },
    {
      "center_id": "a1f85c07-8c14-4616-8199-a1c9c46d9b48",
      "center_name": "Tabarka Beach Safety Center",
      "recorded_at": "2025-07-19T03:02:43.706Z"
    },
    {
      "center_id": "f350b731-2da6-4e3d-9a9d-5fa3c8c985ab",
      "center_name": "Djerba Beach Safety Center",
      "recorded_at": "2025-07-19T02:59:57.105Z"
    },
    {
      "center_id": "a1f85c07-8c14-4616-8199-a1c9c46d9b48",
      "center_name": "Tabarka Beach Safety Center",
      "recorded_at": "2025-07-19T02:59:57.103Z"
    },
    {
      "center_id": "5897994c-3d0f-4bcf-9624-3103ddffdcf4",
      "center_name": "Monastir Beach Safety Center",
      "recorded_at": "2025-07-19T02:59:57.041Z"
    },
    {
      "center_id": "6c847017-e5ab-4e48-b987-328d742f7562",
      "center_name": "Sounine",
      "recorded_at": "2025-07-19T02:59:57.033Z"
    },
    {
      "center_id": "a42d64f5-73d9-41cb-97c7-c020fd1fe520",
      "center_name": "Sousse Beach Safety Center",
      "recorded_at": "2025-07-19T02:59:57.003Z"
    },
    {
      "center_id": "6091fcc3-3b14-430e-8d28-0907aa1db98d",
      "center_name": "Takelsa",
      "recorded_at": "2025-07-19T02:59:57.001Z"
    },
    {
      "center_id": "efe6b507-ecd3-4eac-bd21-82cbe1125cc0",
      "center_name": "Hammamet Beach Safety Center",
      "recorded_at": "2025-07-19T02:59:56.932Z"
    },
    {
      "center_id": "2c140dc1-5fac-4efe-80e3-2ad63dea6b8f",
      "center_name": "maamoura",
      "recorded_at": "2025-07-19T02:59:56.927Z"
    },
    {
      "center_id": "6091fcc3-3b14-430e-8d28-0907aa1db98d",
      "center_name": "Takelsa",
      "recorded_at": "2025-07-19T02:54:39.120Z"
    },
    {
      "center_id": "f350b731-2da6-4e3d-9a9d-5fa3c8c985ab",
      "center_name": "Djerba Beach Safety Center",
      "recorded_at": "2025-07-19T02:54:38.954Z"
    },
    {
      "center_id": "2c140dc1-5fac-4efe-80e3-2ad63dea6b8f",
      "center_name": "maamoura",
      "recorded_at": "2025-07-19T02:54:38.914Z"
    },
    {
      "center_id": "6c847017-e5ab-4e48-b987-328d742f7562",
      "center_name": "Sounine",
      "recorded_at": "2025-07-19T02:54:38.883Z"
    },
    {
      "center_id": "efe6b507-ecd3-4eac-bd21-82cbe1125cc0",
      "center_name": "Hammamet Beach Safety Center",
      "recorded_at": "2025-07-19T02:54:38.820Z"
    },
    {
      "center_id": "a42d64f5-73d9-41cb-97c7-c020fd1fe520",
      "center_name": "Sousse Beach Safety Center",
      "recorded_at": "2025-07-19T02:54:38.817Z"
    },
    {
      "center_id": "5897994c-3d0f-4bcf-9624-3103ddffdcf4",
      "center_name": "Monastir Beach Safety Center",
      "recorded_at": "2025-07-19T02:54:38.810Z"
    },
    {
      "center_id": "a1f85c07-8c14-4616-8199-a1c9c46d9b48",
      "center_name": "Tabarka Beach Safety Center",
      "recorded_at": "2025-07-19T02:54:38.762Z"
    },
    {
      "center_id": "f350b731-2da6-4e3d-9a9d-5fa3c8c985ab",
      "center_name": "Djerba Beach Safety Center",
      "recorded_at": "2025-07-19T02:52:29.828Z"
    },
    {
      "center_id": "6091fcc3-3b14-430e-8d28-0907aa1db98d",
      "center_name": "Takelsa",
      "recorded_at": "2025-07-19T02:52:29.649Z"
    },
    {
      "center_id": "6091fcc3-3b14-430e-8d28-0907aa1db98d",
      "center_name": "Takelsa",
      "recorded_at": "2025-07-19T02:52:29.647Z"
    },
    {
      "center_id": "a1f85c07-8c14-4616-8199-a1c9c46d9b48",
      "center_name": "Tabarka Beach Safety Center",
      "recorded_at": "2025-07-19T02:52:29.611Z"
    },
    {
      "center_id": "5897994c-3d0f-4bcf-9624-3103ddffdcf4",
      "center_name": "Monastir Beach Safety Center",
      "recorded_at": "2025-07-19T02:52:29.546Z"
    },
    {
      "center_id": "6c847017-e5ab-4e48-b987-328d742f7562",
      "center_name": "Sounine",
      "recorded_at": "2025-07-19T02:52:29.543Z"
    },
    {
      "center_id": "2c140dc1-5fac-4efe-80e3-2ad63dea6b8f",
      "center_name": "maamoura",
      "recorded_at": "2025-07-19T02:52:29.519Z"
    },
    {
      "center_id": "6c847017-e5ab-4e48-b987-328d742f7562",
      "center_name": "Sounine",
      "recorded_at": "2025-07-19T02:52:29.468Z"
    },
    {
      "center_id": "f350b731-2da6-4e3d-9a9d-5fa3c8c985ab",
      "center_name": "Djerba Beach Safety Center",
      "recorded_at": "2025-07-19T02:52:29.467Z"
    },
    {
      "center_id": "5897994c-3d0f-4bcf-9624-3103ddffdcf4",
      "center_name": "Monastir Beach Safety Center",
      "recorded_at": "2025-07-19T02:52:29.303Z"
    },
    {
      "center_id": "a1f85c07-8c14-4616-8199-a1c9c46d9b48",
      "center_name": "Tabarka Beach Safety Center",
      "recorded_at": "2025-07-19T02:52:29.250Z"
    },
    {
      "center_id": "2c140dc1-5fac-4efe-80e3-2ad63dea6b8f",
      "center_name": "maamoura",
      "recorded_at": "2025-07-19T02:52:29.247Z"
    },
    {
      "center_id": "a42d64f5-73d9-41cb-97c7-c020fd1fe520",
      "center_name": "Sousse Beach Safety Center",
      "recorded_at": "2025-07-19T02:52:29.177Z"
    },
    {
      "center_id": "efe6b507-ecd3-4eac-bd21-82cbe1125cc0",
      "center_name": "Hammamet Beach Safety Center",
      "recorded_at": "2025-07-19T02:52:29.175Z"
    },
    {
      "center_id": "efe6b507-ecd3-4eac-bd21-82cbe1125cc0",
      "center_name": "Hammamet Beach Safety Center",
      "recorded_at": "2025-07-19T02:52:29.135Z"
    },
    {
      "center_id": "a42d64f5-73d9-41cb-97c7-c020fd1fe520",
      "center_name": "Sousse Beach Safety Center",
      "recorded_at": "2025-07-19T02:52:29.128Z"
    },
    {
      "center_id": "efe6b507-ecd3-4eac-bd21-82cbe1125cc0",
      "center_name": "Hammamet Beach Safety Center",
      "recorded_at": "2025-07-19T02:40:55.906Z"
    },
    {
      "center_id": "efe6b507-ecd3-4eac-bd21-82cbe1125cc0",
      "center_name": "Hammamet Beach Safety Center",
      "recorded_at": "2025-07-19T02:40:55.902Z"
    },
    {
      "center_id": "efe6b507-ecd3-4eac-bd21-82cbe1125cc0",
      "center_name": "Hammamet Beach Safety Center",
      "recorded_at": "2025-07-19T02:40:19.892Z"
    },
    {
      "center_id": "efe6b507-ecd3-4eac-bd21-82cbe1125cc0",
      "center_name": "Hammamet Beach Safety Center",
      "recorded_at": "2025-07-19T02:40:19.891Z"
    },
    {
      "center_id": "efe6b507-ecd3-4eac-bd21-82cbe1125cc0",
      "center_name": "Hammamet Beach Safety Center",
      "recorded_at": "2025-07-19T02:40:19.259Z"
    },
    {
      "center_id": "efe6b507-ecd3-4eac-bd21-82cbe1125cc0",
      "center_name": "Hammamet Beach Safety Center",
      "recorded_at": "2025-07-19T02:40:19.255Z"
    },
    {
      "center_id": "efe6b507-ecd3-4eac-bd21-82cbe1125cc0",
      "center_name": "Hammamet Beach Safety Center",
      "recorded_at": "2025-07-19T02:40:18.938Z"
    },
    {
      "center_id": "efe6b507-ecd3-4eac-bd21-82cbe1125cc0",
      "center_name": "Hammamet Beach Safety Center",
      "recorded_at": "2025-07-19T02:40:18.937Z"
    },
    {
      "center_id": "efe6b507-ecd3-4eac-bd21-82cbe1125cc0",
      "center_name": "Hammamet Beach Safety Center",
      "recorded_at": "2025-07-19T02:39:47.668Z"
    },
    {
      "center_id": "efe6b507-ecd3-4eac-bd21-82cbe1125cc0",
      "center_name": "Hammamet Beach Safety Center",
      "recorded_at": "2025-07-19T02:39:47.664Z"
    },
    {
      "center_id": "efe6b507-ecd3-4eac-bd21-82cbe1125cc0",
      "center_name": "Hammamet Beach Safety Center",
      "recorded_at": "2025-07-19T02:39:47.449Z"
    },
    {
      "center_id": "efe6b507-ecd3-4eac-bd21-82cbe1125cc0",
      "center_name": "Hammamet Beach Safety Center",
      "recorded_at": "2025-07-19T02:39:47.448Z"
    },
    {
      "center_id": "efe6b507-ecd3-4eac-bd21-82cbe1125cc0",
      "center_name": "Hammamet Beach Safety Center",
      "recorded_at": "2025-07-19T02:39:47.287Z"
    },
    {
      "center_id": "efe6b507-ecd3-4eac-bd21-82cbe1125cc0",
      "center_name": "Hammamet Beach Safety Center",
      "recorded_at": "2025-07-19T02:39:47.284Z"
    },
    {
      "center_id": "5897994c-3d0f-4bcf-9624-3103ddffdcf4",
      "center_name": "Monastir Beach Safety Center",
      "recorded_at": "2025-07-19T02:37:29.258Z"
    },
    {
      "center_id": "6091fcc3-3b14-430e-8d28-0907aa1db98d",
      "center_name": "Takelsa",
      "recorded_at": "2025-07-19T02:37:29.226Z"
    },
    {
      "center_id": "a1f85c07-8c14-4616-8199-a1c9c46d9b48",
      "center_name": "Tabarka Beach Safety Center",
      "recorded_at": "2025-07-19T02:37:29.154Z"
    },
    {
      "center_id": "6c847017-e5ab-4e48-b987-328d742f7562",
      "center_name": "Sounine",
      "recorded_at": "2025-07-19T02:37:29.152Z"
    },
    {
      "center_id": "f350b731-2da6-4e3d-9a9d-5fa3c8c985ab",
      "center_name": "Djerba Beach Safety Center",
      "recorded_at": "2025-07-19T02:37:29.092Z"
    },
    {
      "center_id": "2c140dc1-5fac-4efe-80e3-2ad63dea6b8f",
      "center_name": "maamoura",
      "recorded_at": "2025-07-19T02:37:29.073Z"
    },
    {
      "center_id": "efe6b507-ecd3-4eac-bd21-82cbe1125cc0",
      "center_name": "Hammamet Beach Safety Center",
      "recorded_at": "2025-07-19T02:37:29.051Z"
    },
    {
      "center_id": "a42d64f5-73d9-41cb-97c7-c020fd1fe520",
      "center_name": "Sousse Beach Safety Center",
      "recorded_at": "2025-07-19T02:37:29.032Z"
    }
  ]
}
2025-07-19 04:20:07 [[32minfo[39m]: ::ffff:127.0.0.1 - - [19/Jul/2025:03:20:07 +0000] "GET /api/v1/public/weather/current HTTP/1.1" 200 55149 "http://localhost:3000/" "Mozilla/5.0 (X11; Ubuntu; Linux x86_64; rv:136.0) Gecko/20100101 Firefox/136.0" {
  "service": "beach-safety-api"
}
2025-07-19 04:20:07 [[32minfo[39m]: ::ffff:127.0.0.1 - - [19/Jul/2025:03:20:07 +0000] "GET /api/v1/public/safety/flags HTTP/1.1" 200 1795 "http://localhost:3000/" "Mozilla/5.0 (X11; Ubuntu; Linux x86_64; rv:136.0) Gecko/20100101 Firefox/136.0" {
  "service": "beach-safety-api"
}
2025-07-19 04:20:07 [[32minfo[39m]: ::ffff:127.0.0.1 - - [19/Jul/2025:03:20:07 +0000] "GET /api/v1/safety-zones/public HTTP/1.1" 200 6367 "http://localhost:3000/" "Mozilla/5.0 (X11; Ubuntu; Linux x86_64; rv:136.0) Gecko/20100101 Firefox/136.0" {
  "service": "beach-safety-api"
}
2025-07-19 04:20:07 [[32minfo[39m]: ::ffff:127.0.0.1 - - [19/Jul/2025:03:20:07 +0000] "GET /api/v1/public/lifeguards/counts HTTP/1.1" 200 954 "http://localhost:3000/" "Mozilla/5.0 (X11; Ubuntu; Linux x86_64; rv:136.0) Gecko/20100101 Firefox/136.0" {
  "service": "beach-safety-api"
}
2025-07-19 04:20:07 [[32minfo[39m]: ::ffff:127.0.0.1 - - [19/Jul/2025:03:20:07 +0000] "GET /api/v1/public/safety/flags HTTP/1.1" 200 1795 "http://localhost:3000/" "Mozilla/5.0 (X11; Ubuntu; Linux x86_64; rv:136.0) Gecko/20100101 Firefox/136.0" {
  "service": "beach-safety-api"
}
2025-07-19 04:20:07 [[32minfo[39m]: ::ffff:127.0.0.1 - - [19/Jul/2025:03:20:07 +0000] "GET /api/v1/public/centers HTTP/1.1" 200 4275 "http://localhost:3000/" "Mozilla/5.0 (X11; Ubuntu; Linux x86_64; rv:136.0) Gecko/20100101 Firefox/136.0" {
  "service": "beach-safety-api"
}
2025-07-19 04:34:08 [[32minfo[39m]: Starting scheduled weather update cycle {
  "service": "beach-safety-api"
}
2025-07-19 04:34:08 [[32minfo[39m]: Starting scheduled safety flag auto-update cycle {
  "service": "beach-safety-api"
}
2025-07-19 04:34:08 [[32minfo[39m]: Connected to PostgreSQL database {
  "service": "beach-safety-api"
}
2025-07-19 04:34:08 [[32minfo[39m]: Connected to PostgreSQL database {
  "service": "beach-safety-api"
}
2025-07-19 04:34:08 [[32minfo[39m]: Connected to PostgreSQL database {
  "service": "beach-safety-api"
}
2025-07-19 04:34:08 [[32minfo[39m]: Connected to PostgreSQL database {
  "service": "beach-safety-api"
}
2025-07-19 04:34:08 [[32minfo[39m]: Connected to PostgreSQL database {
  "service": "beach-safety-api"
}
2025-07-19 04:34:08 [[32minfo[39m]: Connected to PostgreSQL database {
  "service": "beach-safety-api"
}
2025-07-19 04:34:08 [[32minfo[39m]: Connected to PostgreSQL database {
  "service": "beach-safety-api"
}
2025-07-19 04:34:08 [[32minfo[39m]: Connected to PostgreSQL database {
  "service": "beach-safety-api"
}
2025-07-19 04:34:08 [[32minfo[39m]: Connected to PostgreSQL database {
  "service": "beach-safety-api"
}
2025-07-19 04:34:08 [[32minfo[39m]: Connected to PostgreSQL database {
  "service": "beach-safety-api"
}
2025-07-19 04:34:08 [[32minfo[39m]: Connected to PostgreSQL database {
  "service": "beach-safety-api"
}
2025-07-19 04:34:08 [[32minfo[39m]: Connected to PostgreSQL database {
  "service": "beach-safety-api"
}
2025-07-19 04:34:08 [[32minfo[39m]: Connected to PostgreSQL database {
  "service": "beach-safety-api"
}
2025-07-19 04:34:08 [[32minfo[39m]: Connected to PostgreSQL database {
  "service": "beach-safety-api"
}
2025-07-19 04:34:08 [[32minfo[39m]: Connected to PostgreSQL database {
  "service": "beach-safety-api"
}
2025-07-19 04:34:08 [[32minfo[39m]: Connected to PostgreSQL database {
  "service": "beach-safety-api"
}
2025-07-19 04:34:08 [[32minfo[39m]: Raw OpenWeatherMap API response {
  "service": "beach-safety-api",
  "centerId": "f350b731-2da6-4e3d-9a9d-5fa3c8c985ab",
  "centerName": "Djerba Beach Safety Center",
  "coordinates": {
    "lat": 33.8167,
    "lng": 10.85
  },
  "visibility": 10000,
  "weather_condition": "Clear",
  "temperature": 25.94,
  "wind_speed": 1.54,
  "humidity": 89,
  "pressure": 1013,
  "raw_response": {
    "visibility": 10000,
    "weather": [
      {
        "id": 800,
        "main": "Clear",
        "description": "clear sky",
        "icon": "01n"
      }
    ],
    "main": {
      "temp": 25.94,
      "feels_like": 26.91,
      "temp_min": 25.94,
      "temp_max": 25.94,
      "pressure": 1013,
      "humidity": 89,
      "sea_level": 1013,
      "grnd_level": 1012
    },
    "wind": {
      "speed": 1.54,
      "deg": 130
    }
  }
}
2025-07-19 04:34:08 [[32minfo[39m]: Simulated marine data {
  "service": "beach-safety-api",
  "wave_height": 1.37,
  "current_speed": 0.54
}
2025-07-19 04:34:08 [[32minfo[39m]: Transformed weather data {
  "service": "beach-safety-api",
  "centerId": "f350b731-2da6-4e3d-9a9d-5fa3c8c985ab",
  "centerName": "Djerba Beach Safety Center",
  "original_visibility_meters": 10000,
  "transformed_visibility_km": 10,
  "temperature": 25.94,
  "wind_speed": 1.54,
  "weather_condition": "Clear",
  "wave_height": 1.37,
  "current_speed": 0.54
}
2025-07-19 04:34:08 [[32minfo[39m]: Raw OpenWeatherMap API response {
  "service": "beach-safety-api",
  "centerId": "5897994c-3d0f-4bcf-9624-3103ddffdcf4",
  "centerName": "Monastir Beach Safety Center",
  "coordinates": {
    "lat": 35.7667,
    "lng": 10.8333
  },
  "visibility": 8000,
  "weather_condition": "Clear",
  "temperature": 24.94,
  "wind_speed": 1.03,
  "humidity": 88,
  "pressure": 1013,
  "raw_response": {
    "visibility": 8000,
    "weather": [
      {
        "id": 800,
        "main": "Clear",
        "description": "clear sky",
        "icon": "01n"
      }
    ],
    "main": {
      "temp": 24.94,
      "feels_like": 25.79,
      "temp_min": 24.94,
      "temp_max": 24.94,
      "pressure": 1013,
      "humidity": 88,
      "sea_level": 1013,
      "grnd_level": 1011
    },
    "wind": {
      "speed": 1.03,
      "deg": 0
    }
  }
}
2025-07-19 04:34:08 [[32minfo[39m]: Simulated marine data {
  "service": "beach-safety-api",
  "wave_height": 0.89,
  "current_speed": 0.61
}
2025-07-19 04:34:08 [[32minfo[39m]: Transformed weather data {
  "service": "beach-safety-api",
  "centerId": "5897994c-3d0f-4bcf-9624-3103ddffdcf4",
  "centerName": "Monastir Beach Safety Center",
  "original_visibility_meters": 8000,
  "transformed_visibility_km": 8,
  "temperature": 24.94,
  "wind_speed": 1.03,
  "weather_condition": "Clear",
  "wave_height": 0.89,
  "current_speed": 0.61
}
2025-07-19 04:34:08 [[32minfo[39m]: Raw OpenWeatherMap API response {
  "service": "beach-safety-api",
  "centerId": "efe6b507-ecd3-4eac-bd21-82cbe1125cc0",
  "centerName": "Hammamet Beach Safety Center",
  "coordinates": {
    "lat": 36.4,
    "lng": 10.6167
  },
  "visibility": 10000,
  "weather_condition": "Clear",
  "temperature": 23.75,
  "wind_speed": 2.1,
  "humidity": 79,
  "pressure": 1013,
  "raw_response": {
    "visibility": 10000,
    "weather": [
      {
        "id": 800,
        "main": "Clear",
        "description": "clear sky",
        "icon": "01n"
      }
    ],
    "main": {
      "temp": 23.75,
      "feels_like": 24.24,
      "temp_min": 23.75,
      "temp_max": 23.75,
      "pressure": 1013,
      "humidity": 79,
      "sea_level": 1013,
      "grnd_level": 1005
    },
    "wind": {
      "speed": 2.1,
      "deg": 175,
      "gust": 2.07
    }
  }
}
2025-07-19 04:34:08 [[32minfo[39m]: Simulated marine data {
  "service": "beach-safety-api",
  "wave_height": 1.07,
  "current_speed": 0.75
}
2025-07-19 04:34:08 [[32minfo[39m]: Transformed weather data {
  "service": "beach-safety-api",
  "centerId": "efe6b507-ecd3-4eac-bd21-82cbe1125cc0",
  "centerName": "Hammamet Beach Safety Center",
  "original_visibility_meters": 10000,
  "transformed_visibility_km": 10,
  "temperature": 23.75,
  "wind_speed": 2.1,
  "weather_condition": "Clear",
  "wave_height": 1.07,
  "current_speed": 0.75
}
2025-07-19 04:34:08 [[32minfo[39m]: Raw OpenWeatherMap API response {
  "service": "beach-safety-api",
  "centerId": "6c847017-e5ab-4e48-b987-328d742f7562",
  "centerName": "Sounine",
  "coordinates": {
    "lat": 37.21106722049235,
    "lng": 10.179165601730348
  },
  "visibility": 10000,
  "weather_condition": "Clear",
  "temperature": 24.63,
  "wind_speed": 4.07,
  "humidity": 80,
  "pressure": 1012,
  "raw_response": {
    "visibility": 10000,
    "weather": [
      {
        "id": 800,
        "main": "Clear",
        "description": "clear sky",
        "icon": "01n"
      }
    ],
    "main": {
      "temp": 24.63,
      "feels_like": 25.24,
      "temp_min": 24.63,
      "temp_max": 24.63,
      "pressure": 1012,
      "humidity": 80,
      "sea_level": 1012,
      "grnd_level": 1011
    },
    "wind": {
      "speed": 4.07,
      "deg": 146,
      "gust": 4.96
    }
  }
}
2025-07-19 04:34:08 [[32minfo[39m]: Simulated marine data {
  "service": "beach-safety-api",
  "wave_height": 1.5,
  "current_speed": 0.8
}
2025-07-19 04:34:08 [[32minfo[39m]: Transformed weather data {
  "service": "beach-safety-api",
  "centerId": "6c847017-e5ab-4e48-b987-328d742f7562",
  "centerName": "Sounine",
  "original_visibility_meters": 10000,
  "transformed_visibility_km": 10,
  "temperature": 24.63,
  "wind_speed": 4.07,
  "weather_condition": "Clear",
  "wave_height": 1.5,
  "current_speed": 0.8
}
2025-07-19 04:34:08 [[32minfo[39m]: Current weather and marine data fetched and stored {
  "service": "beach-safety-api",
  "centerId": "efe6b507-ecd3-4eac-bd21-82cbe1125cc0",
  "centerName": "Hammamet Beach Safety Center",
  "temperature": 23.75,
  "condition": "Clear",
  "waveHeight": 1.07,
  "currentSpeed": 0.75
}
2025-07-19 04:34:08 [[32minfo[39m]: Weather update emitted {
  "service": "beach-safety-api",
  "centerId": "efe6b507-ecd3-4eac-bd21-82cbe1125cc0"
}
2025-07-19 04:34:08 [[32minfo[39m]: Weather update sent to center {
  "service": "beach-safety-api",
  "centerId": "efe6b507-ecd3-4eac-bd21-82cbe1125cc0",
  "centerName": "Hammamet Beach Safety Center"
}
2025-07-19 04:34:08 [[32minfo[39m]: Current weather and marine data fetched and stored {
  "service": "beach-safety-api",
  "centerId": "5897994c-3d0f-4bcf-9624-3103ddffdcf4",
  "centerName": "Monastir Beach Safety Center",
  "temperature": 24.94,
  "condition": "Clear",
  "waveHeight": 0.89,
  "currentSpeed": 0.61
}
2025-07-19 04:34:08 [[32minfo[39m]: Weather data for flag determination {
  "service": "beach-safety-api",
  "centerId": "5897994c-3d0f-4bcf-9624-3103ddffdcf4",
  "visibility": "8.00",
  "temperature": "24.94",
  "wind_speed": "1.03",
  "wave_height": "0.89",
  "precipitation": "0.00",
  "weather_condition": "Clear"
}
2025-07-19 04:34:08 [[32minfo[39m]: Current weather and marine data fetched and stored {
  "service": "beach-safety-api",
  "centerId": "f350b731-2da6-4e3d-9a9d-5fa3c8c985ab",
  "centerName": "Djerba Beach Safety Center",
  "temperature": 25.94,
  "condition": "Clear",
  "waveHeight": 1.37,
  "currentSpeed": 0.54
}
2025-07-19 04:34:08 [[32minfo[39m]: Weather data for flag determination {
  "service": "beach-safety-api",
  "centerId": "f350b731-2da6-4e3d-9a9d-5fa3c8c985ab",
  "visibility": "10.00",
  "temperature": "25.94",
  "wind_speed": "1.54",
  "wave_height": "1.37",
  "precipitation": "0.00",
  "weather_condition": "Clear"
}
2025-07-19 04:34:08 [[32minfo[39m]: Current weather and marine data fetched and stored {
  "service": "beach-safety-api",
  "centerId": "6c847017-e5ab-4e48-b987-328d742f7562",
  "centerName": "Sounine",
  "temperature": 24.63,
  "condition": "Clear",
  "waveHeight": 1.5,
  "currentSpeed": 0.8
}
2025-07-19 04:34:08 [[32minfo[39m]: Weather data for flag determination {
  "service": "beach-safety-api",
  "centerId": "6c847017-e5ab-4e48-b987-328d742f7562",
  "visibility": "10.00",
  "temperature": "24.63",
  "wind_speed": "4.07",
  "wave_height": "1.50",
  "precipitation": "0.00",
  "weather_condition": "Clear"
}
2025-07-19 04:34:08 [[32minfo[39m]: Safety flag updated automatically {
  "service": "beach-safety-api",
  "centerId": "f350b731-2da6-4e3d-9a9d-5fa3c8c985ab",
  "oldFlag": "none",
  "newFlag": "green",
  "reason": "Safe conditions",
  "alerts": 0,
  "triggeredBy": "system",
  "updateReason": "No flag set - setting automatic flag"
}
2025-07-19 04:34:08 [[32minfo[39m]: Safety flag auto-updated for center {
  "service": "beach-safety-api",
  "centerId": "f350b731-2da6-4e3d-9a9d-5fa3c8c985ab",
  "centerName": "Djerba Beach Safety Center",
  "oldFlag": "none",
  "newFlag": "green",
  "reason": "No flag set - setting automatic flag"
}
2025-07-19 04:34:08 [[32minfo[39m]: Safety flag updated automatically {
  "service": "beach-safety-api",
  "centerId": "5897994c-3d0f-4bcf-9624-3103ddffdcf4",
  "oldFlag": "none",
  "newFlag": "red",
  "reason": "Reduced visibility - caution advised",
  "alerts": 1,
  "triggeredBy": "system",
  "updateReason": "No flag set - setting automatic flag"
}
2025-07-19 04:34:08 [[32minfo[39m]: Safety flag auto-updated for center {
  "service": "beach-safety-api",
  "centerId": "5897994c-3d0f-4bcf-9624-3103ddffdcf4",
  "centerName": "Monastir Beach Safety Center",
  "oldFlag": "none",
  "newFlag": "red",
  "reason": "No flag set - setting automatic flag"
}
2025-07-19 04:34:08 [[32minfo[39m]: Safety flag updated automatically {
  "service": "beach-safety-api",
  "centerId": "6c847017-e5ab-4e48-b987-328d742f7562",
  "oldFlag": "none",
  "newFlag": "green",
  "reason": "Safe conditions",
  "alerts": 0,
  "triggeredBy": "system",
  "updateReason": "No flag set - setting automatic flag"
}
2025-07-19 04:34:08 [[32minfo[39m]: Safety flag auto-updated for center {
  "service": "beach-safety-api",
  "centerId": "6c847017-e5ab-4e48-b987-328d742f7562",
  "centerName": "Sounine",
  "oldFlag": "none",
  "newFlag": "green",
  "reason": "No flag set - setting automatic flag"
}
2025-07-19 04:34:08 [[32minfo[39m]: Raw OpenWeatherMap API response {
  "service": "beach-safety-api",
  "centerId": "a42d64f5-73d9-41cb-97c7-c020fd1fe520",
  "centerName": "Sousse Beach Safety Center",
  "coordinates": {
    "lat": 35.8333,
    "lng": 10.6333
  },
  "visibility": 8000,
  "weather_condition": "Clear",
  "temperature": 24.91,
  "wind_speed": 1.03,
  "humidity": 88,
  "pressure": 1013,
  "raw_response": {
    "visibility": 8000,
    "weather": [
      {
        "id": 800,
        "main": "Clear",
        "description": "clear sky",
        "icon": "01n"
      }
    ],
    "main": {
      "temp": 24.91,
      "feels_like": 25.75,
      "temp_min": 24.91,
      "temp_max": 24.91,
      "pressure": 1013,
      "humidity": 88,
      "sea_level": 1013,
      "grnd_level": 1008
    },
    "wind": {
      "speed": 1.03,
      "deg": 0
    }
  }
}
2025-07-19 04:34:08 [[32minfo[39m]: Simulated marine data {
  "service": "beach-safety-api",
  "wave_height": 0.97,
  "current_speed": 0.76
}
2025-07-19 04:34:08 [[32minfo[39m]: Transformed weather data {
  "service": "beach-safety-api",
  "centerId": "a42d64f5-73d9-41cb-97c7-c020fd1fe520",
  "centerName": "Sousse Beach Safety Center",
  "original_visibility_meters": 8000,
  "transformed_visibility_km": 8,
  "temperature": 24.91,
  "wind_speed": 1.03,
  "weather_condition": "Clear",
  "wave_height": 0.97,
  "current_speed": 0.76
}
2025-07-19 04:34:08 [[32minfo[39m]: Current weather and marine data fetched and stored {
  "service": "beach-safety-api",
  "centerId": "a42d64f5-73d9-41cb-97c7-c020fd1fe520",
  "centerName": "Sousse Beach Safety Center",
  "temperature": 24.91,
  "condition": "Clear",
  "waveHeight": 0.97,
  "currentSpeed": 0.76
}
2025-07-19 04:34:08 [[32minfo[39m]: Weather data for flag determination {
  "service": "beach-safety-api",
  "centerId": "a42d64f5-73d9-41cb-97c7-c020fd1fe520",
  "visibility": "8.00",
  "temperature": "24.91",
  "wind_speed": "1.03",
  "wave_height": "0.97",
  "precipitation": "0.00",
  "weather_condition": "Clear"
}
2025-07-19 04:34:08 [[32minfo[39m]: Raw OpenWeatherMap API response {
  "service": "beach-safety-api",
  "centerId": "a1f85c07-8c14-4616-8199-a1c9c46d9b48",
  "centerName": "Tabarka Beach Safety Center",
  "coordinates": {
    "lat": 36.95,
    "lng": 8.75
  },
  "visibility": 10000,
  "weather_condition": "Clear",
  "temperature": 22.02,
  "wind_speed": 2.57,
  "humidity": 73,
  "pressure": 1011,
  "raw_response": {
    "visibility": 10000,
    "weather": [
      {
        "id": 800,
        "main": "Clear",
        "description": "clear sky",
        "icon": "01n"
      }
    ],
    "main": {
      "temp": 22.02,
      "feels_like": 22.18,
      "temp_min": 22.02,
      "temp_max": 22.02,
      "pressure": 1011,
      "humidity": 73,
      "sea_level": 1011,
      "grnd_level": 991
    },
    "wind": {
      "speed": 2.57,
      "deg": 130
    }
  }
}
2025-07-19 04:34:08 [[32minfo[39m]: Simulated marine data {
  "service": "beach-safety-api",
  "wave_height": 1.43,
  "current_speed": 0.64
}
2025-07-19 04:34:08 [[32minfo[39m]: Transformed weather data {
  "service": "beach-safety-api",
  "centerId": "a1f85c07-8c14-4616-8199-a1c9c46d9b48",
  "centerName": "Tabarka Beach Safety Center",
  "original_visibility_meters": 10000,
  "transformed_visibility_km": 10,
  "temperature": 22.02,
  "wind_speed": 2.57,
  "weather_condition": "Clear",
  "wave_height": 1.43,
  "current_speed": 0.64
}
2025-07-19 04:34:08 [[32minfo[39m]: Safety flag updated automatically {
  "service": "beach-safety-api",
  "centerId": "a42d64f5-73d9-41cb-97c7-c020fd1fe520",
  "oldFlag": "none",
  "newFlag": "red",
  "reason": "Reduced visibility - caution advised",
  "alerts": 1,
  "triggeredBy": "system",
  "updateReason": "No flag set - setting automatic flag"
}
2025-07-19 04:34:08 [[32minfo[39m]: Safety flag auto-updated for center {
  "service": "beach-safety-api",
  "centerId": "a42d64f5-73d9-41cb-97c7-c020fd1fe520",
  "centerName": "Sousse Beach Safety Center",
  "oldFlag": "none",
  "newFlag": "red",
  "reason": "No flag set - setting automatic flag"
}
2025-07-19 04:34:08 [[32minfo[39m]: Current weather and marine data fetched and stored {
  "service": "beach-safety-api",
  "centerId": "a1f85c07-8c14-4616-8199-a1c9c46d9b48",
  "centerName": "Tabarka Beach Safety Center",
  "temperature": 22.02,
  "condition": "Clear",
  "waveHeight": 1.43,
  "currentSpeed": 0.64
}
2025-07-19 04:34:08 [[32minfo[39m]: Weather data for flag determination {
  "service": "beach-safety-api",
  "centerId": "a1f85c07-8c14-4616-8199-a1c9c46d9b48",
  "visibility": "10.00",
  "temperature": "22.02",
  "wind_speed": "2.57",
  "wave_height": "1.43",
  "precipitation": "0.00",
  "weather_condition": "Clear"
}
2025-07-19 04:34:08 [[32minfo[39m]: Safety flag updated automatically {
  "service": "beach-safety-api",
  "centerId": "a1f85c07-8c14-4616-8199-a1c9c46d9b48",
  "oldFlag": "none",
  "newFlag": "green",
  "reason": "Safe conditions",
  "alerts": 0,
  "triggeredBy": "system",
  "updateReason": "No flag set - setting automatic flag"
}
2025-07-19 04:34:08 [[32minfo[39m]: Safety flag auto-updated for center {
  "service": "beach-safety-api",
  "centerId": "a1f85c07-8c14-4616-8199-a1c9c46d9b48",
  "centerName": "Tabarka Beach Safety Center",
  "oldFlag": "none",
  "newFlag": "green",
  "reason": "No flag set - setting automatic flag"
}
2025-07-19 04:34:08 [[32minfo[39m]: Raw OpenWeatherMap API response {
  "service": "beach-safety-api",
  "centerId": "6091fcc3-3b14-430e-8d28-0907aa1db98d",
  "centerName": "Takelsa",
  "coordinates": {
    "lat": 36.882154463,
    "lng": 10.608962774
  },
  "visibility": 10000,
  "weather_condition": "Clear",
  "temperature": 24.39,
  "wind_speed": 3.34,
  "humidity": 76,
  "pressure": 1013,
  "raw_response": {
    "visibility": 10000,
    "weather": [
      {
        "id": 800,
        "main": "Clear",
        "description": "clear sky",
        "icon": "01n"
      }
    ],
    "main": {
      "temp": 24.39,
      "feels_like": 24.87,
      "temp_min": 24.39,
      "temp_max": 24.39,
      "pressure": 1013,
      "humidity": 76,
      "sea_level": 1013,
      "grnd_level": 1008
    },
    "wind": {
      "speed": 3.34,
      "deg": 138,
      "gust": 3.43
    }
  }
}
2025-07-19 04:34:08 [[32minfo[39m]: Simulated marine data {
  "service": "beach-safety-api",
  "wave_height": 0.73,
  "current_speed": 0.73
}
2025-07-19 04:34:08 [[32minfo[39m]: Transformed weather data {
  "service": "beach-safety-api",
  "centerId": "6091fcc3-3b14-430e-8d28-0907aa1db98d",
  "centerName": "Takelsa",
  "original_visibility_meters": 10000,
  "transformed_visibility_km": 10,
  "temperature": 24.39,
  "wind_speed": 3.34,
  "weather_condition": "Clear",
  "wave_height": 0.73,
  "current_speed": 0.73
}
2025-07-19 04:34:08 [[32minfo[39m]: Current weather and marine data fetched and stored {
  "service": "beach-safety-api",
  "centerId": "6091fcc3-3b14-430e-8d28-0907aa1db98d",
  "centerName": "Takelsa",
  "temperature": 24.39,
  "condition": "Clear",
  "waveHeight": 0.73,
  "currentSpeed": 0.73
}
2025-07-19 04:34:08 [[32minfo[39m]: Weather data for flag determination {
  "service": "beach-safety-api",
  "centerId": "6091fcc3-3b14-430e-8d28-0907aa1db98d",
  "visibility": "10.00",
  "temperature": "24.39",
  "wind_speed": "3.34",
  "wave_height": "0.73",
  "precipitation": "0.00",
  "weather_condition": "Clear"
}
2025-07-19 04:34:08 [[32minfo[39m]: Manual flag still valid - respecting manual override {
  "service": "beach-safety-api",
  "centerId": "6091fcc3-3b14-430e-8d28-0907aa1db98d",
  "currentFlag": "red",
  "expiresAt": null,
  "setByRole": "center_admin"
}
2025-07-19 04:34:08 [[32minfo[39m]: Safety flag auto-update check completed for center {
  "service": "beach-safety-api",
  "centerId": "6091fcc3-3b14-430e-8d28-0907aa1db98d",
  "centerName": "Takelsa",
  "currentFlag": "red",
  "reason": "Manual flag still valid"
}
2025-07-19 04:34:08 [[32minfo[39m]: Raw OpenWeatherMap API response {
  "service": "beach-safety-api",
  "centerId": "6c847017-e5ab-4e48-b987-328d742f7562",
  "centerName": "Sounine",
  "coordinates": {
    "lat": 37.21106722049235,
    "lng": 10.179165601730348
  },
  "visibility": 10000,
  "weather_condition": "Clear",
  "temperature": 24.63,
  "wind_speed": 4.07,
  "humidity": 80,
  "pressure": 1012,
  "raw_response": {
    "visibility": 10000,
    "weather": [
      {
        "id": 800,
        "main": "Clear",
        "description": "clear sky",
        "icon": "01n"
      }
    ],
    "main": {
      "temp": 24.63,
      "feels_like": 25.24,
      "temp_min": 24.63,
      "temp_max": 24.63,
      "pressure": 1012,
      "humidity": 80,
      "sea_level": 1012,
      "grnd_level": 1011
    },
    "wind": {
      "speed": 4.07,
      "deg": 146,
      "gust": 4.96
    }
  }
}
2025-07-19 04:34:08 [[32minfo[39m]: Simulated marine data {
  "service": "beach-safety-api",
  "wave_height": 0.74,
  "current_speed": 0.72
}
2025-07-19 04:34:08 [[32minfo[39m]: Transformed weather data {
  "service": "beach-safety-api",
  "centerId": "6c847017-e5ab-4e48-b987-328d742f7562",
  "centerName": "Sounine",
  "original_visibility_meters": 10000,
  "transformed_visibility_km": 10,
  "temperature": 24.63,
  "wind_speed": 4.07,
  "weather_condition": "Clear",
  "wave_height": 0.74,
  "current_speed": 0.72
}
2025-07-19 04:34:08 [[32minfo[39m]: Current weather and marine data fetched and stored {
  "service": "beach-safety-api",
  "centerId": "6c847017-e5ab-4e48-b987-328d742f7562",
  "centerName": "Sounine",
  "temperature": 24.63,
  "condition": "Clear",
  "waveHeight": 0.74,
  "currentSpeed": 0.72
}
2025-07-19 04:34:08 [[32minfo[39m]: Weather update emitted {
  "service": "beach-safety-api",
  "centerId": "6c847017-e5ab-4e48-b987-328d742f7562"
}
2025-07-19 04:34:08 [[32minfo[39m]: Weather update sent to center {
  "service": "beach-safety-api",
  "centerId": "6c847017-e5ab-4e48-b987-328d742f7562",
  "centerName": "Sounine"
}
2025-07-19 04:34:08 [[32minfo[39m]: Raw OpenWeatherMap API response {
  "service": "beach-safety-api",
  "centerId": "f350b731-2da6-4e3d-9a9d-5fa3c8c985ab",
  "centerName": "Djerba Beach Safety Center",
  "coordinates": {
    "lat": 33.8167,
    "lng": 10.85
  },
  "visibility": 10000,
  "weather_condition": "Clear",
  "temperature": 25.94,
  "wind_speed": 1.54,
  "humidity": 89,
  "pressure": 1013,
  "raw_response": {
    "visibility": 10000,
    "weather": [
      {
        "id": 800,
        "main": "Clear",
        "description": "clear sky",
        "icon": "01n"
      }
    ],
    "main": {
      "temp": 25.94,
      "feels_like": 26.91,
      "temp_min": 25.94,
      "temp_max": 25.94,
      "pressure": 1013,
      "humidity": 89,
      "sea_level": 1013,
      "grnd_level": 1012
    },
    "wind": {
      "speed": 1.54,
      "deg": 130
    }
  }
}
2025-07-19 04:34:08 [[32minfo[39m]: Simulated marine data {
  "service": "beach-safety-api",
  "wave_height": 1.32,
  "current_speed": 0.74
}
2025-07-19 04:34:08 [[32minfo[39m]: Transformed weather data {
  "service": "beach-safety-api",
  "centerId": "f350b731-2da6-4e3d-9a9d-5fa3c8c985ab",
  "centerName": "Djerba Beach Safety Center",
  "original_visibility_meters": 10000,
  "transformed_visibility_km": 10,
  "temperature": 25.94,
  "wind_speed": 1.54,
  "weather_condition": "Clear",
  "wave_height": 1.32,
  "current_speed": 0.74
}
2025-07-19 04:34:08 [[32minfo[39m]: Current weather and marine data fetched and stored {
  "service": "beach-safety-api",
  "centerId": "f350b731-2da6-4e3d-9a9d-5fa3c8c985ab",
  "centerName": "Djerba Beach Safety Center",
  "temperature": 25.94,
  "condition": "Clear",
  "waveHeight": 1.32,
  "currentSpeed": 0.74
}
2025-07-19 04:34:08 [[32minfo[39m]: Weather update emitted {
  "service": "beach-safety-api",
  "centerId": "f350b731-2da6-4e3d-9a9d-5fa3c8c985ab"
}
2025-07-19 04:34:08 [[32minfo[39m]: Weather update sent to center {
  "service": "beach-safety-api",
  "centerId": "f350b731-2da6-4e3d-9a9d-5fa3c8c985ab",
  "centerName": "Djerba Beach Safety Center"
}
2025-07-19 04:34:08 [[32minfo[39m]: Raw OpenWeatherMap API response {
  "service": "beach-safety-api",
  "centerId": "a42d64f5-73d9-41cb-97c7-c020fd1fe520",
  "centerName": "Sousse Beach Safety Center",
  "coordinates": {
    "lat": 35.8333,
    "lng": 10.6333
  },
  "visibility": 8000,
  "weather_condition": "Clear",
  "temperature": 24.91,
  "wind_speed": 1.03,
  "humidity": 88,
  "pressure": 1013,
  "raw_response": {
    "visibility": 8000,
    "weather": [
      {
        "id": 800,
        "main": "Clear",
        "description": "clear sky",
        "icon": "01n"
      }
    ],
    "main": {
      "temp": 24.91,
      "feels_like": 25.75,
      "temp_min": 24.91,
      "temp_max": 24.91,
      "pressure": 1013,
      "humidity": 88,
      "sea_level": 1013,
      "grnd_level": 1008
    },
    "wind": {
      "speed": 1.03,
      "deg": 0
    }
  }
}
2025-07-19 04:34:08 [[32minfo[39m]: Simulated marine data {
  "service": "beach-safety-api",
  "wave_height": 1.28,
  "current_speed": 0.53
}
2025-07-19 04:34:08 [[32minfo[39m]: Transformed weather data {
  "service": "beach-safety-api",
  "centerId": "a42d64f5-73d9-41cb-97c7-c020fd1fe520",
  "centerName": "Sousse Beach Safety Center",
  "original_visibility_meters": 8000,
  "transformed_visibility_km": 8,
  "temperature": 24.91,
  "wind_speed": 1.03,
  "weather_condition": "Clear",
  "wave_height": 1.28,
  "current_speed": 0.53
}
2025-07-19 04:34:08 [[32minfo[39m]: Raw OpenWeatherMap API response {
  "service": "beach-safety-api",
  "centerId": "2c140dc1-5fac-4efe-80e3-2ad63dea6b8f",
  "centerName": "maamoura",
  "coordinates": {
    "lat": 36.50415378724642,
    "lng": 10.810546875000002
  },
  "visibility": 10000,
  "weather_condition": "Clear",
  "temperature": 23.38,
  "wind_speed": 1.68,
  "humidity": 78,
  "pressure": 1013,
  "raw_response": {
    "visibility": 10000,
    "weather": [
      {
        "id": 800,
        "main": "Clear",
        "description": "clear sky",
        "icon": "01n"
      }
    ],
    "main": {
      "temp": 23.38,
      "feels_like": 23.81,
      "temp_min": 23.38,
      "temp_max": 23.38,
      "pressure": 1013,
      "humidity": 78,
      "sea_level": 1013,
      "grnd_level": 1007
    },
    "wind": {
      "speed": 1.68,
      "deg": 175,
      "gust": 1.8
    }
  }
}
2025-07-19 04:34:08 [[32minfo[39m]: Simulated marine data {
  "service": "beach-safety-api",
  "wave_height": 0.76,
  "current_speed": 0.6
}
2025-07-19 04:34:08 [[32minfo[39m]: Transformed weather data {
  "service": "beach-safety-api",
  "centerId": "2c140dc1-5fac-4efe-80e3-2ad63dea6b8f",
  "centerName": "maamoura",
  "original_visibility_meters": 10000,
  "transformed_visibility_km": 10,
  "temperature": 23.38,
  "wind_speed": 1.68,
  "weather_condition": "Clear",
  "wave_height": 0.76,
  "current_speed": 0.6
}
2025-07-19 04:34:08 [[32minfo[39m]: Current weather and marine data fetched and stored {
  "service": "beach-safety-api",
  "centerId": "a42d64f5-73d9-41cb-97c7-c020fd1fe520",
  "centerName": "Sousse Beach Safety Center",
  "temperature": 24.91,
  "condition": "Clear",
  "waveHeight": 1.28,
  "currentSpeed": 0.53
}
2025-07-19 04:34:08 [[32minfo[39m]: Weather update emitted {
  "service": "beach-safety-api",
  "centerId": "a42d64f5-73d9-41cb-97c7-c020fd1fe520"
}
2025-07-19 04:34:08 [[32minfo[39m]: Weather update sent to center {
  "service": "beach-safety-api",
  "centerId": "a42d64f5-73d9-41cb-97c7-c020fd1fe520",
  "centerName": "Sousse Beach Safety Center"
}
2025-07-19 04:34:08 [[32minfo[39m]: Current weather and marine data fetched and stored {
  "service": "beach-safety-api",
  "centerId": "2c140dc1-5fac-4efe-80e3-2ad63dea6b8f",
  "centerName": "maamoura",
  "temperature": 23.38,
  "condition": "Clear",
  "waveHeight": 0.76,
  "currentSpeed": 0.6
}
2025-07-19 04:34:08 [[32minfo[39m]: Weather update emitted {
  "service": "beach-safety-api",
  "centerId": "2c140dc1-5fac-4efe-80e3-2ad63dea6b8f"
}
2025-07-19 04:34:08 [[32minfo[39m]: Weather update sent to center {
  "service": "beach-safety-api",
  "centerId": "2c140dc1-5fac-4efe-80e3-2ad63dea6b8f",
  "centerName": "maamoura"
}
2025-07-19 04:34:09 [[32minfo[39m]: Raw OpenWeatherMap API response {
  "service": "beach-safety-api",
  "centerId": "5897994c-3d0f-4bcf-9624-3103ddffdcf4",
  "centerName": "Monastir Beach Safety Center",
  "coordinates": {
    "lat": 35.7667,
    "lng": 10.8333
  },
  "visibility": 8000,
  "weather_condition": "Clear",
  "temperature": 24.94,
  "wind_speed": 1.03,
  "humidity": 88,
  "pressure": 1013,
  "raw_response": {
    "visibility": 8000,
    "weather": [
      {
        "id": 800,
        "main": "Clear",
        "description": "clear sky",
        "icon": "01n"
      }
    ],
    "main": {
      "temp": 24.94,
      "feels_like": 25.79,
      "temp_min": 24.94,
      "temp_max": 24.94,
      "pressure": 1013,
      "humidity": 88,
      "sea_level": 1013,
      "grnd_level": 1011
    },
    "wind": {
      "speed": 1.03,
      "deg": 0
    }
  }
}
2025-07-19 04:34:09 [[32minfo[39m]: Simulated marine data {
  "service": "beach-safety-api",
  "wave_height": 0.94,
  "current_speed": 0.71
}
2025-07-19 04:34:09 [[32minfo[39m]: Transformed weather data {
  "service": "beach-safety-api",
  "centerId": "5897994c-3d0f-4bcf-9624-3103ddffdcf4",
  "centerName": "Monastir Beach Safety Center",
  "original_visibility_meters": 8000,
  "transformed_visibility_km": 8,
  "temperature": 24.94,
  "wind_speed": 1.03,
  "weather_condition": "Clear",
  "wave_height": 0.94,
  "current_speed": 0.71
}
2025-07-19 04:34:09 [[32minfo[39m]: Raw OpenWeatherMap API response {
  "service": "beach-safety-api",
  "centerId": "6091fcc3-3b14-430e-8d28-0907aa1db98d",
  "centerName": "Takelsa",
  "coordinates": {
    "lat": 36.882154463,
    "lng": 10.608962774
  },
  "visibility": 10000,
  "weather_condition": "Clear",
  "temperature": 24.39,
  "wind_speed": 3.34,
  "humidity": 76,
  "pressure": 1013,
  "raw_response": {
    "visibility": 10000,
    "weather": [
      {
        "id": 800,
        "main": "Clear",
        "description": "clear sky",
        "icon": "01n"
      }
    ],
    "main": {
      "temp": 24.39,
      "feels_like": 24.87,
      "temp_min": 24.39,
      "temp_max": 24.39,
      "pressure": 1013,
      "humidity": 76,
      "sea_level": 1013,
      "grnd_level": 1008
    },
    "wind": {
      "speed": 3.34,
      "deg": 138,
      "gust": 3.43
    }
  }
}
2025-07-19 04:34:09 [[32minfo[39m]: Simulated marine data {
  "service": "beach-safety-api",
  "wave_height": 1.41,
  "current_speed": 0.83
}
2025-07-19 04:34:09 [[32minfo[39m]: Transformed weather data {
  "service": "beach-safety-api",
  "centerId": "6091fcc3-3b14-430e-8d28-0907aa1db98d",
  "centerName": "Takelsa",
  "original_visibility_meters": 10000,
  "transformed_visibility_km": 10,
  "temperature": 24.39,
  "wind_speed": 3.34,
  "weather_condition": "Clear",
  "wave_height": 1.41,
  "current_speed": 0.83
}
2025-07-19 04:34:09 [[32minfo[39m]: Raw OpenWeatherMap API response {
  "service": "beach-safety-api",
  "centerId": "2c140dc1-5fac-4efe-80e3-2ad63dea6b8f",
  "centerName": "maamoura",
  "coordinates": {
    "lat": 36.50415378724642,
    "lng": 10.810546875000002
  },
  "visibility": 10000,
  "weather_condition": "Clear",
  "temperature": 23.38,
  "wind_speed": 1.68,
  "humidity": 78,
  "pressure": 1013,
  "raw_response": {
    "visibility": 10000,
    "weather": [
      {
        "id": 800,
        "main": "Clear",
        "description": "clear sky",
        "icon": "01n"
      }
    ],
    "main": {
      "temp": 23.38,
      "feels_like": 23.81,
      "temp_min": 23.38,
      "temp_max": 23.38,
      "pressure": 1013,
      "humidity": 78,
      "sea_level": 1013,
      "grnd_level": 1007
    },
    "wind": {
      "speed": 1.68,
      "deg": 175,
      "gust": 1.8
    }
  }
}
2025-07-19 04:34:09 [[32minfo[39m]: Simulated marine data {
  "service": "beach-safety-api",
  "wave_height": 1.11,
  "current_speed": 0.64
}
2025-07-19 04:34:09 [[32minfo[39m]: Transformed weather data {
  "service": "beach-safety-api",
  "centerId": "2c140dc1-5fac-4efe-80e3-2ad63dea6b8f",
  "centerName": "maamoura",
  "original_visibility_meters": 10000,
  "transformed_visibility_km": 10,
  "temperature": 23.38,
  "wind_speed": 1.68,
  "weather_condition": "Clear",
  "wave_height": 1.11,
  "current_speed": 0.64
}
2025-07-19 04:34:09 [[32minfo[39m]: Current weather and marine data fetched and stored {
  "service": "beach-safety-api",
  "centerId": "5897994c-3d0f-4bcf-9624-3103ddffdcf4",
  "centerName": "Monastir Beach Safety Center",
  "temperature": 24.94,
  "condition": "Clear",
  "waveHeight": 0.94,
  "currentSpeed": 0.71
}
2025-07-19 04:34:09 [[32minfo[39m]: Weather update emitted {
  "service": "beach-safety-api",
  "centerId": "5897994c-3d0f-4bcf-9624-3103ddffdcf4"
}
2025-07-19 04:34:09 [[32minfo[39m]: Weather update sent to center {
  "service": "beach-safety-api",
  "centerId": "5897994c-3d0f-4bcf-9624-3103ddffdcf4",
  "centerName": "Monastir Beach Safety Center"
}
2025-07-19 04:34:09 [[32minfo[39m]: Current weather and marine data fetched and stored {
  "service": "beach-safety-api",
  "centerId": "2c140dc1-5fac-4efe-80e3-2ad63dea6b8f",
  "centerName": "maamoura",
  "temperature": 23.38,
  "condition": "Clear",
  "waveHeight": 1.11,
  "currentSpeed": 0.64
}
2025-07-19 04:34:09 [[32minfo[39m]: Weather data for flag determination {
  "service": "beach-safety-api",
  "centerId": "2c140dc1-5fac-4efe-80e3-2ad63dea6b8f",
  "visibility": "10.00",
  "temperature": "23.38",
  "wind_speed": "1.68",
  "wave_height": "1.11",
  "precipitation": "0.00",
  "weather_condition": "Clear"
}
2025-07-19 04:34:09 [[32minfo[39m]: Current weather and marine data fetched and stored {
  "service": "beach-safety-api",
  "centerId": "6091fcc3-3b14-430e-8d28-0907aa1db98d",
  "centerName": "Takelsa",
  "temperature": 24.39,
  "condition": "Clear",
  "waveHeight": 1.41,
  "currentSpeed": 0.83
}
2025-07-19 04:34:09 [[32minfo[39m]: Weather update emitted {
  "service": "beach-safety-api",
  "centerId": "6091fcc3-3b14-430e-8d28-0907aa1db98d"
}
2025-07-19 04:34:09 [[32minfo[39m]: Weather update sent to center {
  "service": "beach-safety-api",
  "centerId": "6091fcc3-3b14-430e-8d28-0907aa1db98d",
  "centerName": "Takelsa"
}
2025-07-19 04:34:09 [[32minfo[39m]: Safety flag updated automatically {
  "service": "beach-safety-api",
  "centerId": "2c140dc1-5fac-4efe-80e3-2ad63dea6b8f",
  "oldFlag": "none",
  "newFlag": "green",
  "reason": "Safe conditions",
  "alerts": 0,
  "triggeredBy": "system",
  "updateReason": "No flag set - setting automatic flag"
}
2025-07-19 04:34:09 [[32minfo[39m]: Safety flag auto-updated for center {
  "service": "beach-safety-api",
  "centerId": "2c140dc1-5fac-4efe-80e3-2ad63dea6b8f",
  "centerName": "maamoura",
  "oldFlag": "none",
  "newFlag": "green",
  "reason": "No flag set - setting automatic flag"
}
2025-07-19 04:34:09 [[32minfo[39m]: Raw OpenWeatherMap API response {
  "service": "beach-safety-api",
  "centerId": "a1f85c07-8c14-4616-8199-a1c9c46d9b48",
  "centerName": "Tabarka Beach Safety Center",
  "coordinates": {
    "lat": 36.95,
    "lng": 8.75
  },
  "visibility": 10000,
  "weather_condition": "Clear",
  "temperature": 22.02,
  "wind_speed": 2.57,
  "humidity": 73,
  "pressure": 1011,
  "raw_response": {
    "visibility": 10000,
    "weather": [
      {
        "id": 800,
        "main": "Clear",
        "description": "clear sky",
        "icon": "01n"
      }
    ],
    "main": {
      "temp": 22.02,
      "feels_like": 22.18,
      "temp_min": 22.02,
      "temp_max": 22.02,
      "pressure": 1011,
      "humidity": 73,
      "sea_level": 1011,
      "grnd_level": 991
    },
    "wind": {
      "speed": 2.57,
      "deg": 130
    }
  }
}
2025-07-19 04:34:09 [[32minfo[39m]: Simulated marine data {
  "service": "beach-safety-api",
  "wave_height": 0.88,
  "current_speed": 0.7
}
2025-07-19 04:34:09 [[32minfo[39m]: Transformed weather data {
  "service": "beach-safety-api",
  "centerId": "a1f85c07-8c14-4616-8199-a1c9c46d9b48",
  "centerName": "Tabarka Beach Safety Center",
  "original_visibility_meters": 10000,
  "transformed_visibility_km": 10,
  "temperature": 22.02,
  "wind_speed": 2.57,
  "weather_condition": "Clear",
  "wave_height": 0.88,
  "current_speed": 0.7
}
2025-07-19 04:34:09 [[32minfo[39m]: Current weather and marine data fetched and stored {
  "service": "beach-safety-api",
  "centerId": "a1f85c07-8c14-4616-8199-a1c9c46d9b48",
  "centerName": "Tabarka Beach Safety Center",
  "temperature": 22.02,
  "condition": "Clear",
  "waveHeight": 0.88,
  "currentSpeed": 0.7
}
2025-07-19 04:34:09 [[32minfo[39m]: Weather update emitted {
  "service": "beach-safety-api",
  "centerId": "a1f85c07-8c14-4616-8199-a1c9c46d9b48"
}
2025-07-19 04:34:09 [[32minfo[39m]: Weather update sent to center {
  "service": "beach-safety-api",
  "centerId": "a1f85c07-8c14-4616-8199-a1c9c46d9b48",
  "centerName": "Tabarka Beach Safety Center"
}
2025-07-19 04:34:09 [[32minfo[39m]: Weather updates completed for all centers {
  "service": "beach-safety-api"
}
2025-07-19 04:34:09 [[32minfo[39m]: Scheduled weather update cycle completed {
  "service": "beach-safety-api"
}
2025-07-19 04:34:09 [[32minfo[39m]: Raw OpenWeatherMap API response {
  "service": "beach-safety-api",
  "centerId": "efe6b507-ecd3-4eac-bd21-82cbe1125cc0",
  "centerName": "Hammamet Beach Safety Center",
  "coordinates": {
    "lat": 36.4,
    "lng": 10.6167
  },
  "visibility": 10000,
  "weather_condition": "Clear",
  "temperature": 23.75,
  "wind_speed": 2.1,
  "humidity": 79,
  "pressure": 1013,
  "raw_response": {
    "visibility": 10000,
    "weather": [
      {
        "id": 800,
        "main": "Clear",
        "description": "clear sky",
        "icon": "01n"
      }
    ],
    "main": {
      "temp": 23.75,
      "feels_like": 24.24,
      "temp_min": 23.75,
      "temp_max": 23.75,
      "pressure": 1013,
      "humidity": 79,
      "sea_level": 1013,
      "grnd_level": 1005
    },
    "wind": {
      "speed": 2.1,
      "deg": 175,
      "gust": 2.07
    }
  }
}
2025-07-19 04:34:09 [[32minfo[39m]: Simulated marine data {
  "service": "beach-safety-api",
  "wave_height": 0.81,
  "current_speed": 0.74
}
2025-07-19 04:34:09 [[32minfo[39m]: Transformed weather data {
  "service": "beach-safety-api",
  "centerId": "efe6b507-ecd3-4eac-bd21-82cbe1125cc0",
  "centerName": "Hammamet Beach Safety Center",
  "original_visibility_meters": 10000,
  "transformed_visibility_km": 10,
  "temperature": 23.75,
  "wind_speed": 2.1,
  "weather_condition": "Clear",
  "wave_height": 0.81,
  "current_speed": 0.74
}
2025-07-19 04:34:09 [[32minfo[39m]: Current weather and marine data fetched and stored {
  "service": "beach-safety-api",
  "centerId": "efe6b507-ecd3-4eac-bd21-82cbe1125cc0",
  "centerName": "Hammamet Beach Safety Center",
  "temperature": 23.75,
  "condition": "Clear",
  "waveHeight": 0.81,
  "currentSpeed": 0.74
}
2025-07-19 04:34:09 [[32minfo[39m]: Weather data for flag determination {
  "service": "beach-safety-api",
  "centerId": "efe6b507-ecd3-4eac-bd21-82cbe1125cc0",
  "visibility": "10.00",
  "temperature": "23.75",
  "wind_speed": "2.10",
  "wave_height": "0.81",
  "precipitation": "0.00",
  "weather_condition": "Clear"
}
2025-07-19 04:34:09 [[32minfo[39m]: Safety flag updated automatically {
  "service": "beach-safety-api",
  "centerId": "efe6b507-ecd3-4eac-bd21-82cbe1125cc0",
  "oldFlag": "none",
  "newFlag": "green",
  "reason": "Safe conditions",
  "alerts": 0,
  "triggeredBy": "system",
  "updateReason": "No flag set - setting automatic flag"
}
2025-07-19 04:34:09 [[32minfo[39m]: Safety flag auto-updated for center {
  "service": "beach-safety-api",
  "centerId": "efe6b507-ecd3-4eac-bd21-82cbe1125cc0",
  "centerName": "Hammamet Beach Safety Center",
  "oldFlag": "none",
  "newFlag": "green",
  "reason": "No flag set - setting automatic flag"
}
2025-07-19 04:34:09 [[32minfo[39m]: Scheduled safety flag auto-update cycle completed {
  "service": "beach-safety-api"
}
2025-07-19 04:38:31 [[32minfo[39m]: Connected to PostgreSQL database {
  "service": "beach-safety-api"
}
2025-07-19 04:38:31 [[32minfo[39m]: Connected to PostgreSQL database {
  "service": "beach-safety-api"
}
2025-07-19 04:38:31 [[32minfo[39m]: Connected to PostgreSQL database {
  "service": "beach-safety-api"
}
2025-07-19 04:38:31 [[32minfo[39m]: Connected to PostgreSQL database {
  "service": "beach-safety-api"
}
2025-07-19 04:38:31 [[32minfo[39m]: Connected to PostgreSQL database {
  "service": "beach-safety-api"
}
2025-07-19 04:38:31 [[32minfo[39m]: ::ffff:127.0.0.1 - - [19/Jul/2025:03:38:31 +0000] "GET /api/v1/public/safety/flags HTTP/1.1" 200 1795 "http://localhost:3000/" "Mozilla/5.0 (X11; Ubuntu; Linux x86_64; rv:136.0) Gecko/20100101 Firefox/136.0" {
  "service": "beach-safety-api"
}
2025-07-19 04:38:31 [[32minfo[39m]: ::ffff:127.0.0.1 - - [19/Jul/2025:03:38:31 +0000] "GET /api/v1/public/lifeguards/counts HTTP/1.1" 304 - "http://localhost:3000/" "Mozilla/5.0 (X11; Ubuntu; Linux x86_64; rv:136.0) Gecko/20100101 Firefox/136.0" {
  "service": "beach-safety-api"
}
2025-07-19 04:38:31 [[32minfo[39m]: Public weather query result: {
  "service": "beach-safety-api",
  "totalRows": 102,
  "centers": [
    {
      "center_id": "efe6b507-ecd3-4eac-bd21-82cbe1125cc0",
      "center_name": "Hammamet Beach Safety Center",
      "recorded_at": "2025-07-19T03:34:09.219Z"
    },
    {
      "center_id": "a1f85c07-8c14-4616-8199-a1c9c46d9b48",
      "center_name": "Tabarka Beach Safety Center",
      "recorded_at": "2025-07-19T03:34:09.205Z"
    },
    {
      "center_id": "2c140dc1-5fac-4efe-80e3-2ad63dea6b8f",
      "center_name": "maamoura",
      "recorded_at": "2025-07-19T03:34:09.160Z"
    },
    {
      "center_id": "6091fcc3-3b14-430e-8d28-0907aa1db98d",
      "center_name": "Takelsa",
      "recorded_at": "2025-07-19T03:34:09.156Z"
    },
    {
      "center_id": "5897994c-3d0f-4bcf-9624-3103ddffdcf4",
      "center_name": "Monastir Beach Safety Center",
      "recorded_at": "2025-07-19T03:34:09.155Z"
    },
    {
      "center_id": "2c140dc1-5fac-4efe-80e3-2ad63dea6b8f",
      "center_name": "maamoura",
      "recorded_at": "2025-07-19T03:34:08.981Z"
    },
    {
      "center_id": "a42d64f5-73d9-41cb-97c7-c020fd1fe520",
      "center_name": "Sousse Beach Safety Center",
      "recorded_at": "2025-07-19T03:34:08.979Z"
    },
    {
      "center_id": "f350b731-2da6-4e3d-9a9d-5fa3c8c985ab",
      "center_name": "Djerba Beach Safety Center",
      "recorded_at": "2025-07-19T03:34:08.953Z"
    },
    {
      "center_id": "6c847017-e5ab-4e48-b987-328d742f7562",
      "center_name": "Sounine",
      "recorded_at": "2025-07-19T03:34:08.940Z"
    },
    {
      "center_id": "6091fcc3-3b14-430e-8d28-0907aa1db98d",
      "center_name": "Takelsa",
      "recorded_at": "2025-07-19T03:34:08.919Z"
    },
    {
      "center_id": "a1f85c07-8c14-4616-8199-a1c9c46d9b48",
      "center_name": "Tabarka Beach Safety Center",
      "recorded_at": "2025-07-19T03:34:08.882Z"
    },
    {
      "center_id": "a42d64f5-73d9-41cb-97c7-c020fd1fe520",
      "center_name": "Sousse Beach Safety Center",
      "recorded_at": "2025-07-19T03:34:08.869Z"
    },
    {
      "center_id": "6c847017-e5ab-4e48-b987-328d742f7562",
      "center_name": "Sounine",
      "recorded_at": "2025-07-19T03:34:08.812Z"
    },
    {
      "center_id": "efe6b507-ecd3-4eac-bd21-82cbe1125cc0",
      "center_name": "Hammamet Beach Safety Center",
      "recorded_at": "2025-07-19T03:34:08.808Z"
    },
    {
      "center_id": "5897994c-3d0f-4bcf-9624-3103ddffdcf4",
      "center_name": "Monastir Beach Safety Center",
      "recorded_at": "2025-07-19T03:34:08.805Z"
    },
    {
      "center_id": "f350b731-2da6-4e3d-9a9d-5fa3c8c985ab",
      "center_name": "Djerba Beach Safety Center",
      "recorded_at": "2025-07-19T03:34:08.802Z"
    },
    {
      "center_id": "6091fcc3-3b14-430e-8d28-0907aa1db98d",
      "center_name": "Takelsa",
      "recorded_at": "2025-07-19T03:19:09.489Z"
    },
    {
      "center_id": "5897994c-3d0f-4bcf-9624-3103ddffdcf4",
      "center_name": "Monastir Beach Safety Center",
      "recorded_at": "2025-07-19T03:19:08.858Z"
    },
    {
      "center_id": "6c847017-e5ab-4e48-b987-328d742f7562",
      "center_name": "Sounine",
      "recorded_at": "2025-07-19T03:19:08.762Z"
    },
    {
      "center_id": "f350b731-2da6-4e3d-9a9d-5fa3c8c985ab",
      "center_name": "Djerba Beach Safety Center",
      "recorded_at": "2025-07-19T03:19:08.760Z"
    },
    {
      "center_id": "2c140dc1-5fac-4efe-80e3-2ad63dea6b8f",
      "center_name": "maamoura",
      "recorded_at": "2025-07-19T03:19:08.562Z"
    },
    {
      "center_id": "a1f85c07-8c14-4616-8199-a1c9c46d9b48",
      "center_name": "Tabarka Beach Safety Center",
      "recorded_at": "2025-07-19T03:19:08.530Z"
    },
    {
      "center_id": "a42d64f5-73d9-41cb-97c7-c020fd1fe520",
      "center_name": "Sousse Beach Safety Center",
      "recorded_at": "2025-07-19T03:19:08.475Z"
    },
    {
      "center_id": "efe6b507-ecd3-4eac-bd21-82cbe1125cc0",
      "center_name": "Hammamet Beach Safety Center",
      "recorded_at": "2025-07-19T03:19:08.455Z"
    },
    {
      "center_id": "f350b731-2da6-4e3d-9a9d-5fa3c8c985ab",
      "center_name": "Djerba Beach Safety Center",
      "recorded_at": "2025-07-19T03:16:16.215Z"
    },
    {
      "center_id": "6091fcc3-3b14-430e-8d28-0907aa1db98d",
      "center_name": "Takelsa",
      "recorded_at": "2025-07-19T03:16:16.212Z"
    },
    {
      "center_id": "6c847017-e5ab-4e48-b987-328d742f7562",
      "center_name": "Sounine",
      "recorded_at": "2025-07-19T03:16:16.159Z"
    },
    {
      "center_id": "5897994c-3d0f-4bcf-9624-3103ddffdcf4",
      "center_name": "Monastir Beach Safety Center",
      "recorded_at": "2025-07-19T03:16:16.141Z"
    },
    {
      "center_id": "a42d64f5-73d9-41cb-97c7-c020fd1fe520",
      "center_name": "Sousse Beach Safety Center",
      "recorded_at": "2025-07-19T03:16:16.100Z"
    },
    {
      "center_id": "a1f85c07-8c14-4616-8199-a1c9c46d9b48",
      "center_name": "Tabarka Beach Safety Center",
      "recorded_at": "2025-07-19T03:16:16.084Z"
    },
    {
      "center_id": "efe6b507-ecd3-4eac-bd21-82cbe1125cc0",
      "center_name": "Hammamet Beach Safety Center",
      "recorded_at": "2025-07-19T03:16:16.044Z"
    },
    {
      "center_id": "2c140dc1-5fac-4efe-80e3-2ad63dea6b8f",
      "center_name": "maamoura",
      "recorded_at": "2025-07-19T03:16:16.042Z"
    },
    {
      "center_id": "a1f85c07-8c14-4616-8199-a1c9c46d9b48",
      "center_name": "Tabarka Beach Safety Center",
      "recorded_at": "2025-07-19T03:12:30.154Z"
    },
    {
      "center_id": "5897994c-3d0f-4bcf-9624-3103ddffdcf4",
      "center_name": "Monastir Beach Safety Center",
      "recorded_at": "2025-07-19T03:12:30.151Z"
    },
    {
      "center_id": "f350b731-2da6-4e3d-9a9d-5fa3c8c985ab",
      "center_name": "Djerba Beach Safety Center",
      "recorded_at": "2025-07-19T03:12:30.100Z"
    },
    {
      "center_id": "6c847017-e5ab-4e48-b987-328d742f7562",
      "center_name": "Sounine",
      "recorded_at": "2025-07-19T03:12:30.098Z"
    },
    {
      "center_id": "6091fcc3-3b14-430e-8d28-0907aa1db98d",
      "center_name": "Takelsa",
      "recorded_at": "2025-07-19T03:12:29.946Z"
    },
    {
      "center_id": "2c140dc1-5fac-4efe-80e3-2ad63dea6b8f",
      "center_name": "maamoura",
      "recorded_at": "2025-07-19T03:12:29.943Z"
    },
    {
      "center_id": "efe6b507-ecd3-4eac-bd21-82cbe1125cc0",
      "center_name": "Hammamet Beach Safety Center",
      "recorded_at": "2025-07-19T03:12:29.889Z"
    },
    {
      "center_id": "a42d64f5-73d9-41cb-97c7-c020fd1fe520",
      "center_name": "Sousse Beach Safety Center",
      "recorded_at": "2025-07-19T03:12:29.876Z"
    },
    {
      "center_id": "6c847017-e5ab-4e48-b987-328d742f7562",
      "center_name": "Sounine",
      "recorded_at": "2025-07-19T03:02:44.056Z"
    },
    {
      "center_id": "6091fcc3-3b14-430e-8d28-0907aa1db98d",
      "center_name": "Takelsa",
      "recorded_at": "2025-07-19T03:02:43.879Z"
    },
    {
      "center_id": "5897994c-3d0f-4bcf-9624-3103ddffdcf4",
      "center_name": "Monastir Beach Safety Center",
      "recorded_at": "2025-07-19T03:02:43.821Z"
    },
    {
      "center_id": "f350b731-2da6-4e3d-9a9d-5fa3c8c985ab",
      "center_name": "Djerba Beach Safety Center",
      "recorded_at": "2025-07-19T03:02:43.819Z"
    },
    {
      "center_id": "a42d64f5-73d9-41cb-97c7-c020fd1fe520",
      "center_name": "Sousse Beach Safety Center",
      "recorded_at": "2025-07-19T03:02:43.771Z"
    },
    {
      "center_id": "2c140dc1-5fac-4efe-80e3-2ad63dea6b8f",
      "center_name": "maamoura",
      "recorded_at": "2025-07-19T03:02:43.751Z"
    },
    {
      "center_id": "efe6b507-ecd3-4eac-bd21-82cbe1125cc0",
      "center_name": "Hammamet Beach Safety Center",
      "recorded_at": "2025-07-19T03:02:43.715Z"
    },
    {
      "center_id": "a1f85c07-8c14-4616-8199-a1c9c46d9b48",
      "center_name": "Tabarka Beach Safety Center",
      "recorded_at": "2025-07-19T03:02:43.706Z"
    },
    {
      "center_id": "f350b731-2da6-4e3d-9a9d-5fa3c8c985ab",
      "center_name": "Djerba Beach Safety Center",
      "recorded_at": "2025-07-19T02:59:57.105Z"
    },
    {
      "center_id": "a1f85c07-8c14-4616-8199-a1c9c46d9b48",
      "center_name": "Tabarka Beach Safety Center",
      "recorded_at": "2025-07-19T02:59:57.103Z"
    },
    {
      "center_id": "5897994c-3d0f-4bcf-9624-3103ddffdcf4",
      "center_name": "Monastir Beach Safety Center",
      "recorded_at": "2025-07-19T02:59:57.041Z"
    },
    {
      "center_id": "6c847017-e5ab-4e48-b987-328d742f7562",
      "center_name": "Sounine",
      "recorded_at": "2025-07-19T02:59:57.033Z"
    },
    {
      "center_id": "a42d64f5-73d9-41cb-97c7-c020fd1fe520",
      "center_name": "Sousse Beach Safety Center",
      "recorded_at": "2025-07-19T02:59:57.003Z"
    },
    {
      "center_id": "6091fcc3-3b14-430e-8d28-0907aa1db98d",
      "center_name": "Takelsa",
      "recorded_at": "2025-07-19T02:59:57.001Z"
    },
    {
      "center_id": "efe6b507-ecd3-4eac-bd21-82cbe1125cc0",
      "center_name": "Hammamet Beach Safety Center",
      "recorded_at": "2025-07-19T02:59:56.932Z"
    },
    {
      "center_id": "2c140dc1-5fac-4efe-80e3-2ad63dea6b8f",
      "center_name": "maamoura",
      "recorded_at": "2025-07-19T02:59:56.927Z"
    },
    {
      "center_id": "6091fcc3-3b14-430e-8d28-0907aa1db98d",
      "center_name": "Takelsa",
      "recorded_at": "2025-07-19T02:54:39.120Z"
    },
    {
      "center_id": "f350b731-2da6-4e3d-9a9d-5fa3c8c985ab",
      "center_name": "Djerba Beach Safety Center",
      "recorded_at": "2025-07-19T02:54:38.954Z"
    },
    {
      "center_id": "2c140dc1-5fac-4efe-80e3-2ad63dea6b8f",
      "center_name": "maamoura",
      "recorded_at": "2025-07-19T02:54:38.914Z"
    },
    {
      "center_id": "6c847017-e5ab-4e48-b987-328d742f7562",
      "center_name": "Sounine",
      "recorded_at": "2025-07-19T02:54:38.883Z"
    },
    {
      "center_id": "efe6b507-ecd3-4eac-bd21-82cbe1125cc0",
      "center_name": "Hammamet Beach Safety Center",
      "recorded_at": "2025-07-19T02:54:38.820Z"
    },
    {
      "center_id": "a42d64f5-73d9-41cb-97c7-c020fd1fe520",
      "center_name": "Sousse Beach Safety Center",
      "recorded_at": "2025-07-19T02:54:38.817Z"
    },
    {
      "center_id": "5897994c-3d0f-4bcf-9624-3103ddffdcf4",
      "center_name": "Monastir Beach Safety Center",
      "recorded_at": "2025-07-19T02:54:38.810Z"
    },
    {
      "center_id": "a1f85c07-8c14-4616-8199-a1c9c46d9b48",
      "center_name": "Tabarka Beach Safety Center",
      "recorded_at": "2025-07-19T02:54:38.762Z"
    },
    {
      "center_id": "f350b731-2da6-4e3d-9a9d-5fa3c8c985ab",
      "center_name": "Djerba Beach Safety Center",
      "recorded_at": "2025-07-19T02:52:29.828Z"
    },
    {
      "center_id": "6091fcc3-3b14-430e-8d28-0907aa1db98d",
      "center_name": "Takelsa",
      "recorded_at": "2025-07-19T02:52:29.649Z"
    },
    {
      "center_id": "6091fcc3-3b14-430e-8d28-0907aa1db98d",
      "center_name": "Takelsa",
      "recorded_at": "2025-07-19T02:52:29.647Z"
    },
    {
      "center_id": "a1f85c07-8c14-4616-8199-a1c9c46d9b48",
      "center_name": "Tabarka Beach Safety Center",
      "recorded_at": "2025-07-19T02:52:29.611Z"
    },
    {
      "center_id": "5897994c-3d0f-4bcf-9624-3103ddffdcf4",
      "center_name": "Monastir Beach Safety Center",
      "recorded_at": "2025-07-19T02:52:29.546Z"
    },
    {
      "center_id": "6c847017-e5ab-4e48-b987-328d742f7562",
      "center_name": "Sounine",
      "recorded_at": "2025-07-19T02:52:29.543Z"
    },
    {
      "center_id": "2c140dc1-5fac-4efe-80e3-2ad63dea6b8f",
      "center_name": "maamoura",
      "recorded_at": "2025-07-19T02:52:29.519Z"
    },
    {
      "center_id": "6c847017-e5ab-4e48-b987-328d742f7562",
      "center_name": "Sounine",
      "recorded_at": "2025-07-19T02:52:29.468Z"
    },
    {
      "center_id": "f350b731-2da6-4e3d-9a9d-5fa3c8c985ab",
      "center_name": "Djerba Beach Safety Center",
      "recorded_at": "2025-07-19T02:52:29.467Z"
    },
    {
      "center_id": "5897994c-3d0f-4bcf-9624-3103ddffdcf4",
      "center_name": "Monastir Beach Safety Center",
      "recorded_at": "2025-07-19T02:52:29.303Z"
    },
    {
      "center_id": "a1f85c07-8c14-4616-8199-a1c9c46d9b48",
      "center_name": "Tabarka Beach Safety Center",
      "recorded_at": "2025-07-19T02:52:29.250Z"
    },
    {
      "center_id": "2c140dc1-5fac-4efe-80e3-2ad63dea6b8f",
      "center_name": "maamoura",
      "recorded_at": "2025-07-19T02:52:29.247Z"
    },
    {
      "center_id": "a42d64f5-73d9-41cb-97c7-c020fd1fe520",
      "center_name": "Sousse Beach Safety Center",
      "recorded_at": "2025-07-19T02:52:29.177Z"
    },
    {
      "center_id": "efe6b507-ecd3-4eac-bd21-82cbe1125cc0",
      "center_name": "Hammamet Beach Safety Center",
      "recorded_at": "2025-07-19T02:52:29.175Z"
    },
    {
      "center_id": "efe6b507-ecd3-4eac-bd21-82cbe1125cc0",
      "center_name": "Hammamet Beach Safety Center",
      "recorded_at": "2025-07-19T02:52:29.135Z"
    },
    {
      "center_id": "a42d64f5-73d9-41cb-97c7-c020fd1fe520",
      "center_name": "Sousse Beach Safety Center",
      "recorded_at": "2025-07-19T02:52:29.128Z"
    },
    {
      "center_id": "efe6b507-ecd3-4eac-bd21-82cbe1125cc0",
      "center_name": "Hammamet Beach Safety Center",
      "recorded_at": "2025-07-19T02:40:55.906Z"
    },
    {
      "center_id": "efe6b507-ecd3-4eac-bd21-82cbe1125cc0",
      "center_name": "Hammamet Beach Safety Center",
      "recorded_at": "2025-07-19T02:40:55.902Z"
    },
    {
      "center_id": "efe6b507-ecd3-4eac-bd21-82cbe1125cc0",
      "center_name": "Hammamet Beach Safety Center",
      "recorded_at": "2025-07-19T02:40:19.892Z"
    },
    {
      "center_id": "efe6b507-ecd3-4eac-bd21-82cbe1125cc0",
      "center_name": "Hammamet Beach Safety Center",
      "recorded_at": "2025-07-19T02:40:19.891Z"
    },
    {
      "center_id": "efe6b507-ecd3-4eac-bd21-82cbe1125cc0",
      "center_name": "Hammamet Beach Safety Center",
      "recorded_at": "2025-07-19T02:40:19.259Z"
    },
    {
      "center_id": "efe6b507-ecd3-4eac-bd21-82cbe1125cc0",
      "center_name": "Hammamet Beach Safety Center",
      "recorded_at": "2025-07-19T02:40:19.255Z"
    },
    {
      "center_id": "efe6b507-ecd3-4eac-bd21-82cbe1125cc0",
      "center_name": "Hammamet Beach Safety Center",
      "recorded_at": "2025-07-19T02:40:18.938Z"
    },
    {
      "center_id": "efe6b507-ecd3-4eac-bd21-82cbe1125cc0",
      "center_name": "Hammamet Beach Safety Center",
      "recorded_at": "2025-07-19T02:40:18.937Z"
    },
    {
      "center_id": "efe6b507-ecd3-4eac-bd21-82cbe1125cc0",
      "center_name": "Hammamet Beach Safety Center",
      "recorded_at": "2025-07-19T02:39:47.668Z"
    },
    {
      "center_id": "efe6b507-ecd3-4eac-bd21-82cbe1125cc0",
      "center_name": "Hammamet Beach Safety Center",
      "recorded_at": "2025-07-19T02:39:47.664Z"
    },
    {
      "center_id": "efe6b507-ecd3-4eac-bd21-82cbe1125cc0",
      "center_name": "Hammamet Beach Safety Center",
      "recorded_at": "2025-07-19T02:39:47.449Z"
    },
    {
      "center_id": "efe6b507-ecd3-4eac-bd21-82cbe1125cc0",
      "center_name": "Hammamet Beach Safety Center",
      "recorded_at": "2025-07-19T02:39:47.448Z"
    },
    {
      "center_id": "efe6b507-ecd3-4eac-bd21-82cbe1125cc0",
      "center_name": "Hammamet Beach Safety Center",
      "recorded_at": "2025-07-19T02:39:47.287Z"
    },
    {
      "center_id": "efe6b507-ecd3-4eac-bd21-82cbe1125cc0",
      "center_name": "Hammamet Beach Safety Center",
      "recorded_at": "2025-07-19T02:39:47.284Z"
    },
    {
      "center_id": "5897994c-3d0f-4bcf-9624-3103ddffdcf4",
      "center_name": "Monastir Beach Safety Center",
      "recorded_at": "2025-07-19T02:37:29.258Z"
    },
    {
      "center_id": "6091fcc3-3b14-430e-8d28-0907aa1db98d",
      "center_name": "Takelsa",
      "recorded_at": "2025-07-19T02:37:29.226Z"
    },
    {
      "center_id": "a1f85c07-8c14-4616-8199-a1c9c46d9b48",
      "center_name": "Tabarka Beach Safety Center",
      "recorded_at": "2025-07-19T02:37:29.154Z"
    },
    {
      "center_id": "6c847017-e5ab-4e48-b987-328d742f7562",
      "center_name": "Sounine",
      "recorded_at": "2025-07-19T02:37:29.152Z"
    },
    {
      "center_id": "f350b731-2da6-4e3d-9a9d-5fa3c8c985ab",
      "center_name": "Djerba Beach Safety Center",
      "recorded_at": "2025-07-19T02:37:29.092Z"
    },
    {
      "center_id": "2c140dc1-5fac-4efe-80e3-2ad63dea6b8f",
      "center_name": "maamoura",
      "recorded_at": "2025-07-19T02:37:29.073Z"
    },
    {
      "center_id": "efe6b507-ecd3-4eac-bd21-82cbe1125cc0",
      "center_name": "Hammamet Beach Safety Center",
      "recorded_at": "2025-07-19T02:37:29.051Z"
    },
    {
      "center_id": "a42d64f5-73d9-41cb-97c7-c020fd1fe520",
      "center_name": "Sousse Beach Safety Center",
      "recorded_at": "2025-07-19T02:37:29.032Z"
    }
  ]
}
2025-07-19 04:38:31 [[32minfo[39m]: ::ffff:127.0.0.1 - - [19/Jul/2025:03:38:31 +0000] "GET /api/v1/public/weather/current HTTP/1.1" 200 65411 "http://localhost:3000/" "Mozilla/5.0 (X11; Ubuntu; Linux x86_64; rv:136.0) Gecko/20100101 Firefox/136.0" {
  "service": "beach-safety-api"
}
2025-07-19 04:38:31 [[32minfo[39m]: ::ffff:127.0.0.1 - - [19/Jul/2025:03:38:31 +0000] "GET /api/v1/safety-zones/public HTTP/1.1" 304 - "http://localhost:3000/" "Mozilla/5.0 (X11; Ubuntu; Linux x86_64; rv:136.0) Gecko/20100101 Firefox/136.0" {
  "service": "beach-safety-api"
}
2025-07-19 04:38:31 [[32minfo[39m]: ::ffff:127.0.0.1 - - [19/Jul/2025:03:38:31 +0000] "GET /api/v1/public/centers HTTP/1.1" 304 - "http://localhost:3000/" "Mozilla/5.0 (X11; Ubuntu; Linux x86_64; rv:136.0) Gecko/20100101 Firefox/136.0" {
  "service": "beach-safety-api"
}
2025-07-19 04:38:51 [[32minfo[39m]: ::ffff:127.0.0.1 - - [19/Jul/2025:03:38:51 +0000] "GET /api/v1/public/centers HTTP/1.1" 304 - "http://localhost:3000/" "Mozilla/5.0 (X11; Ubuntu; Linux x86_64; rv:136.0) Gecko/20100101 Firefox/136.0" {
  "service": "beach-safety-api"
}
2025-07-19 04:38:51 [[32minfo[39m]: Public weather query result: {
  "service": "beach-safety-api",
  "totalRows": 102,
  "centers": [
    {
      "center_id": "efe6b507-ecd3-4eac-bd21-82cbe1125cc0",
      "center_name": "Hammamet Beach Safety Center",
      "recorded_at": "2025-07-19T03:34:09.219Z"
    },
    {
      "center_id": "a1f85c07-8c14-4616-8199-a1c9c46d9b48",
      "center_name": "Tabarka Beach Safety Center",
      "recorded_at": "2025-07-19T03:34:09.205Z"
    },
    {
      "center_id": "2c140dc1-5fac-4efe-80e3-2ad63dea6b8f",
      "center_name": "maamoura",
      "recorded_at": "2025-07-19T03:34:09.160Z"
    },
    {
      "center_id": "6091fcc3-3b14-430e-8d28-0907aa1db98d",
      "center_name": "Takelsa",
      "recorded_at": "2025-07-19T03:34:09.156Z"
    },
    {
      "center_id": "5897994c-3d0f-4bcf-9624-3103ddffdcf4",
      "center_name": "Monastir Beach Safety Center",
      "recorded_at": "2025-07-19T03:34:09.155Z"
    },
    {
      "center_id": "2c140dc1-5fac-4efe-80e3-2ad63dea6b8f",
      "center_name": "maamoura",
      "recorded_at": "2025-07-19T03:34:08.981Z"
    },
    {
      "center_id": "a42d64f5-73d9-41cb-97c7-c020fd1fe520",
      "center_name": "Sousse Beach Safety Center",
      "recorded_at": "2025-07-19T03:34:08.979Z"
    },
    {
      "center_id": "f350b731-2da6-4e3d-9a9d-5fa3c8c985ab",
      "center_name": "Djerba Beach Safety Center",
      "recorded_at": "2025-07-19T03:34:08.953Z"
    },
    {
      "center_id": "6c847017-e5ab-4e48-b987-328d742f7562",
      "center_name": "Sounine",
      "recorded_at": "2025-07-19T03:34:08.940Z"
    },
    {
      "center_id": "6091fcc3-3b14-430e-8d28-0907aa1db98d",
      "center_name": "Takelsa",
      "recorded_at": "2025-07-19T03:34:08.919Z"
    },
    {
      "center_id": "a1f85c07-8c14-4616-8199-a1c9c46d9b48",
      "center_name": "Tabarka Beach Safety Center",
      "recorded_at": "2025-07-19T03:34:08.882Z"
    },
    {
      "center_id": "a42d64f5-73d9-41cb-97c7-c020fd1fe520",
      "center_name": "Sousse Beach Safety Center",
      "recorded_at": "2025-07-19T03:34:08.869Z"
    },
    {
      "center_id": "6c847017-e5ab-4e48-b987-328d742f7562",
      "center_name": "Sounine",
      "recorded_at": "2025-07-19T03:34:08.812Z"
    },
    {
      "center_id": "efe6b507-ecd3-4eac-bd21-82cbe1125cc0",
      "center_name": "Hammamet Beach Safety Center",
      "recorded_at": "2025-07-19T03:34:08.808Z"
    },
    {
      "center_id": "5897994c-3d0f-4bcf-9624-3103ddffdcf4",
      "center_name": "Monastir Beach Safety Center",
      "recorded_at": "2025-07-19T03:34:08.805Z"
    },
    {
      "center_id": "f350b731-2da6-4e3d-9a9d-5fa3c8c985ab",
      "center_name": "Djerba Beach Safety Center",
      "recorded_at": "2025-07-19T03:34:08.802Z"
    },
    {
      "center_id": "6091fcc3-3b14-430e-8d28-0907aa1db98d",
      "center_name": "Takelsa",
      "recorded_at": "2025-07-19T03:19:09.489Z"
    },
    {
      "center_id": "5897994c-3d0f-4bcf-9624-3103ddffdcf4",
      "center_name": "Monastir Beach Safety Center",
      "recorded_at": "2025-07-19T03:19:08.858Z"
    },
    {
      "center_id": "6c847017-e5ab-4e48-b987-328d742f7562",
      "center_name": "Sounine",
      "recorded_at": "2025-07-19T03:19:08.762Z"
    },
    {
      "center_id": "f350b731-2da6-4e3d-9a9d-5fa3c8c985ab",
      "center_name": "Djerba Beach Safety Center",
      "recorded_at": "2025-07-19T03:19:08.760Z"
    },
    {
      "center_id": "2c140dc1-5fac-4efe-80e3-2ad63dea6b8f",
      "center_name": "maamoura",
      "recorded_at": "2025-07-19T03:19:08.562Z"
    },
    {
      "center_id": "a1f85c07-8c14-4616-8199-a1c9c46d9b48",
      "center_name": "Tabarka Beach Safety Center",
      "recorded_at": "2025-07-19T03:19:08.530Z"
    },
    {
      "center_id": "a42d64f5-73d9-41cb-97c7-c020fd1fe520",
      "center_name": "Sousse Beach Safety Center",
      "recorded_at": "2025-07-19T03:19:08.475Z"
    },
    {
      "center_id": "efe6b507-ecd3-4eac-bd21-82cbe1125cc0",
      "center_name": "Hammamet Beach Safety Center",
      "recorded_at": "2025-07-19T03:19:08.455Z"
    },
    {
      "center_id": "f350b731-2da6-4e3d-9a9d-5fa3c8c985ab",
      "center_name": "Djerba Beach Safety Center",
      "recorded_at": "2025-07-19T03:16:16.215Z"
    },
    {
      "center_id": "6091fcc3-3b14-430e-8d28-0907aa1db98d",
      "center_name": "Takelsa",
      "recorded_at": "2025-07-19T03:16:16.212Z"
    },
    {
      "center_id": "6c847017-e5ab-4e48-b987-328d742f7562",
      "center_name": "Sounine",
      "recorded_at": "2025-07-19T03:16:16.159Z"
    },
    {
      "center_id": "5897994c-3d0f-4bcf-9624-3103ddffdcf4",
      "center_name": "Monastir Beach Safety Center",
      "recorded_at": "2025-07-19T03:16:16.141Z"
    },
    {
      "center_id": "a42d64f5-73d9-41cb-97c7-c020fd1fe520",
      "center_name": "Sousse Beach Safety Center",
      "recorded_at": "2025-07-19T03:16:16.100Z"
    },
    {
      "center_id": "a1f85c07-8c14-4616-8199-a1c9c46d9b48",
      "center_name": "Tabarka Beach Safety Center",
      "recorded_at": "2025-07-19T03:16:16.084Z"
    },
    {
      "center_id": "efe6b507-ecd3-4eac-bd21-82cbe1125cc0",
      "center_name": "Hammamet Beach Safety Center",
      "recorded_at": "2025-07-19T03:16:16.044Z"
    },
    {
      "center_id": "2c140dc1-5fac-4efe-80e3-2ad63dea6b8f",
      "center_name": "maamoura",
      "recorded_at": "2025-07-19T03:16:16.042Z"
    },
    {
      "center_id": "a1f85c07-8c14-4616-8199-a1c9c46d9b48",
      "center_name": "Tabarka Beach Safety Center",
      "recorded_at": "2025-07-19T03:12:30.154Z"
    },
    {
      "center_id": "5897994c-3d0f-4bcf-9624-3103ddffdcf4",
      "center_name": "Monastir Beach Safety Center",
      "recorded_at": "2025-07-19T03:12:30.151Z"
    },
    {
      "center_id": "f350b731-2da6-4e3d-9a9d-5fa3c8c985ab",
      "center_name": "Djerba Beach Safety Center",
      "recorded_at": "2025-07-19T03:12:30.100Z"
    },
    {
      "center_id": "6c847017-e5ab-4e48-b987-328d742f7562",
      "center_name": "Sounine",
      "recorded_at": "2025-07-19T03:12:30.098Z"
    },
    {
      "center_id": "6091fcc3-3b14-430e-8d28-0907aa1db98d",
      "center_name": "Takelsa",
      "recorded_at": "2025-07-19T03:12:29.946Z"
    },
    {
      "center_id": "2c140dc1-5fac-4efe-80e3-2ad63dea6b8f",
      "center_name": "maamoura",
      "recorded_at": "2025-07-19T03:12:29.943Z"
    },
    {
      "center_id": "efe6b507-ecd3-4eac-bd21-82cbe1125cc0",
      "center_name": "Hammamet Beach Safety Center",
      "recorded_at": "2025-07-19T03:12:29.889Z"
    },
    {
      "center_id": "a42d64f5-73d9-41cb-97c7-c020fd1fe520",
      "center_name": "Sousse Beach Safety Center",
      "recorded_at": "2025-07-19T03:12:29.876Z"
    },
    {
      "center_id": "6c847017-e5ab-4e48-b987-328d742f7562",
      "center_name": "Sounine",
      "recorded_at": "2025-07-19T03:02:44.056Z"
    },
    {
      "center_id": "6091fcc3-3b14-430e-8d28-0907aa1db98d",
      "center_name": "Takelsa",
      "recorded_at": "2025-07-19T03:02:43.879Z"
    },
    {
      "center_id": "5897994c-3d0f-4bcf-9624-3103ddffdcf4",
      "center_name": "Monastir Beach Safety Center",
      "recorded_at": "2025-07-19T03:02:43.821Z"
    },
    {
      "center_id": "f350b731-2da6-4e3d-9a9d-5fa3c8c985ab",
      "center_name": "Djerba Beach Safety Center",
      "recorded_at": "2025-07-19T03:02:43.819Z"
    },
    {
      "center_id": "a42d64f5-73d9-41cb-97c7-c020fd1fe520",
      "center_name": "Sousse Beach Safety Center",
      "recorded_at": "2025-07-19T03:02:43.771Z"
    },
    {
      "center_id": "2c140dc1-5fac-4efe-80e3-2ad63dea6b8f",
      "center_name": "maamoura",
      "recorded_at": "2025-07-19T03:02:43.751Z"
    },
    {
      "center_id": "efe6b507-ecd3-4eac-bd21-82cbe1125cc0",
      "center_name": "Hammamet Beach Safety Center",
      "recorded_at": "2025-07-19T03:02:43.715Z"
    },
    {
      "center_id": "a1f85c07-8c14-4616-8199-a1c9c46d9b48",
      "center_name": "Tabarka Beach Safety Center",
      "recorded_at": "2025-07-19T03:02:43.706Z"
    },
    {
      "center_id": "f350b731-2da6-4e3d-9a9d-5fa3c8c985ab",
      "center_name": "Djerba Beach Safety Center",
      "recorded_at": "2025-07-19T02:59:57.105Z"
    },
    {
      "center_id": "a1f85c07-8c14-4616-8199-a1c9c46d9b48",
      "center_name": "Tabarka Beach Safety Center",
      "recorded_at": "2025-07-19T02:59:57.103Z"
    },
    {
      "center_id": "5897994c-3d0f-4bcf-9624-3103ddffdcf4",
      "center_name": "Monastir Beach Safety Center",
      "recorded_at": "2025-07-19T02:59:57.041Z"
    },
    {
      "center_id": "6c847017-e5ab-4e48-b987-328d742f7562",
      "center_name": "Sounine",
      "recorded_at": "2025-07-19T02:59:57.033Z"
    },
    {
      "center_id": "a42d64f5-73d9-41cb-97c7-c020fd1fe520",
      "center_name": "Sousse Beach Safety Center",
      "recorded_at": "2025-07-19T02:59:57.003Z"
    },
    {
      "center_id": "6091fcc3-3b14-430e-8d28-0907aa1db98d",
      "center_name": "Takelsa",
      "recorded_at": "2025-07-19T02:59:57.001Z"
    },
    {
      "center_id": "efe6b507-ecd3-4eac-bd21-82cbe1125cc0",
      "center_name": "Hammamet Beach Safety Center",
      "recorded_at": "2025-07-19T02:59:56.932Z"
    },
    {
      "center_id": "2c140dc1-5fac-4efe-80e3-2ad63dea6b8f",
      "center_name": "maamoura",
      "recorded_at": "2025-07-19T02:59:56.927Z"
    },
    {
      "center_id": "6091fcc3-3b14-430e-8d28-0907aa1db98d",
      "center_name": "Takelsa",
      "recorded_at": "2025-07-19T02:54:39.120Z"
    },
    {
      "center_id": "f350b731-2da6-4e3d-9a9d-5fa3c8c985ab",
      "center_name": "Djerba Beach Safety Center",
      "recorded_at": "2025-07-19T02:54:38.954Z"
    },
    {
      "center_id": "2c140dc1-5fac-4efe-80e3-2ad63dea6b8f",
      "center_name": "maamoura",
      "recorded_at": "2025-07-19T02:54:38.914Z"
    },
    {
      "center_id": "6c847017-e5ab-4e48-b987-328d742f7562",
      "center_name": "Sounine",
      "recorded_at": "2025-07-19T02:54:38.883Z"
    },
    {
      "center_id": "efe6b507-ecd3-4eac-bd21-82cbe1125cc0",
      "center_name": "Hammamet Beach Safety Center",
      "recorded_at": "2025-07-19T02:54:38.820Z"
    },
    {
      "center_id": "a42d64f5-73d9-41cb-97c7-c020fd1fe520",
      "center_name": "Sousse Beach Safety Center",
      "recorded_at": "2025-07-19T02:54:38.817Z"
    },
    {
      "center_id": "5897994c-3d0f-4bcf-9624-3103ddffdcf4",
      "center_name": "Monastir Beach Safety Center",
      "recorded_at": "2025-07-19T02:54:38.810Z"
    },
    {
      "center_id": "a1f85c07-8c14-4616-8199-a1c9c46d9b48",
      "center_name": "Tabarka Beach Safety Center",
      "recorded_at": "2025-07-19T02:54:38.762Z"
    },
    {
      "center_id": "f350b731-2da6-4e3d-9a9d-5fa3c8c985ab",
      "center_name": "Djerba Beach Safety Center",
      "recorded_at": "2025-07-19T02:52:29.828Z"
    },
    {
      "center_id": "6091fcc3-3b14-430e-8d28-0907aa1db98d",
      "center_name": "Takelsa",
      "recorded_at": "2025-07-19T02:52:29.649Z"
    },
    {
      "center_id": "6091fcc3-3b14-430e-8d28-0907aa1db98d",
      "center_name": "Takelsa",
      "recorded_at": "2025-07-19T02:52:29.647Z"
    },
    {
      "center_id": "a1f85c07-8c14-4616-8199-a1c9c46d9b48",
      "center_name": "Tabarka Beach Safety Center",
      "recorded_at": "2025-07-19T02:52:29.611Z"
    },
    {
      "center_id": "5897994c-3d0f-4bcf-9624-3103ddffdcf4",
      "center_name": "Monastir Beach Safety Center",
      "recorded_at": "2025-07-19T02:52:29.546Z"
    },
    {
      "center_id": "6c847017-e5ab-4e48-b987-328d742f7562",
      "center_name": "Sounine",
      "recorded_at": "2025-07-19T02:52:29.543Z"
    },
    {
      "center_id": "2c140dc1-5fac-4efe-80e3-2ad63dea6b8f",
      "center_name": "maamoura",
      "recorded_at": "2025-07-19T02:52:29.519Z"
    },
    {
      "center_id": "6c847017-e5ab-4e48-b987-328d742f7562",
      "center_name": "Sounine",
      "recorded_at": "2025-07-19T02:52:29.468Z"
    },
    {
      "center_id": "f350b731-2da6-4e3d-9a9d-5fa3c8c985ab",
      "center_name": "Djerba Beach Safety Center",
      "recorded_at": "2025-07-19T02:52:29.467Z"
    },
    {
      "center_id": "5897994c-3d0f-4bcf-9624-3103ddffdcf4",
      "center_name": "Monastir Beach Safety Center",
      "recorded_at": "2025-07-19T02:52:29.303Z"
    },
    {
      "center_id": "a1f85c07-8c14-4616-8199-a1c9c46d9b48",
      "center_name": "Tabarka Beach Safety Center",
      "recorded_at": "2025-07-19T02:52:29.250Z"
    },
    {
      "center_id": "2c140dc1-5fac-4efe-80e3-2ad63dea6b8f",
      "center_name": "maamoura",
      "recorded_at": "2025-07-19T02:52:29.247Z"
    },
    {
      "center_id": "a42d64f5-73d9-41cb-97c7-c020fd1fe520",
      "center_name": "Sousse Beach Safety Center",
      "recorded_at": "2025-07-19T02:52:29.177Z"
    },
    {
      "center_id": "efe6b507-ecd3-4eac-bd21-82cbe1125cc0",
      "center_name": "Hammamet Beach Safety Center",
      "recorded_at": "2025-07-19T02:52:29.175Z"
    },
    {
      "center_id": "efe6b507-ecd3-4eac-bd21-82cbe1125cc0",
      "center_name": "Hammamet Beach Safety Center",
      "recorded_at": "2025-07-19T02:52:29.135Z"
    },
    {
      "center_id": "a42d64f5-73d9-41cb-97c7-c020fd1fe520",
      "center_name": "Sousse Beach Safety Center",
      "recorded_at": "2025-07-19T02:52:29.128Z"
    },
    {
      "center_id": "efe6b507-ecd3-4eac-bd21-82cbe1125cc0",
      "center_name": "Hammamet Beach Safety Center",
      "recorded_at": "2025-07-19T02:40:55.906Z"
    },
    {
      "center_id": "efe6b507-ecd3-4eac-bd21-82cbe1125cc0",
      "center_name": "Hammamet Beach Safety Center",
      "recorded_at": "2025-07-19T02:40:55.902Z"
    },
    {
      "center_id": "efe6b507-ecd3-4eac-bd21-82cbe1125cc0",
      "center_name": "Hammamet Beach Safety Center",
      "recorded_at": "2025-07-19T02:40:19.892Z"
    },
    {
      "center_id": "efe6b507-ecd3-4eac-bd21-82cbe1125cc0",
      "center_name": "Hammamet Beach Safety Center",
      "recorded_at": "2025-07-19T02:40:19.891Z"
    },
    {
      "center_id": "efe6b507-ecd3-4eac-bd21-82cbe1125cc0",
      "center_name": "Hammamet Beach Safety Center",
      "recorded_at": "2025-07-19T02:40:19.259Z"
    },
    {
      "center_id": "efe6b507-ecd3-4eac-bd21-82cbe1125cc0",
      "center_name": "Hammamet Beach Safety Center",
      "recorded_at": "2025-07-19T02:40:19.255Z"
    },
    {
      "center_id": "efe6b507-ecd3-4eac-bd21-82cbe1125cc0",
      "center_name": "Hammamet Beach Safety Center",
      "recorded_at": "2025-07-19T02:40:18.938Z"
    },
    {
      "center_id": "efe6b507-ecd3-4eac-bd21-82cbe1125cc0",
      "center_name": "Hammamet Beach Safety Center",
      "recorded_at": "2025-07-19T02:40:18.937Z"
    },
    {
      "center_id": "efe6b507-ecd3-4eac-bd21-82cbe1125cc0",
      "center_name": "Hammamet Beach Safety Center",
      "recorded_at": "2025-07-19T02:39:47.668Z"
    },
    {
      "center_id": "efe6b507-ecd3-4eac-bd21-82cbe1125cc0",
      "center_name": "Hammamet Beach Safety Center",
      "recorded_at": "2025-07-19T02:39:47.664Z"
    },
    {
      "center_id": "efe6b507-ecd3-4eac-bd21-82cbe1125cc0",
      "center_name": "Hammamet Beach Safety Center",
      "recorded_at": "2025-07-19T02:39:47.449Z"
    },
    {
      "center_id": "efe6b507-ecd3-4eac-bd21-82cbe1125cc0",
      "center_name": "Hammamet Beach Safety Center",
      "recorded_at": "2025-07-19T02:39:47.448Z"
    },
    {
      "center_id": "efe6b507-ecd3-4eac-bd21-82cbe1125cc0",
      "center_name": "Hammamet Beach Safety Center",
      "recorded_at": "2025-07-19T02:39:47.287Z"
    },
    {
      "center_id": "efe6b507-ecd3-4eac-bd21-82cbe1125cc0",
      "center_name": "Hammamet Beach Safety Center",
      "recorded_at": "2025-07-19T02:39:47.284Z"
    },
    {
      "center_id": "5897994c-3d0f-4bcf-9624-3103ddffdcf4",
      "center_name": "Monastir Beach Safety Center",
      "recorded_at": "2025-07-19T02:37:29.258Z"
    },
    {
      "center_id": "6091fcc3-3b14-430e-8d28-0907aa1db98d",
      "center_name": "Takelsa",
      "recorded_at": "2025-07-19T02:37:29.226Z"
    },
    {
      "center_id": "a1f85c07-8c14-4616-8199-a1c9c46d9b48",
      "center_name": "Tabarka Beach Safety Center",
      "recorded_at": "2025-07-19T02:37:29.154Z"
    },
    {
      "center_id": "6c847017-e5ab-4e48-b987-328d742f7562",
      "center_name": "Sounine",
      "recorded_at": "2025-07-19T02:37:29.152Z"
    },
    {
      "center_id": "f350b731-2da6-4e3d-9a9d-5fa3c8c985ab",
      "center_name": "Djerba Beach Safety Center",
      "recorded_at": "2025-07-19T02:37:29.092Z"
    },
    {
      "center_id": "2c140dc1-5fac-4efe-80e3-2ad63dea6b8f",
      "center_name": "maamoura",
      "recorded_at": "2025-07-19T02:37:29.073Z"
    },
    {
      "center_id": "efe6b507-ecd3-4eac-bd21-82cbe1125cc0",
      "center_name": "Hammamet Beach Safety Center",
      "recorded_at": "2025-07-19T02:37:29.051Z"
    },
    {
      "center_id": "a42d64f5-73d9-41cb-97c7-c020fd1fe520",
      "center_name": "Sousse Beach Safety Center",
      "recorded_at": "2025-07-19T02:37:29.032Z"
    }
  ]
}
2025-07-19 04:38:51 [[32minfo[39m]: ::ffff:127.0.0.1 - - [19/Jul/2025:03:38:51 +0000] "GET /api/v1/public/weather/current HTTP/1.1" 304 - "http://localhost:3000/" "Mozilla/5.0 (X11; Ubuntu; Linux x86_64; rv:136.0) Gecko/20100101 Firefox/136.0" {
  "service": "beach-safety-api"
}
2025-07-19 04:38:51 [[32minfo[39m]: ::ffff:127.0.0.1 - - [19/Jul/2025:03:38:51 +0000] "GET /api/v1/public/safety/flags HTTP/1.1" 304 - "http://localhost:3000/" "Mozilla/5.0 (X11; Ubuntu; Linux x86_64; rv:136.0) Gecko/20100101 Firefox/136.0" {
  "service": "beach-safety-api"
}
2025-07-19 04:38:51 [[32minfo[39m]: ::ffff:127.0.0.1 - - [19/Jul/2025:03:38:51 +0000] "GET /api/v1/safety-zones/public HTTP/1.1" 304 - "http://localhost:3000/" "Mozilla/5.0 (X11; Ubuntu; Linux x86_64; rv:136.0) Gecko/20100101 Firefox/136.0" {
  "service": "beach-safety-api"
}
2025-07-19 04:38:51 [[32minfo[39m]: ::ffff:127.0.0.1 - - [19/Jul/2025:03:38:51 +0000] "GET /api/v1/public/lifeguards/counts HTTP/1.1" 304 - "http://localhost:3000/" "Mozilla/5.0 (X11; Ubuntu; Linux x86_64; rv:136.0) Gecko/20100101 Firefox/136.0" {
  "service": "beach-safety-api"
}
2025-07-19 04:39:42 [[32minfo[39m]: Connected to PostgreSQL database {
  "service": "beach-safety-api"
}
2025-07-19 04:39:42 [[32minfo[39m]: Connected to PostgreSQL database {
  "service": "beach-safety-api"
}
2025-07-19 04:39:42 [[32minfo[39m]: Connected to PostgreSQL database {
  "service": "beach-safety-api"
}
2025-07-19 04:39:42 [[32minfo[39m]: Connected to PostgreSQL database {
  "service": "beach-safety-api"
}
2025-07-19 04:39:42 [[32minfo[39m]: Connected to PostgreSQL database {
  "service": "beach-safety-api"
}
2025-07-19 04:39:42 [[32minfo[39m]: ::ffff:127.0.0.1 - - [19/Jul/2025:03:39:42 +0000] "GET /api/v1/public/lifeguards/counts HTTP/1.1" 200 954 "http://localhost:3000/" "Mozilla/5.0 (X11; Ubuntu; Linux x86_64; rv:136.0) Gecko/20100101 Firefox/136.0" {
  "service": "beach-safety-api"
}
2025-07-19 04:39:42 [[32minfo[39m]: ::ffff:127.0.0.1 - - [19/Jul/2025:03:39:42 +0000] "GET /api/v1/public/safety/flags HTTP/1.1" 200 1795 "http://localhost:3000/" "Mozilla/5.0 (X11; Ubuntu; Linux x86_64; rv:136.0) Gecko/20100101 Firefox/136.0" {
  "service": "beach-safety-api"
}
2025-07-19 04:39:42 [[32minfo[39m]: ::ffff:127.0.0.1 - - [19/Jul/2025:03:39:42 +0000] "GET /api/v1/public/centers HTTP/1.1" 200 4275 "http://localhost:3000/" "Mozilla/5.0 (X11; Ubuntu; Linux x86_64; rv:136.0) Gecko/20100101 Firefox/136.0" {
  "service": "beach-safety-api"
}
2025-07-19 04:39:42 [[32minfo[39m]: ::ffff:127.0.0.1 - - [19/Jul/2025:03:39:42 +0000] "GET /api/v1/safety-zones/public HTTP/1.1" 200 6367 "http://localhost:3000/" "Mozilla/5.0 (X11; Ubuntu; Linux x86_64; rv:136.0) Gecko/20100101 Firefox/136.0" {
  "service": "beach-safety-api"
}
2025-07-19 04:39:42 [[32minfo[39m]: Public weather query result: {
  "service": "beach-safety-api",
  "totalRows": 102,
  "centers": [
    {
      "center_id": "efe6b507-ecd3-4eac-bd21-82cbe1125cc0",
      "center_name": "Hammamet Beach Safety Center",
      "recorded_at": "2025-07-19T03:34:09.219Z"
    },
    {
      "center_id": "a1f85c07-8c14-4616-8199-a1c9c46d9b48",
      "center_name": "Tabarka Beach Safety Center",
      "recorded_at": "2025-07-19T03:34:09.205Z"
    },
    {
      "center_id": "2c140dc1-5fac-4efe-80e3-2ad63dea6b8f",
      "center_name": "maamoura",
      "recorded_at": "2025-07-19T03:34:09.160Z"
    },
    {
      "center_id": "6091fcc3-3b14-430e-8d28-0907aa1db98d",
      "center_name": "Takelsa",
      "recorded_at": "2025-07-19T03:34:09.156Z"
    },
    {
      "center_id": "5897994c-3d0f-4bcf-9624-3103ddffdcf4",
      "center_name": "Monastir Beach Safety Center",
      "recorded_at": "2025-07-19T03:34:09.155Z"
    },
    {
      "center_id": "2c140dc1-5fac-4efe-80e3-2ad63dea6b8f",
      "center_name": "maamoura",
      "recorded_at": "2025-07-19T03:34:08.981Z"
    },
    {
      "center_id": "a42d64f5-73d9-41cb-97c7-c020fd1fe520",
      "center_name": "Sousse Beach Safety Center",
      "recorded_at": "2025-07-19T03:34:08.979Z"
    },
    {
      "center_id": "f350b731-2da6-4e3d-9a9d-5fa3c8c985ab",
      "center_name": "Djerba Beach Safety Center",
      "recorded_at": "2025-07-19T03:34:08.953Z"
    },
    {
      "center_id": "6c847017-e5ab-4e48-b987-328d742f7562",
      "center_name": "Sounine",
      "recorded_at": "2025-07-19T03:34:08.940Z"
    },
    {
      "center_id": "6091fcc3-3b14-430e-8d28-0907aa1db98d",
      "center_name": "Takelsa",
      "recorded_at": "2025-07-19T03:34:08.919Z"
    },
    {
      "center_id": "a1f85c07-8c14-4616-8199-a1c9c46d9b48",
      "center_name": "Tabarka Beach Safety Center",
      "recorded_at": "2025-07-19T03:34:08.882Z"
    },
    {
      "center_id": "a42d64f5-73d9-41cb-97c7-c020fd1fe520",
      "center_name": "Sousse Beach Safety Center",
      "recorded_at": "2025-07-19T03:34:08.869Z"
    },
    {
      "center_id": "6c847017-e5ab-4e48-b987-328d742f7562",
      "center_name": "Sounine",
      "recorded_at": "2025-07-19T03:34:08.812Z"
    },
    {
      "center_id": "efe6b507-ecd3-4eac-bd21-82cbe1125cc0",
      "center_name": "Hammamet Beach Safety Center",
      "recorded_at": "2025-07-19T03:34:08.808Z"
    },
    {
      "center_id": "5897994c-3d0f-4bcf-9624-3103ddffdcf4",
      "center_name": "Monastir Beach Safety Center",
      "recorded_at": "2025-07-19T03:34:08.805Z"
    },
    {
      "center_id": "f350b731-2da6-4e3d-9a9d-5fa3c8c985ab",
      "center_name": "Djerba Beach Safety Center",
      "recorded_at": "2025-07-19T03:34:08.802Z"
    },
    {
      "center_id": "6091fcc3-3b14-430e-8d28-0907aa1db98d",
      "center_name": "Takelsa",
      "recorded_at": "2025-07-19T03:19:09.489Z"
    },
    {
      "center_id": "5897994c-3d0f-4bcf-9624-3103ddffdcf4",
      "center_name": "Monastir Beach Safety Center",
      "recorded_at": "2025-07-19T03:19:08.858Z"
    },
    {
      "center_id": "6c847017-e5ab-4e48-b987-328d742f7562",
      "center_name": "Sounine",
      "recorded_at": "2025-07-19T03:19:08.762Z"
    },
    {
      "center_id": "f350b731-2da6-4e3d-9a9d-5fa3c8c985ab",
      "center_name": "Djerba Beach Safety Center",
      "recorded_at": "2025-07-19T03:19:08.760Z"
    },
    {
      "center_id": "2c140dc1-5fac-4efe-80e3-2ad63dea6b8f",
      "center_name": "maamoura",
      "recorded_at": "2025-07-19T03:19:08.562Z"
    },
    {
      "center_id": "a1f85c07-8c14-4616-8199-a1c9c46d9b48",
      "center_name": "Tabarka Beach Safety Center",
      "recorded_at": "2025-07-19T03:19:08.530Z"
    },
    {
      "center_id": "a42d64f5-73d9-41cb-97c7-c020fd1fe520",
      "center_name": "Sousse Beach Safety Center",
      "recorded_at": "2025-07-19T03:19:08.475Z"
    },
    {
      "center_id": "efe6b507-ecd3-4eac-bd21-82cbe1125cc0",
      "center_name": "Hammamet Beach Safety Center",
      "recorded_at": "2025-07-19T03:19:08.455Z"
    },
    {
      "center_id": "f350b731-2da6-4e3d-9a9d-5fa3c8c985ab",
      "center_name": "Djerba Beach Safety Center",
      "recorded_at": "2025-07-19T03:16:16.215Z"
    },
    {
      "center_id": "6091fcc3-3b14-430e-8d28-0907aa1db98d",
      "center_name": "Takelsa",
      "recorded_at": "2025-07-19T03:16:16.212Z"
    },
    {
      "center_id": "6c847017-e5ab-4e48-b987-328d742f7562",
      "center_name": "Sounine",
      "recorded_at": "2025-07-19T03:16:16.159Z"
    },
    {
      "center_id": "5897994c-3d0f-4bcf-9624-3103ddffdcf4",
      "center_name": "Monastir Beach Safety Center",
      "recorded_at": "2025-07-19T03:16:16.141Z"
    },
    {
      "center_id": "a42d64f5-73d9-41cb-97c7-c020fd1fe520",
      "center_name": "Sousse Beach Safety Center",
      "recorded_at": "2025-07-19T03:16:16.100Z"
    },
    {
      "center_id": "a1f85c07-8c14-4616-8199-a1c9c46d9b48",
      "center_name": "Tabarka Beach Safety Center",
      "recorded_at": "2025-07-19T03:16:16.084Z"
    },
    {
      "center_id": "efe6b507-ecd3-4eac-bd21-82cbe1125cc0",
      "center_name": "Hammamet Beach Safety Center",
      "recorded_at": "2025-07-19T03:16:16.044Z"
    },
    {
      "center_id": "2c140dc1-5fac-4efe-80e3-2ad63dea6b8f",
      "center_name": "maamoura",
      "recorded_at": "2025-07-19T03:16:16.042Z"
    },
    {
      "center_id": "a1f85c07-8c14-4616-8199-a1c9c46d9b48",
      "center_name": "Tabarka Beach Safety Center",
      "recorded_at": "2025-07-19T03:12:30.154Z"
    },
    {
      "center_id": "5897994c-3d0f-4bcf-9624-3103ddffdcf4",
      "center_name": "Monastir Beach Safety Center",
      "recorded_at": "2025-07-19T03:12:30.151Z"
    },
    {
      "center_id": "f350b731-2da6-4e3d-9a9d-5fa3c8c985ab",
      "center_name": "Djerba Beach Safety Center",
      "recorded_at": "2025-07-19T03:12:30.100Z"
    },
    {
      "center_id": "6c847017-e5ab-4e48-b987-328d742f7562",
      "center_name": "Sounine",
      "recorded_at": "2025-07-19T03:12:30.098Z"
    },
    {
      "center_id": "6091fcc3-3b14-430e-8d28-0907aa1db98d",
      "center_name": "Takelsa",
      "recorded_at": "2025-07-19T03:12:29.946Z"
    },
    {
      "center_id": "2c140dc1-5fac-4efe-80e3-2ad63dea6b8f",
      "center_name": "maamoura",
      "recorded_at": "2025-07-19T03:12:29.943Z"
    },
    {
      "center_id": "efe6b507-ecd3-4eac-bd21-82cbe1125cc0",
      "center_name": "Hammamet Beach Safety Center",
      "recorded_at": "2025-07-19T03:12:29.889Z"
    },
    {
      "center_id": "a42d64f5-73d9-41cb-97c7-c020fd1fe520",
      "center_name": "Sousse Beach Safety Center",
      "recorded_at": "2025-07-19T03:12:29.876Z"
    },
    {
      "center_id": "6c847017-e5ab-4e48-b987-328d742f7562",
      "center_name": "Sounine",
      "recorded_at": "2025-07-19T03:02:44.056Z"
    },
    {
      "center_id": "6091fcc3-3b14-430e-8d28-0907aa1db98d",
      "center_name": "Takelsa",
      "recorded_at": "2025-07-19T03:02:43.879Z"
    },
    {
      "center_id": "5897994c-3d0f-4bcf-9624-3103ddffdcf4",
      "center_name": "Monastir Beach Safety Center",
      "recorded_at": "2025-07-19T03:02:43.821Z"
    },
    {
      "center_id": "f350b731-2da6-4e3d-9a9d-5fa3c8c985ab",
      "center_name": "Djerba Beach Safety Center",
      "recorded_at": "2025-07-19T03:02:43.819Z"
    },
    {
      "center_id": "a42d64f5-73d9-41cb-97c7-c020fd1fe520",
      "center_name": "Sousse Beach Safety Center",
      "recorded_at": "2025-07-19T03:02:43.771Z"
    },
    {
      "center_id": "2c140dc1-5fac-4efe-80e3-2ad63dea6b8f",
      "center_name": "maamoura",
      "recorded_at": "2025-07-19T03:02:43.751Z"
    },
    {
      "center_id": "efe6b507-ecd3-4eac-bd21-82cbe1125cc0",
      "center_name": "Hammamet Beach Safety Center",
      "recorded_at": "2025-07-19T03:02:43.715Z"
    },
    {
      "center_id": "a1f85c07-8c14-4616-8199-a1c9c46d9b48",
      "center_name": "Tabarka Beach Safety Center",
      "recorded_at": "2025-07-19T03:02:43.706Z"
    },
    {
      "center_id": "f350b731-2da6-4e3d-9a9d-5fa3c8c985ab",
      "center_name": "Djerba Beach Safety Center",
      "recorded_at": "2025-07-19T02:59:57.105Z"
    },
    {
      "center_id": "a1f85c07-8c14-4616-8199-a1c9c46d9b48",
      "center_name": "Tabarka Beach Safety Center",
      "recorded_at": "2025-07-19T02:59:57.103Z"
    },
    {
      "center_id": "5897994c-3d0f-4bcf-9624-3103ddffdcf4",
      "center_name": "Monastir Beach Safety Center",
      "recorded_at": "2025-07-19T02:59:57.041Z"
    },
    {
      "center_id": "6c847017-e5ab-4e48-b987-328d742f7562",
      "center_name": "Sounine",
      "recorded_at": "2025-07-19T02:59:57.033Z"
    },
    {
      "center_id": "a42d64f5-73d9-41cb-97c7-c020fd1fe520",
      "center_name": "Sousse Beach Safety Center",
      "recorded_at": "2025-07-19T02:59:57.003Z"
    },
    {
      "center_id": "6091fcc3-3b14-430e-8d28-0907aa1db98d",
      "center_name": "Takelsa",
      "recorded_at": "2025-07-19T02:59:57.001Z"
    },
    {
      "center_id": "efe6b507-ecd3-4eac-bd21-82cbe1125cc0",
      "center_name": "Hammamet Beach Safety Center",
      "recorded_at": "2025-07-19T02:59:56.932Z"
    },
    {
      "center_id": "2c140dc1-5fac-4efe-80e3-2ad63dea6b8f",
      "center_name": "maamoura",
      "recorded_at": "2025-07-19T02:59:56.927Z"
    },
    {
      "center_id": "6091fcc3-3b14-430e-8d28-0907aa1db98d",
      "center_name": "Takelsa",
      "recorded_at": "2025-07-19T02:54:39.120Z"
    },
    {
      "center_id": "f350b731-2da6-4e3d-9a9d-5fa3c8c985ab",
      "center_name": "Djerba Beach Safety Center",
      "recorded_at": "2025-07-19T02:54:38.954Z"
    },
    {
      "center_id": "2c140dc1-5fac-4efe-80e3-2ad63dea6b8f",
      "center_name": "maamoura",
      "recorded_at": "2025-07-19T02:54:38.914Z"
    },
    {
      "center_id": "6c847017-e5ab-4e48-b987-328d742f7562",
      "center_name": "Sounine",
      "recorded_at": "2025-07-19T02:54:38.883Z"
    },
    {
      "center_id": "efe6b507-ecd3-4eac-bd21-82cbe1125cc0",
      "center_name": "Hammamet Beach Safety Center",
      "recorded_at": "2025-07-19T02:54:38.820Z"
    },
    {
      "center_id": "a42d64f5-73d9-41cb-97c7-c020fd1fe520",
      "center_name": "Sousse Beach Safety Center",
      "recorded_at": "2025-07-19T02:54:38.817Z"
    },
    {
      "center_id": "5897994c-3d0f-4bcf-9624-3103ddffdcf4",
      "center_name": "Monastir Beach Safety Center",
      "recorded_at": "2025-07-19T02:54:38.810Z"
    },
    {
      "center_id": "a1f85c07-8c14-4616-8199-a1c9c46d9b48",
      "center_name": "Tabarka Beach Safety Center",
      "recorded_at": "2025-07-19T02:54:38.762Z"
    },
    {
      "center_id": "f350b731-2da6-4e3d-9a9d-5fa3c8c985ab",
      "center_name": "Djerba Beach Safety Center",
      "recorded_at": "2025-07-19T02:52:29.828Z"
    },
    {
      "center_id": "6091fcc3-3b14-430e-8d28-0907aa1db98d",
      "center_name": "Takelsa",
      "recorded_at": "2025-07-19T02:52:29.649Z"
    },
    {
      "center_id": "6091fcc3-3b14-430e-8d28-0907aa1db98d",
      "center_name": "Takelsa",
      "recorded_at": "2025-07-19T02:52:29.647Z"
    },
    {
      "center_id": "a1f85c07-8c14-4616-8199-a1c9c46d9b48",
      "center_name": "Tabarka Beach Safety Center",
      "recorded_at": "2025-07-19T02:52:29.611Z"
    },
    {
      "center_id": "5897994c-3d0f-4bcf-9624-3103ddffdcf4",
      "center_name": "Monastir Beach Safety Center",
      "recorded_at": "2025-07-19T02:52:29.546Z"
    },
    {
      "center_id": "6c847017-e5ab-4e48-b987-328d742f7562",
      "center_name": "Sounine",
      "recorded_at": "2025-07-19T02:52:29.543Z"
    },
    {
      "center_id": "2c140dc1-5fac-4efe-80e3-2ad63dea6b8f",
      "center_name": "maamoura",
      "recorded_at": "2025-07-19T02:52:29.519Z"
    },
    {
      "center_id": "6c847017-e5ab-4e48-b987-328d742f7562",
      "center_name": "Sounine",
      "recorded_at": "2025-07-19T02:52:29.468Z"
    },
    {
      "center_id": "f350b731-2da6-4e3d-9a9d-5fa3c8c985ab",
      "center_name": "Djerba Beach Safety Center",
      "recorded_at": "2025-07-19T02:52:29.467Z"
    },
    {
      "center_id": "5897994c-3d0f-4bcf-9624-3103ddffdcf4",
      "center_name": "Monastir Beach Safety Center",
      "recorded_at": "2025-07-19T02:52:29.303Z"
    },
    {
      "center_id": "a1f85c07-8c14-4616-8199-a1c9c46d9b48",
      "center_name": "Tabarka Beach Safety Center",
      "recorded_at": "2025-07-19T02:52:29.250Z"
    },
    {
      "center_id": "2c140dc1-5fac-4efe-80e3-2ad63dea6b8f",
      "center_name": "maamoura",
      "recorded_at": "2025-07-19T02:52:29.247Z"
    },
    {
      "center_id": "a42d64f5-73d9-41cb-97c7-c020fd1fe520",
      "center_name": "Sousse Beach Safety Center",
      "recorded_at": "2025-07-19T02:52:29.177Z"
    },
    {
      "center_id": "efe6b507-ecd3-4eac-bd21-82cbe1125cc0",
      "center_name": "Hammamet Beach Safety Center",
      "recorded_at": "2025-07-19T02:52:29.175Z"
    },
    {
      "center_id": "efe6b507-ecd3-4eac-bd21-82cbe1125cc0",
      "center_name": "Hammamet Beach Safety Center",
      "recorded_at": "2025-07-19T02:52:29.135Z"
    },
    {
      "center_id": "a42d64f5-73d9-41cb-97c7-c020fd1fe520",
      "center_name": "Sousse Beach Safety Center",
      "recorded_at": "2025-07-19T02:52:29.128Z"
    },
    {
      "center_id": "efe6b507-ecd3-4eac-bd21-82cbe1125cc0",
      "center_name": "Hammamet Beach Safety Center",
      "recorded_at": "2025-07-19T02:40:55.906Z"
    },
    {
      "center_id": "efe6b507-ecd3-4eac-bd21-82cbe1125cc0",
      "center_name": "Hammamet Beach Safety Center",
      "recorded_at": "2025-07-19T02:40:55.902Z"
    },
    {
      "center_id": "efe6b507-ecd3-4eac-bd21-82cbe1125cc0",
      "center_name": "Hammamet Beach Safety Center",
      "recorded_at": "2025-07-19T02:40:19.892Z"
    },
    {
      "center_id": "efe6b507-ecd3-4eac-bd21-82cbe1125cc0",
      "center_name": "Hammamet Beach Safety Center",
      "recorded_at": "2025-07-19T02:40:19.891Z"
    },
    {
      "center_id": "efe6b507-ecd3-4eac-bd21-82cbe1125cc0",
      "center_name": "Hammamet Beach Safety Center",
      "recorded_at": "2025-07-19T02:40:19.259Z"
    },
    {
      "center_id": "efe6b507-ecd3-4eac-bd21-82cbe1125cc0",
      "center_name": "Hammamet Beach Safety Center",
      "recorded_at": "2025-07-19T02:40:19.255Z"
    },
    {
      "center_id": "efe6b507-ecd3-4eac-bd21-82cbe1125cc0",
      "center_name": "Hammamet Beach Safety Center",
      "recorded_at": "2025-07-19T02:40:18.938Z"
    },
    {
      "center_id": "efe6b507-ecd3-4eac-bd21-82cbe1125cc0",
      "center_name": "Hammamet Beach Safety Center",
      "recorded_at": "2025-07-19T02:40:18.937Z"
    },
    {
      "center_id": "efe6b507-ecd3-4eac-bd21-82cbe1125cc0",
      "center_name": "Hammamet Beach Safety Center",
      "recorded_at": "2025-07-19T02:39:47.668Z"
    },
    {
      "center_id": "efe6b507-ecd3-4eac-bd21-82cbe1125cc0",
      "center_name": "Hammamet Beach Safety Center",
      "recorded_at": "2025-07-19T02:39:47.664Z"
    },
    {
      "center_id": "efe6b507-ecd3-4eac-bd21-82cbe1125cc0",
      "center_name": "Hammamet Beach Safety Center",
      "recorded_at": "2025-07-19T02:39:47.449Z"
    },
    {
      "center_id": "efe6b507-ecd3-4eac-bd21-82cbe1125cc0",
      "center_name": "Hammamet Beach Safety Center",
      "recorded_at": "2025-07-19T02:39:47.448Z"
    },
    {
      "center_id": "efe6b507-ecd3-4eac-bd21-82cbe1125cc0",
      "center_name": "Hammamet Beach Safety Center",
      "recorded_at": "2025-07-19T02:39:47.287Z"
    },
    {
      "center_id": "efe6b507-ecd3-4eac-bd21-82cbe1125cc0",
      "center_name": "Hammamet Beach Safety Center",
      "recorded_at": "2025-07-19T02:39:47.284Z"
    },
    {
      "center_id": "5897994c-3d0f-4bcf-9624-3103ddffdcf4",
      "center_name": "Monastir Beach Safety Center",
      "recorded_at": "2025-07-19T02:37:29.258Z"
    },
    {
      "center_id": "6091fcc3-3b14-430e-8d28-0907aa1db98d",
      "center_name": "Takelsa",
      "recorded_at": "2025-07-19T02:37:29.226Z"
    },
    {
      "center_id": "a1f85c07-8c14-4616-8199-a1c9c46d9b48",
      "center_name": "Tabarka Beach Safety Center",
      "recorded_at": "2025-07-19T02:37:29.154Z"
    },
    {
      "center_id": "6c847017-e5ab-4e48-b987-328d742f7562",
      "center_name": "Sounine",
      "recorded_at": "2025-07-19T02:37:29.152Z"
    },
    {
      "center_id": "f350b731-2da6-4e3d-9a9d-5fa3c8c985ab",
      "center_name": "Djerba Beach Safety Center",
      "recorded_at": "2025-07-19T02:37:29.092Z"
    },
    {
      "center_id": "2c140dc1-5fac-4efe-80e3-2ad63dea6b8f",
      "center_name": "maamoura",
      "recorded_at": "2025-07-19T02:37:29.073Z"
    },
    {
      "center_id": "efe6b507-ecd3-4eac-bd21-82cbe1125cc0",
      "center_name": "Hammamet Beach Safety Center",
      "recorded_at": "2025-07-19T02:37:29.051Z"
    },
    {
      "center_id": "a42d64f5-73d9-41cb-97c7-c020fd1fe520",
      "center_name": "Sousse Beach Safety Center",
      "recorded_at": "2025-07-19T02:37:29.032Z"
    }
  ]
}
2025-07-19 04:39:42 [[32minfo[39m]: ::ffff:127.0.0.1 - - [19/Jul/2025:03:39:42 +0000] "GET /api/v1/public/weather/current HTTP/1.1" 200 65411 "http://localhost:3000/" "Mozilla/5.0 (X11; Ubuntu; Linux x86_64; rv:136.0) Gecko/20100101 Firefox/136.0" {
  "service": "beach-safety-api"
}
2025-07-19 04:49:08 [[32minfo[39m]: Starting scheduled weather update cycle {
  "service": "beach-safety-api"
}
2025-07-19 04:49:08 [[32minfo[39m]: Connected to PostgreSQL database {
  "service": "beach-safety-api"
}
2025-07-19 04:49:08 [[32minfo[39m]: Starting scheduled safety flag auto-update cycle {
  "service": "beach-safety-api"
}
2025-07-19 04:49:08 [[32minfo[39m]: Connected to PostgreSQL database {
  "service": "beach-safety-api"
}
2025-07-19 04:49:08 [[32minfo[39m]: Connected to PostgreSQL database {
  "service": "beach-safety-api"
}
2025-07-19 04:49:08 [[32minfo[39m]: Connected to PostgreSQL database {
  "service": "beach-safety-api"
}
2025-07-19 04:49:08 [[32minfo[39m]: Connected to PostgreSQL database {
  "service": "beach-safety-api"
}
2025-07-19 04:49:08 [[32minfo[39m]: Connected to PostgreSQL database {
  "service": "beach-safety-api"
}
2025-07-19 04:49:08 [[32minfo[39m]: Connected to PostgreSQL database {
  "service": "beach-safety-api"
}
2025-07-19 04:49:08 [[32minfo[39m]: Connected to PostgreSQL database {
  "service": "beach-safety-api"
}
2025-07-19 04:49:08 [[32minfo[39m]: Connected to PostgreSQL database {
  "service": "beach-safety-api"
}
2025-07-19 04:49:08 [[32minfo[39m]: Connected to PostgreSQL database {
  "service": "beach-safety-api"
}
2025-07-19 04:49:08 [[32minfo[39m]: Connected to PostgreSQL database {
  "service": "beach-safety-api"
}
2025-07-19 04:49:08 [[32minfo[39m]: Connected to PostgreSQL database {
  "service": "beach-safety-api"
}
2025-07-19 04:49:08 [[32minfo[39m]: Connected to PostgreSQL database {
  "service": "beach-safety-api"
}
2025-07-19 04:49:08 [[32minfo[39m]: Connected to PostgreSQL database {
  "service": "beach-safety-api"
}
2025-07-19 04:49:08 [[32minfo[39m]: Connected to PostgreSQL database {
  "service": "beach-safety-api"
}
2025-07-19 04:49:08 [[32minfo[39m]: Connected to PostgreSQL database {
  "service": "beach-safety-api"
}
2025-07-19 04:49:08 [[32minfo[39m]: Raw OpenWeatherMap API response {
  "service": "beach-safety-api",
  "centerId": "2c140dc1-5fac-4efe-80e3-2ad63dea6b8f",
  "centerName": "maamoura",
  "coordinates": {
    "lat": 36.50415378724642,
    "lng": 10.810546875000002
  },
  "visibility": 10000,
  "weather_condition": "Clear",
  "temperature": 23.38,
  "wind_speed": 1.68,
  "humidity": 78,
  "pressure": 1013,
  "raw_response": {
    "visibility": 10000,
    "weather": [
      {
        "id": 800,
        "main": "Clear",
        "description": "clear sky",
        "icon": "01n"
      }
    ],
    "main": {
      "temp": 23.38,
      "feels_like": 23.81,
      "temp_min": 23.38,
      "temp_max": 23.38,
      "pressure": 1013,
      "humidity": 78,
      "sea_level": 1013,
      "grnd_level": 1007
    },
    "wind": {
      "speed": 1.68,
      "deg": 175,
      "gust": 1.8
    }
  }
}
2025-07-19 04:49:08 [[32minfo[39m]: Simulated marine data {
  "service": "beach-safety-api",
  "wave_height": 1.43,
  "current_speed": 0.63
}
2025-07-19 04:49:08 [[32minfo[39m]: Transformed weather data {
  "service": "beach-safety-api",
  "centerId": "2c140dc1-5fac-4efe-80e3-2ad63dea6b8f",
  "centerName": "maamoura",
  "original_visibility_meters": 10000,
  "transformed_visibility_km": 10,
  "temperature": 23.38,
  "wind_speed": 1.68,
  "weather_condition": "Clear",
  "wave_height": 1.43,
  "current_speed": 0.63
}
2025-07-19 04:49:08 [[32minfo[39m]: Raw OpenWeatherMap API response {
  "service": "beach-safety-api",
  "centerId": "a1f85c07-8c14-4616-8199-a1c9c46d9b48",
  "centerName": "Tabarka Beach Safety Center",
  "coordinates": {
    "lat": 36.95,
    "lng": 8.75
  },
  "visibility": 10000,
  "weather_condition": "Clear",
  "temperature": 22.02,
  "wind_speed": 2.57,
  "humidity": 73,
  "pressure": 1011,
  "raw_response": {
    "visibility": 10000,
    "weather": [
      {
        "id": 800,
        "main": "Clear",
        "description": "clear sky",
        "icon": "01n"
      }
    ],
    "main": {
      "temp": 22.02,
      "feels_like": 22.18,
      "temp_min": 22.02,
      "temp_max": 22.02,
      "pressure": 1011,
      "humidity": 73,
      "sea_level": 1011,
      "grnd_level": 991
    },
    "wind": {
      "speed": 2.57,
      "deg": 130
    }
  }
}
2025-07-19 04:49:08 [[32minfo[39m]: Simulated marine data {
  "service": "beach-safety-api",
  "wave_height": 1.56,
  "current_speed": 0.82
}
2025-07-19 04:49:08 [[32minfo[39m]: Transformed weather data {
  "service": "beach-safety-api",
  "centerId": "a1f85c07-8c14-4616-8199-a1c9c46d9b48",
  "centerName": "Tabarka Beach Safety Center",
  "original_visibility_meters": 10000,
  "transformed_visibility_km": 10,
  "temperature": 22.02,
  "wind_speed": 2.57,
  "weather_condition": "Clear",
  "wave_height": 1.56,
  "current_speed": 0.82
}
2025-07-19 04:49:08 [[32minfo[39m]: Current weather and marine data fetched and stored {
  "service": "beach-safety-api",
  "centerId": "2c140dc1-5fac-4efe-80e3-2ad63dea6b8f",
  "centerName": "maamoura",
  "temperature": 23.38,
  "condition": "Clear",
  "waveHeight": 1.43,
  "currentSpeed": 0.63
}
2025-07-19 04:49:08 [[32minfo[39m]: Weather update emitted {
  "service": "beach-safety-api",
  "centerId": "2c140dc1-5fac-4efe-80e3-2ad63dea6b8f"
}
2025-07-19 04:49:08 [[32minfo[39m]: Weather update sent to center {
  "service": "beach-safety-api",
  "centerId": "2c140dc1-5fac-4efe-80e3-2ad63dea6b8f",
  "centerName": "maamoura"
}
2025-07-19 04:49:08 [[32minfo[39m]: Current weather and marine data fetched and stored {
  "service": "beach-safety-api",
  "centerId": "a1f85c07-8c14-4616-8199-a1c9c46d9b48",
  "centerName": "Tabarka Beach Safety Center",
  "temperature": 22.02,
  "condition": "Clear",
  "waveHeight": 1.56,
  "currentSpeed": 0.82
}
2025-07-19 04:49:08 [[32minfo[39m]: Weather update emitted {
  "service": "beach-safety-api",
  "centerId": "a1f85c07-8c14-4616-8199-a1c9c46d9b48"
}
2025-07-19 04:49:08 [[32minfo[39m]: Weather update sent to center {
  "service": "beach-safety-api",
  "centerId": "a1f85c07-8c14-4616-8199-a1c9c46d9b48",
  "centerName": "Tabarka Beach Safety Center"
}
2025-07-19 04:49:08 [[32minfo[39m]: Raw OpenWeatherMap API response {
  "service": "beach-safety-api",
  "centerId": "a42d64f5-73d9-41cb-97c7-c020fd1fe520",
  "centerName": "Sousse Beach Safety Center",
  "coordinates": {
    "lat": 35.8333,
    "lng": 10.6333
  },
  "visibility": 8000,
  "weather_condition": "Clear",
  "temperature": 24.91,
  "wind_speed": 1.54,
  "humidity": 83,
  "pressure": 1013,
  "raw_response": {
    "visibility": 8000,
    "weather": [
      {
        "id": 800,
        "main": "Clear",
        "description": "clear sky",
        "icon": "01n"
      }
    ],
    "main": {
      "temp": 24.91,
      "feels_like": 25.62,
      "temp_min": 24.91,
      "temp_max": 24.91,
      "pressure": 1013,
      "humidity": 83,
      "sea_level": 1013,
      "grnd_level": 1008
    },
    "wind": {
      "speed": 1.54,
      "deg": 180
    }
  }
}
2025-07-19 04:49:08 [[32minfo[39m]: Simulated marine data {
  "service": "beach-safety-api",
  "wave_height": 1.22,
  "current_speed": 0.53
}
2025-07-19 04:49:08 [[32minfo[39m]: Transformed weather data {
  "service": "beach-safety-api",
  "centerId": "a42d64f5-73d9-41cb-97c7-c020fd1fe520",
  "centerName": "Sousse Beach Safety Center",
  "original_visibility_meters": 8000,
  "transformed_visibility_km": 8,
  "temperature": 24.91,
  "wind_speed": 1.54,
  "weather_condition": "Clear",
  "wave_height": 1.22,
  "current_speed": 0.53
}
2025-07-19 04:49:08 [[32minfo[39m]: Raw OpenWeatherMap API response {
  "service": "beach-safety-api",
  "centerId": "6c847017-e5ab-4e48-b987-328d742f7562",
  "centerName": "Sounine",
  "coordinates": {
    "lat": 37.21106722049235,
    "lng": 10.179165601730348
  },
  "visibility": 10000,
  "weather_condition": "Clear",
  "temperature": 24.63,
  "wind_speed": 4.07,
  "humidity": 80,
  "pressure": 1012,
  "raw_response": {
    "visibility": 10000,
    "weather": [
      {
        "id": 800,
        "main": "Clear",
        "description": "clear sky",
        "icon": "01n"
      }
    ],
    "main": {
      "temp": 24.63,
      "feels_like": 25.24,
      "temp_min": 24.63,
      "temp_max": 24.63,
      "pressure": 1012,
      "humidity": 80,
      "sea_level": 1012,
      "grnd_level": 1011
    },
    "wind": {
      "speed": 4.07,
      "deg": 146,
      "gust": 4.96
    }
  }
}
2025-07-19 04:49:08 [[32minfo[39m]: Simulated marine data {
  "service": "beach-safety-api",
  "wave_height": 1.19,
  "current_speed": 0.49
}
2025-07-19 04:49:08 [[32minfo[39m]: Transformed weather data {
  "service": "beach-safety-api",
  "centerId": "6c847017-e5ab-4e48-b987-328d742f7562",
  "centerName": "Sounine",
  "original_visibility_meters": 10000,
  "transformed_visibility_km": 10,
  "temperature": 24.63,
  "wind_speed": 4.07,
  "weather_condition": "Clear",
  "wave_height": 1.19,
  "current_speed": 0.49
}
2025-07-19 04:49:08 [[32minfo[39m]: Current weather and marine data fetched and stored {
  "service": "beach-safety-api",
  "centerId": "a42d64f5-73d9-41cb-97c7-c020fd1fe520",
  "centerName": "Sousse Beach Safety Center",
  "temperature": 24.91,
  "condition": "Clear",
  "waveHeight": 1.22,
  "currentSpeed": 0.53
}
2025-07-19 04:49:08 [[32minfo[39m]: Weather data for flag determination {
  "service": "beach-safety-api",
  "centerId": "a42d64f5-73d9-41cb-97c7-c020fd1fe520",
  "visibility": "8.00",
  "temperature": "24.91",
  "wind_speed": "1.54",
  "wave_height": "1.22",
  "precipitation": "0.00",
  "weather_condition": "Clear"
}
2025-07-19 04:49:08 [[32minfo[39m]: Current weather and marine data fetched and stored {
  "service": "beach-safety-api",
  "centerId": "6c847017-e5ab-4e48-b987-328d742f7562",
  "centerName": "Sounine",
  "temperature": 24.63,
  "condition": "Clear",
  "waveHeight": 1.19,
  "currentSpeed": 0.49
}
2025-07-19 04:49:08 [[32minfo[39m]: Weather update emitted {
  "service": "beach-safety-api",
  "centerId": "6c847017-e5ab-4e48-b987-328d742f7562"
}
2025-07-19 04:49:08 [[32minfo[39m]: Weather update sent to center {
  "service": "beach-safety-api",
  "centerId": "6c847017-e5ab-4e48-b987-328d742f7562",
  "centerName": "Sounine"
}
2025-07-19 04:49:08 [[32minfo[39m]: Safety flag updated automatically {
  "service": "beach-safety-api",
  "centerId": "a42d64f5-73d9-41cb-97c7-c020fd1fe520",
  "oldFlag": "none",
  "newFlag": "red",
  "reason": "Reduced visibility - caution advised",
  "alerts": 1,
  "triggeredBy": "system",
  "updateReason": "No flag set - setting automatic flag"
}
2025-07-19 04:49:08 [[32minfo[39m]: Safety flag auto-updated for center {
  "service": "beach-safety-api",
  "centerId": "a42d64f5-73d9-41cb-97c7-c020fd1fe520",
  "centerName": "Sousse Beach Safety Center",
  "oldFlag": "none",
  "newFlag": "red",
  "reason": "No flag set - setting automatic flag"
}
2025-07-19 04:49:08 [[32minfo[39m]: Raw OpenWeatherMap API response {
  "service": "beach-safety-api",
  "centerId": "5897994c-3d0f-4bcf-9624-3103ddffdcf4",
  "centerName": "Monastir Beach Safety Center",
  "coordinates": {
    "lat": 35.7667,
    "lng": 10.8333
  },
  "visibility": 8000,
  "weather_condition": "Clear",
  "temperature": 24.94,
  "wind_speed": 1.54,
  "humidity": 83,
  "pressure": 1013,
  "raw_response": {
    "visibility": 8000,
    "weather": [
      {
        "id": 800,
        "main": "Clear",
        "description": "clear sky",
        "icon": "01n"
      }
    ],
    "main": {
      "temp": 24.94,
      "feels_like": 25.66,
      "temp_min": 24.94,
      "temp_max": 24.94,
      "pressure": 1013,
      "humidity": 83,
      "sea_level": 1013,
      "grnd_level": 1011
    },
    "wind": {
      "speed": 1.54,
      "deg": 180
    }
  }
}
2025-07-19 04:49:08 [[32minfo[39m]: Simulated marine data {
  "service": "beach-safety-api",
  "wave_height": 1.77,
  "current_speed": 0.5
}
2025-07-19 04:49:08 [[32minfo[39m]: Transformed weather data {
  "service": "beach-safety-api",
  "centerId": "5897994c-3d0f-4bcf-9624-3103ddffdcf4",
  "centerName": "Monastir Beach Safety Center",
  "original_visibility_meters": 8000,
  "transformed_visibility_km": 8,
  "temperature": 24.94,
  "wind_speed": 1.54,
  "weather_condition": "Clear",
  "wave_height": 1.77,
  "current_speed": 0.5
}
2025-07-19 04:49:08 [[32minfo[39m]: Current weather and marine data fetched and stored {
  "service": "beach-safety-api",
  "centerId": "5897994c-3d0f-4bcf-9624-3103ddffdcf4",
  "centerName": "Monastir Beach Safety Center",
  "temperature": 24.94,
  "condition": "Clear",
  "waveHeight": 1.77,
  "currentSpeed": 0.5
}
2025-07-19 04:49:08 [[32minfo[39m]: Weather data for flag determination {
  "service": "beach-safety-api",
  "centerId": "5897994c-3d0f-4bcf-9624-3103ddffdcf4",
  "visibility": "8.00",
  "temperature": "24.94",
  "wind_speed": "1.54",
  "wave_height": "1.77",
  "precipitation": "0.00",
  "weather_condition": "Clear"
}
2025-07-19 04:49:08 [[32minfo[39m]: Safety flag updated automatically {
  "service": "beach-safety-api",
  "centerId": "5897994c-3d0f-4bcf-9624-3103ddffdcf4",
  "oldFlag": "none",
  "newFlag": "red",
  "reason": "Reduced visibility - caution advised",
  "alerts": 2,
  "triggeredBy": "system",
  "updateReason": "No flag set - setting automatic flag"
}
2025-07-19 04:49:08 [[32minfo[39m]: Safety flag auto-updated for center {
  "service": "beach-safety-api",
  "centerId": "5897994c-3d0f-4bcf-9624-3103ddffdcf4",
  "centerName": "Monastir Beach Safety Center",
  "oldFlag": "none",
  "newFlag": "red",
  "reason": "No flag set - setting automatic flag"
}
2025-07-19 04:49:08 [[32minfo[39m]: Raw OpenWeatherMap API response {
  "service": "beach-safety-api",
  "centerId": "efe6b507-ecd3-4eac-bd21-82cbe1125cc0",
  "centerName": "Hammamet Beach Safety Center",
  "coordinates": {
    "lat": 36.4,
    "lng": 10.6167
  },
  "visibility": 10000,
  "weather_condition": "Clear",
  "temperature": 23.74,
  "wind_speed": 2.1,
  "humidity": 79,
  "pressure": 1013,
  "raw_response": {
    "visibility": 10000,
    "weather": [
      {
        "id": 800,
        "main": "Clear",
        "description": "clear sky",
        "icon": "01n"
      }
    ],
    "main": {
      "temp": 23.74,
      "feels_like": 24.23,
      "temp_min": 23.74,
      "temp_max": 23.74,
      "pressure": 1013,
      "humidity": 79,
      "sea_level": 1013,
      "grnd_level": 1005
    },
    "wind": {
      "speed": 2.1,
      "deg": 175,
      "gust": 2.07
    }
  }
}
2025-07-19 04:49:08 [[32minfo[39m]: Simulated marine data {
  "service": "beach-safety-api",
  "wave_height": 1.74,
  "current_speed": 0.64
}
2025-07-19 04:49:08 [[32minfo[39m]: Transformed weather data {
  "service": "beach-safety-api",
  "centerId": "efe6b507-ecd3-4eac-bd21-82cbe1125cc0",
  "centerName": "Hammamet Beach Safety Center",
  "original_visibility_meters": 10000,
  "transformed_visibility_km": 10,
  "temperature": 23.74,
  "wind_speed": 2.1,
  "weather_condition": "Clear",
  "wave_height": 1.74,
  "current_speed": 0.64
}
2025-07-19 04:49:08 [[32minfo[39m]: Raw OpenWeatherMap API response {
  "service": "beach-safety-api",
  "centerId": "5897994c-3d0f-4bcf-9624-3103ddffdcf4",
  "centerName": "Monastir Beach Safety Center",
  "coordinates": {
    "lat": 35.7667,
    "lng": 10.8333
  },
  "visibility": 8000,
  "weather_condition": "Clear",
  "temperature": 24.94,
  "wind_speed": 1.54,
  "humidity": 83,
  "pressure": 1013,
  "raw_response": {
    "visibility": 8000,
    "weather": [
      {
        "id": 800,
        "main": "Clear",
        "description": "clear sky",
        "icon": "01n"
      }
    ],
    "main": {
      "temp": 24.94,
      "feels_like": 25.66,
      "temp_min": 24.94,
      "temp_max": 24.94,
      "pressure": 1013,
      "humidity": 83,
      "sea_level": 1013,
      "grnd_level": 1011
    },
    "wind": {
      "speed": 1.54,
      "deg": 180
    }
  }
}
2025-07-19 04:49:08 [[32minfo[39m]: Simulated marine data {
  "service": "beach-safety-api",
  "wave_height": 1.3,
  "current_speed": 0.79
}
2025-07-19 04:49:08 [[32minfo[39m]: Transformed weather data {
  "service": "beach-safety-api",
  "centerId": "5897994c-3d0f-4bcf-9624-3103ddffdcf4",
  "centerName": "Monastir Beach Safety Center",
  "original_visibility_meters": 8000,
  "transformed_visibility_km": 8,
  "temperature": 24.94,
  "wind_speed": 1.54,
  "weather_condition": "Clear",
  "wave_height": 1.3,
  "current_speed": 0.79
}
2025-07-19 04:49:08 [[32minfo[39m]: Raw OpenWeatherMap API response {
  "service": "beach-safety-api",
  "centerId": "f350b731-2da6-4e3d-9a9d-5fa3c8c985ab",
  "centerName": "Djerba Beach Safety Center",
  "coordinates": {
    "lat": 33.8167,
    "lng": 10.85
  },
  "visibility": 10000,
  "weather_condition": "Clear",
  "temperature": 25.94,
  "wind_speed": 1.54,
  "humidity": 89,
  "pressure": 1013,
  "raw_response": {
    "visibility": 10000,
    "weather": [
      {
        "id": 800,
        "main": "Clear",
        "description": "clear sky",
        "icon": "01n"
      }
    ],
    "main": {
      "temp": 25.94,
      "feels_like": 26.91,
      "temp_min": 25.94,
      "temp_max": 25.94,
      "pressure": 1013,
      "humidity": 89,
      "sea_level": 1013,
      "grnd_level": 1012
    },
    "wind": {
      "speed": 1.54,
      "deg": 120
    }
  }
}
2025-07-19 04:49:08 [[32minfo[39m]: Simulated marine data {
  "service": "beach-safety-api",
  "wave_height": 1.09,
  "current_speed": 0.85
}
2025-07-19 04:49:08 [[32minfo[39m]: Transformed weather data {
  "service": "beach-safety-api",
  "centerId": "f350b731-2da6-4e3d-9a9d-5fa3c8c985ab",
  "centerName": "Djerba Beach Safety Center",
  "original_visibility_meters": 10000,
  "transformed_visibility_km": 10,
  "temperature": 25.94,
  "wind_speed": 1.54,
  "weather_condition": "Clear",
  "wave_height": 1.09,
  "current_speed": 0.85
}
2025-07-19 04:49:08 [[32minfo[39m]: Raw OpenWeatherMap API response {
  "service": "beach-safety-api",
  "centerId": "a1f85c07-8c14-4616-8199-a1c9c46d9b48",
  "centerName": "Tabarka Beach Safety Center",
  "coordinates": {
    "lat": 36.95,
    "lng": 8.75
  },
  "visibility": 10000,
  "weather_condition": "Clear",
  "temperature": 22.02,
  "wind_speed": 2.57,
  "humidity": 73,
  "pressure": 1011,
  "raw_response": {
    "visibility": 10000,
    "weather": [
      {
        "id": 800,
        "main": "Clear",
        "description": "clear sky",
        "icon": "01n"
      }
    ],
    "main": {
      "temp": 22.02,
      "feels_like": 22.18,
      "temp_min": 22.02,
      "temp_max": 22.02,
      "pressure": 1011,
      "humidity": 73,
      "sea_level": 1011,
      "grnd_level": 991
    },
    "wind": {
      "speed": 2.57,
      "deg": 130
    }
  }
}
2025-07-19 04:49:08 [[32minfo[39m]: Simulated marine data {
  "service": "beach-safety-api",
  "wave_height": 1.63,
  "current_speed": 0.85
}
2025-07-19 04:49:08 [[32minfo[39m]: Transformed weather data {
  "service": "beach-safety-api",
  "centerId": "a1f85c07-8c14-4616-8199-a1c9c46d9b48",
  "centerName": "Tabarka Beach Safety Center",
  "original_visibility_meters": 10000,
  "transformed_visibility_km": 10,
  "temperature": 22.02,
  "wind_speed": 2.57,
  "weather_condition": "Clear",
  "wave_height": 1.63,
  "current_speed": 0.85
}
2025-07-19 04:49:08 [[32minfo[39m]: Current weather and marine data fetched and stored {
  "service": "beach-safety-api",
  "centerId": "efe6b507-ecd3-4eac-bd21-82cbe1125cc0",
  "centerName": "Hammamet Beach Safety Center",
  "temperature": 23.74,
  "condition": "Clear",
  "waveHeight": 1.74,
  "currentSpeed": 0.64
}
2025-07-19 04:49:08 [[32minfo[39m]: Weather data for flag determination {
  "service": "beach-safety-api",
  "centerId": "efe6b507-ecd3-4eac-bd21-82cbe1125cc0",
  "visibility": "10.00",
  "temperature": "23.74",
  "wind_speed": "2.10",
  "wave_height": "1.74",
  "precipitation": "0.00",
  "weather_condition": "Clear"
}
2025-07-19 04:49:08 [[32minfo[39m]: Current weather and marine data fetched and stored {
  "service": "beach-safety-api",
  "centerId": "5897994c-3d0f-4bcf-9624-3103ddffdcf4",
  "centerName": "Monastir Beach Safety Center",
  "temperature": 24.94,
  "condition": "Clear",
  "waveHeight": 1.3,
  "currentSpeed": 0.79
}
2025-07-19 04:49:08 [[32minfo[39m]: Weather update emitted {
  "service": "beach-safety-api",
  "centerId": "5897994c-3d0f-4bcf-9624-3103ddffdcf4"
}
2025-07-19 04:49:08 [[32minfo[39m]: Weather update sent to center {
  "service": "beach-safety-api",
  "centerId": "5897994c-3d0f-4bcf-9624-3103ddffdcf4",
  "centerName": "Monastir Beach Safety Center"
}
2025-07-19 04:49:08 [[32minfo[39m]: Current weather and marine data fetched and stored {
  "service": "beach-safety-api",
  "centerId": "a1f85c07-8c14-4616-8199-a1c9c46d9b48",
  "centerName": "Tabarka Beach Safety Center",
  "temperature": 22.02,
  "condition": "Clear",
  "waveHeight": 1.63,
  "currentSpeed": 0.85
}
2025-07-19 04:49:08 [[32minfo[39m]: Weather data for flag determination {
  "service": "beach-safety-api",
  "centerId": "a1f85c07-8c14-4616-8199-a1c9c46d9b48",
  "visibility": "10.00",
  "temperature": "22.02",
  "wind_speed": "2.57",
  "wave_height": "1.63",
  "precipitation": "0.00",
  "weather_condition": "Clear"
}
2025-07-19 04:49:08 [[32minfo[39m]: Current weather and marine data fetched and stored {
  "service": "beach-safety-api",
  "centerId": "f350b731-2da6-4e3d-9a9d-5fa3c8c985ab",
  "centerName": "Djerba Beach Safety Center",
  "temperature": 25.94,
  "condition": "Clear",
  "waveHeight": 1.09,
  "currentSpeed": 0.85
}
2025-07-19 04:49:08 [[32minfo[39m]: Weather update emitted {
  "service": "beach-safety-api",
  "centerId": "f350b731-2da6-4e3d-9a9d-5fa3c8c985ab"
}
2025-07-19 04:49:08 [[32minfo[39m]: Weather update sent to center {
  "service": "beach-safety-api",
  "centerId": "f350b731-2da6-4e3d-9a9d-5fa3c8c985ab",
  "centerName": "Djerba Beach Safety Center"
}
2025-07-19 04:49:08 [[32minfo[39m]: Safety flag updated automatically {
  "service": "beach-safety-api",
  "centerId": "efe6b507-ecd3-4eac-bd21-82cbe1125cc0",
  "oldFlag": "none",
  "newFlag": "yellow",
  "reason": "Moderate wave conditions - caution advised",
  "alerts": 1,
  "triggeredBy": "system",
  "updateReason": "No flag set - setting automatic flag"
}
2025-07-19 04:49:08 [[32minfo[39m]: Safety flag auto-updated for center {
  "service": "beach-safety-api",
  "centerId": "efe6b507-ecd3-4eac-bd21-82cbe1125cc0",
  "centerName": "Hammamet Beach Safety Center",
  "oldFlag": "none",
  "newFlag": "yellow",
  "reason": "No flag set - setting automatic flag"
}
2025-07-19 04:49:08 [[32minfo[39m]: Safety flag updated automatically {
  "service": "beach-safety-api",
  "centerId": "a1f85c07-8c14-4616-8199-a1c9c46d9b48",
  "oldFlag": "none",
  "newFlag": "yellow",
  "reason": "Moderate wave conditions - caution advised",
  "alerts": 1,
  "triggeredBy": "system",
  "updateReason": "No flag set - setting automatic flag"
}
2025-07-19 04:49:08 [[32minfo[39m]: Safety flag auto-updated for center {
  "service": "beach-safety-api",
  "centerId": "a1f85c07-8c14-4616-8199-a1c9c46d9b48",
  "centerName": "Tabarka Beach Safety Center",
  "oldFlag": "none",
  "newFlag": "yellow",
  "reason": "No flag set - setting automatic flag"
}
2025-07-19 04:49:08 [[32minfo[39m]: Raw OpenWeatherMap API response {
  "service": "beach-safety-api",
  "centerId": "2c140dc1-5fac-4efe-80e3-2ad63dea6b8f",
  "centerName": "maamoura",
  "coordinates": {
    "lat": 36.50415378724642,
    "lng": 10.810546875000002
  },
  "visibility": 10000,
  "weather_condition": "Clear",
  "temperature": 23.38,
  "wind_speed": 1.68,
  "humidity": 78,
  "pressure": 1013,
  "raw_response": {
    "visibility": 10000,
    "weather": [
      {
        "id": 800,
        "main": "Clear",
        "description": "clear sky",
        "icon": "01n"
      }
    ],
    "main": {
      "temp": 23.38,
      "feels_like": 23.81,
      "temp_min": 23.38,
      "temp_max": 23.38,
      "pressure": 1013,
      "humidity": 78,
      "sea_level": 1013,
      "grnd_level": 1007
    },
    "wind": {
      "speed": 1.68,
      "deg": 175,
      "gust": 1.8
    }
  }
}
2025-07-19 04:49:08 [[32minfo[39m]: Simulated marine data {
  "service": "beach-safety-api",
  "wave_height": 1.54,
  "current_speed": 0.46
}
2025-07-19 04:49:08 [[32minfo[39m]: Transformed weather data {
  "service": "beach-safety-api",
  "centerId": "2c140dc1-5fac-4efe-80e3-2ad63dea6b8f",
  "centerName": "maamoura",
  "original_visibility_meters": 10000,
  "transformed_visibility_km": 10,
  "temperature": 23.38,
  "wind_speed": 1.68,
  "weather_condition": "Clear",
  "wave_height": 1.54,
  "current_speed": 0.46
}
2025-07-19 04:49:08 [[32minfo[39m]: Raw OpenWeatherMap API response {
  "service": "beach-safety-api",
  "centerId": "efe6b507-ecd3-4eac-bd21-82cbe1125cc0",
  "centerName": "Hammamet Beach Safety Center",
  "coordinates": {
    "lat": 36.4,
    "lng": 10.6167
  },
  "visibility": 10000,
  "weather_condition": "Clear",
  "temperature": 23.74,
  "wind_speed": 2.1,
  "humidity": 79,
  "pressure": 1013,
  "raw_response": {
    "visibility": 10000,
    "weather": [
      {
        "id": 800,
        "main": "Clear",
        "description": "clear sky",
        "icon": "01n"
      }
    ],
    "main": {
      "temp": 23.74,
      "feels_like": 24.23,
      "temp_min": 23.74,
      "temp_max": 23.74,
      "pressure": 1013,
      "humidity": 79,
      "sea_level": 1013,
      "grnd_level": 1005
    },
    "wind": {
      "speed": 2.1,
      "deg": 175,
      "gust": 2.07
    }
  }
}
2025-07-19 04:49:08 [[32minfo[39m]: Simulated marine data {
  "service": "beach-safety-api",
  "wave_height": 1.43,
  "current_speed": 0.54
}
2025-07-19 04:49:08 [[32minfo[39m]: Transformed weather data {
  "service": "beach-safety-api",
  "centerId": "efe6b507-ecd3-4eac-bd21-82cbe1125cc0",
  "centerName": "Hammamet Beach Safety Center",
  "original_visibility_meters": 10000,
  "transformed_visibility_km": 10,
  "temperature": 23.74,
  "wind_speed": 2.1,
  "weather_condition": "Clear",
  "wave_height": 1.43,
  "current_speed": 0.54
}
2025-07-19 04:49:08 [[32minfo[39m]: Current weather and marine data fetched and stored {
  "service": "beach-safety-api",
  "centerId": "efe6b507-ecd3-4eac-bd21-82cbe1125cc0",
  "centerName": "Hammamet Beach Safety Center",
  "temperature": 23.74,
  "condition": "Clear",
  "waveHeight": 1.43,
  "currentSpeed": 0.54
}
2025-07-19 04:49:08 [[32minfo[39m]: Weather update emitted {
  "service": "beach-safety-api",
  "centerId": "efe6b507-ecd3-4eac-bd21-82cbe1125cc0"
}
2025-07-19 04:49:08 [[32minfo[39m]: Weather update sent to center {
  "service": "beach-safety-api",
  "centerId": "efe6b507-ecd3-4eac-bd21-82cbe1125cc0",
  "centerName": "Hammamet Beach Safety Center"
}
2025-07-19 04:49:08 [[32minfo[39m]: Current weather and marine data fetched and stored {
  "service": "beach-safety-api",
  "centerId": "2c140dc1-5fac-4efe-80e3-2ad63dea6b8f",
  "centerName": "maamoura",
  "temperature": 23.38,
  "condition": "Clear",
  "waveHeight": 1.54,
  "currentSpeed": 0.46
}
2025-07-19 04:49:08 [[32minfo[39m]: Weather data for flag determination {
  "service": "beach-safety-api",
  "centerId": "2c140dc1-5fac-4efe-80e3-2ad63dea6b8f",
  "visibility": "10.00",
  "temperature": "23.38",
  "wind_speed": "1.68",
  "wave_height": "1.54",
  "precipitation": "0.00",
  "weather_condition": "Clear"
}
2025-07-19 04:49:08 [[32minfo[39m]: Safety flag updated automatically {
  "service": "beach-safety-api",
  "centerId": "2c140dc1-5fac-4efe-80e3-2ad63dea6b8f",
  "oldFlag": "none",
  "newFlag": "yellow",
  "reason": "Moderate wave conditions - caution advised",
  "alerts": 1,
  "triggeredBy": "system",
  "updateReason": "No flag set - setting automatic flag"
}
2025-07-19 04:49:08 [[32minfo[39m]: Safety flag auto-updated for center {
  "service": "beach-safety-api",
  "centerId": "2c140dc1-5fac-4efe-80e3-2ad63dea6b8f",
  "centerName": "maamoura",
  "oldFlag": "none",
  "newFlag": "yellow",
  "reason": "No flag set - setting automatic flag"
}
2025-07-19 04:49:08 [[32minfo[39m]: Raw OpenWeatherMap API response {
  "service": "beach-safety-api",
  "centerId": "a42d64f5-73d9-41cb-97c7-c020fd1fe520",
  "centerName": "Sousse Beach Safety Center",
  "coordinates": {
    "lat": 35.8333,
    "lng": 10.6333
  },
  "visibility": 8000,
  "weather_condition": "Clear",
  "temperature": 24.91,
  "wind_speed": 1.54,
  "humidity": 83,
  "pressure": 1013,
  "raw_response": {
    "visibility": 8000,
    "weather": [
      {
        "id": 800,
        "main": "Clear",
        "description": "clear sky",
        "icon": "01n"
      }
    ],
    "main": {
      "temp": 24.91,
      "feels_like": 25.62,
      "temp_min": 24.91,
      "temp_max": 24.91,
      "pressure": 1013,
      "humidity": 83,
      "sea_level": 1013,
      "grnd_level": 1008
    },
    "wind": {
      "speed": 1.54,
      "deg": 180
    }
  }
}
2025-07-19 04:49:08 [[32minfo[39m]: Simulated marine data {
  "service": "beach-safety-api",
  "wave_height": 1.1,
  "current_speed": 0.5
}
2025-07-19 04:49:08 [[32minfo[39m]: Transformed weather data {
  "service": "beach-safety-api",
  "centerId": "a42d64f5-73d9-41cb-97c7-c020fd1fe520",
  "centerName": "Sousse Beach Safety Center",
  "original_visibility_meters": 8000,
  "transformed_visibility_km": 8,
  "temperature": 24.91,
  "wind_speed": 1.54,
  "weather_condition": "Clear",
  "wave_height": 1.1,
  "current_speed": 0.5
}
2025-07-19 04:49:08 [[32minfo[39m]: Current weather and marine data fetched and stored {
  "service": "beach-safety-api",
  "centerId": "a42d64f5-73d9-41cb-97c7-c020fd1fe520",
  "centerName": "Sousse Beach Safety Center",
  "temperature": 24.91,
  "condition": "Clear",
  "waveHeight": 1.1,
  "currentSpeed": 0.5
}
2025-07-19 04:49:08 [[32minfo[39m]: Weather update emitted {
  "service": "beach-safety-api",
  "centerId": "a42d64f5-73d9-41cb-97c7-c020fd1fe520"
}
2025-07-19 04:49:08 [[32minfo[39m]: Weather update sent to center {
  "service": "beach-safety-api",
  "centerId": "a42d64f5-73d9-41cb-97c7-c020fd1fe520",
  "centerName": "Sousse Beach Safety Center"
}
2025-07-19 04:49:09 [[32minfo[39m]: Raw OpenWeatherMap API response {
  "service": "beach-safety-api",
  "centerId": "6c847017-e5ab-4e48-b987-328d742f7562",
  "centerName": "Sounine",
  "coordinates": {
    "lat": 37.21106722049235,
    "lng": 10.179165601730348
  },
  "visibility": 10000,
  "weather_condition": "Clear",
  "temperature": 24.63,
  "wind_speed": 4.07,
  "humidity": 80,
  "pressure": 1012,
  "raw_response": {
    "visibility": 10000,
    "weather": [
      {
        "id": 800,
        "main": "Clear",
        "description": "clear sky",
        "icon": "01n"
      }
    ],
    "main": {
      "temp": 24.63,
      "feels_like": 25.24,
      "temp_min": 24.63,
      "temp_max": 24.63,
      "pressure": 1012,
      "humidity": 80,
      "sea_level": 1012,
      "grnd_level": 1011
    },
    "wind": {
      "speed": 4.07,
      "deg": 146,
      "gust": 4.96
    }
  }
}
2025-07-19 04:49:09 [[32minfo[39m]: Simulated marine data {
  "service": "beach-safety-api",
  "wave_height": 1.68,
  "current_speed": 0.81
}
2025-07-19 04:49:09 [[32minfo[39m]: Transformed weather data {
  "service": "beach-safety-api",
  "centerId": "6c847017-e5ab-4e48-b987-328d742f7562",
  "centerName": "Sounine",
  "original_visibility_meters": 10000,
  "transformed_visibility_km": 10,
  "temperature": 24.63,
  "wind_speed": 4.07,
  "weather_condition": "Clear",
  "wave_height": 1.68,
  "current_speed": 0.81
}
2025-07-19 04:49:09 [[32minfo[39m]: Raw OpenWeatherMap API response {
  "service": "beach-safety-api",
  "centerId": "6091fcc3-3b14-430e-8d28-0907aa1db98d",
  "centerName": "Takelsa",
  "coordinates": {
    "lat": 36.882154463,
    "lng": 10.608962774
  },
  "visibility": 10000,
  "weather_condition": "Clear",
  "temperature": 24.39,
  "wind_speed": 3.34,
  "humidity": 76,
  "pressure": 1013,
  "raw_response": {
    "visibility": 10000,
    "weather": [
      {
        "id": 800,
        "main": "Clear",
        "description": "clear sky",
        "icon": "01n"
      }
    ],
    "main": {
      "temp": 24.39,
      "feels_like": 24.87,
      "temp_min": 24.39,
      "temp_max": 24.39,
      "pressure": 1013,
      "humidity": 76,
      "sea_level": 1013,
      "grnd_level": 1008
    },
    "wind": {
      "speed": 3.34,
      "deg": 138,
      "gust": 3.43
    }
  }
}
2025-07-19 04:49:09 [[32minfo[39m]: Simulated marine data {
  "service": "beach-safety-api",
  "wave_height": 1.32,
  "current_speed": 0.59
}
2025-07-19 04:49:09 [[32minfo[39m]: Transformed weather data {
  "service": "beach-safety-api",
  "centerId": "6091fcc3-3b14-430e-8d28-0907aa1db98d",
  "centerName": "Takelsa",
  "original_visibility_meters": 10000,
  "transformed_visibility_km": 10,
  "temperature": 24.39,
  "wind_speed": 3.34,
  "weather_condition": "Clear",
  "wave_height": 1.32,
  "current_speed": 0.59
}
2025-07-19 04:49:09 [[32minfo[39m]: Raw OpenWeatherMap API response {
  "service": "beach-safety-api",
  "centerId": "6091fcc3-3b14-430e-8d28-0907aa1db98d",
  "centerName": "Takelsa",
  "coordinates": {
    "lat": 36.882154463,
    "lng": 10.608962774
  },
  "visibility": 10000,
  "weather_condition": "Clear",
  "temperature": 24.39,
  "wind_speed": 3.34,
  "humidity": 76,
  "pressure": 1013,
  "raw_response": {
    "visibility": 10000,
    "weather": [
      {
        "id": 800,
        "main": "Clear",
        "description": "clear sky",
        "icon": "01n"
      }
    ],
    "main": {
      "temp": 24.39,
      "feels_like": 24.87,
      "temp_min": 24.39,
      "temp_max": 24.39,
      "pressure": 1013,
      "humidity": 76,
      "sea_level": 1013,
      "grnd_level": 1008
    },
    "wind": {
      "speed": 3.34,
      "deg": 138,
      "gust": 3.43
    }
  }
}
2025-07-19 04:49:09 [[32minfo[39m]: Simulated marine data {
  "service": "beach-safety-api",
  "wave_height": 1.61,
  "current_speed": 0.48
}
2025-07-19 04:49:09 [[32minfo[39m]: Transformed weather data {
  "service": "beach-safety-api",
  "centerId": "6091fcc3-3b14-430e-8d28-0907aa1db98d",
  "centerName": "Takelsa",
  "original_visibility_meters": 10000,
  "transformed_visibility_km": 10,
  "temperature": 24.39,
  "wind_speed": 3.34,
  "weather_condition": "Clear",
  "wave_height": 1.61,
  "current_speed": 0.48
}
2025-07-19 04:49:09 [[32minfo[39m]: Raw OpenWeatherMap API response {
  "service": "beach-safety-api",
  "centerId": "f350b731-2da6-4e3d-9a9d-5fa3c8c985ab",
  "centerName": "Djerba Beach Safety Center",
  "coordinates": {
    "lat": 33.8167,
    "lng": 10.85
  },
  "visibility": 10000,
  "weather_condition": "Clear",
  "temperature": 25.94,
  "wind_speed": 1.54,
  "humidity": 89,
  "pressure": 1013,
  "raw_response": {
    "visibility": 10000,
    "weather": [
      {
        "id": 800,
        "main": "Clear",
        "description": "clear sky",
        "icon": "01n"
      }
    ],
    "main": {
      "temp": 25.94,
      "feels_like": 26.91,
      "temp_min": 25.94,
      "temp_max": 25.94,
      "pressure": 1013,
      "humidity": 89,
      "sea_level": 1013,
      "grnd_level": 1012
    },
    "wind": {
      "speed": 1.54,
      "deg": 120
    }
  }
}
2025-07-19 04:49:09 [[32minfo[39m]: Simulated marine data {
  "service": "beach-safety-api",
  "wave_height": 1.28,
  "current_speed": 0.56
}
2025-07-19 04:49:09 [[32minfo[39m]: Transformed weather data {
  "service": "beach-safety-api",
  "centerId": "f350b731-2da6-4e3d-9a9d-5fa3c8c985ab",
  "centerName": "Djerba Beach Safety Center",
  "original_visibility_meters": 10000,
  "transformed_visibility_km": 10,
  "temperature": 25.94,
  "wind_speed": 1.54,
  "weather_condition": "Clear",
  "wave_height": 1.28,
  "current_speed": 0.56
}
2025-07-19 04:49:09 [[32minfo[39m]: Current weather and marine data fetched and stored {
  "service": "beach-safety-api",
  "centerId": "6c847017-e5ab-4e48-b987-328d742f7562",
  "centerName": "Sounine",
  "temperature": 24.63,
  "condition": "Clear",
  "waveHeight": 1.68,
  "currentSpeed": 0.81
}
2025-07-19 04:49:09 [[32minfo[39m]: Weather data for flag determination {
  "service": "beach-safety-api",
  "centerId": "6c847017-e5ab-4e48-b987-328d742f7562",
  "visibility": "10.00",
  "temperature": "24.63",
  "wind_speed": "4.07",
  "wave_height": "1.68",
  "precipitation": "0.00",
  "weather_condition": "Clear"
}
2025-07-19 04:49:09 [[32minfo[39m]: Current weather and marine data fetched and stored {
  "service": "beach-safety-api",
  "centerId": "6091fcc3-3b14-430e-8d28-0907aa1db98d",
  "centerName": "Takelsa",
  "temperature": 24.39,
  "condition": "Clear",
  "waveHeight": 1.32,
  "currentSpeed": 0.59
}
2025-07-19 04:49:09 [[32minfo[39m]: Weather update emitted {
  "service": "beach-safety-api",
  "centerId": "6091fcc3-3b14-430e-8d28-0907aa1db98d"
}
2025-07-19 04:49:09 [[32minfo[39m]: Weather update sent to center {
  "service": "beach-safety-api",
  "centerId": "6091fcc3-3b14-430e-8d28-0907aa1db98d",
  "centerName": "Takelsa"
}
2025-07-19 04:49:09 [[32minfo[39m]: Weather updates completed for all centers {
  "service": "beach-safety-api"
}
2025-07-19 04:49:09 [[32minfo[39m]: Scheduled weather update cycle completed {
  "service": "beach-safety-api"
}
2025-07-19 04:49:09 [[32minfo[39m]: Current weather and marine data fetched and stored {
  "service": "beach-safety-api",
  "centerId": "6091fcc3-3b14-430e-8d28-0907aa1db98d",
  "centerName": "Takelsa",
  "temperature": 24.39,
  "condition": "Clear",
  "waveHeight": 1.61,
  "currentSpeed": 0.48
}
2025-07-19 04:49:09 [[32minfo[39m]: Weather data for flag determination {
  "service": "beach-safety-api",
  "centerId": "6091fcc3-3b14-430e-8d28-0907aa1db98d",
  "visibility": "10.00",
  "temperature": "24.39",
  "wind_speed": "3.34",
  "wave_height": "1.61",
  "precipitation": "0.00",
  "weather_condition": "Clear"
}
2025-07-19 04:49:09 [[32minfo[39m]: Current weather and marine data fetched and stored {
  "service": "beach-safety-api",
  "centerId": "f350b731-2da6-4e3d-9a9d-5fa3c8c985ab",
  "centerName": "Djerba Beach Safety Center",
  "temperature": 25.94,
  "condition": "Clear",
  "waveHeight": 1.28,
  "currentSpeed": 0.56
}
2025-07-19 04:49:09 [[32minfo[39m]: Weather data for flag determination {
  "service": "beach-safety-api",
  "centerId": "f350b731-2da6-4e3d-9a9d-5fa3c8c985ab",
  "visibility": "10.00",
  "temperature": "25.94",
  "wind_speed": "1.54",
  "wave_height": "1.28",
  "precipitation": "0.00",
  "weather_condition": "Clear"
}
2025-07-19 04:49:09 [[32minfo[39m]: Manual flag still valid - respecting manual override {
  "service": "beach-safety-api",
  "centerId": "6091fcc3-3b14-430e-8d28-0907aa1db98d",
  "currentFlag": "red",
  "expiresAt": null,
  "setByRole": "center_admin"
}
2025-07-19 04:49:09 [[32minfo[39m]: Safety flag auto-update check completed for center {
  "service": "beach-safety-api",
  "centerId": "6091fcc3-3b14-430e-8d28-0907aa1db98d",
  "centerName": "Takelsa",
  "currentFlag": "red",
  "reason": "Manual flag still valid"
}
2025-07-19 04:49:09 [[32minfo[39m]: Safety flag updated automatically {
  "service": "beach-safety-api",
  "centerId": "6c847017-e5ab-4e48-b987-328d742f7562",
  "oldFlag": "none",
  "newFlag": "yellow",
  "reason": "Moderate wave conditions - caution advised",
  "alerts": 1,
  "triggeredBy": "system",
  "updateReason": "No flag set - setting automatic flag"
}
2025-07-19 04:49:09 [[32minfo[39m]: Safety flag auto-updated for center {
  "service": "beach-safety-api",
  "centerId": "6c847017-e5ab-4e48-b987-328d742f7562",
  "centerName": "Sounine",
  "oldFlag": "none",
  "newFlag": "yellow",
  "reason": "No flag set - setting automatic flag"
}
2025-07-19 04:49:09 [[32minfo[39m]: Safety flag updated automatically {
  "service": "beach-safety-api",
  "centerId": "f350b731-2da6-4e3d-9a9d-5fa3c8c985ab",
  "oldFlag": "none",
  "newFlag": "green",
  "reason": "Safe conditions",
  "alerts": 0,
  "triggeredBy": "system",
  "updateReason": "No flag set - setting automatic flag"
}
2025-07-19 04:49:09 [[32minfo[39m]: Safety flag auto-updated for center {
  "service": "beach-safety-api",
  "centerId": "f350b731-2da6-4e3d-9a9d-5fa3c8c985ab",
  "centerName": "Djerba Beach Safety Center",
  "oldFlag": "none",
  "newFlag": "green",
  "reason": "No flag set - setting automatic flag"
}
2025-07-19 04:49:09 [[32minfo[39m]: Scheduled safety flag auto-update cycle completed {
  "service": "beach-safety-api"
}
2025-07-19 05:04:08 [[32minfo[39m]: Starting scheduled weather update cycle {
  "service": "beach-safety-api"
}
2025-07-19 05:04:08 [[32minfo[39m]: Starting scheduled safety flag auto-update cycle {
  "service": "beach-safety-api"
}
2025-07-19 05:04:08 [[32minfo[39m]: Connected to PostgreSQL database {
  "service": "beach-safety-api"
}
2025-07-19 05:04:08 [[32minfo[39m]: Connected to PostgreSQL database {
  "service": "beach-safety-api"
}
2025-07-19 05:04:08 [[32minfo[39m]: Connected to PostgreSQL database {
  "service": "beach-safety-api"
}
2025-07-19 05:04:08 [[32minfo[39m]: Connected to PostgreSQL database {
  "service": "beach-safety-api"
}
2025-07-19 05:04:08 [[32minfo[39m]: Connected to PostgreSQL database {
  "service": "beach-safety-api"
}
2025-07-19 05:04:08 [[32minfo[39m]: Connected to PostgreSQL database {
  "service": "beach-safety-api"
}
2025-07-19 05:04:08 [[32minfo[39m]: Connected to PostgreSQL database {
  "service": "beach-safety-api"
}
2025-07-19 05:04:08 [[32minfo[39m]: Connected to PostgreSQL database {
  "service": "beach-safety-api"
}
2025-07-19 05:04:08 [[32minfo[39m]: Connected to PostgreSQL database {
  "service": "beach-safety-api"
}
2025-07-19 05:04:08 [[32minfo[39m]: Connected to PostgreSQL database {
  "service": "beach-safety-api"
}
2025-07-19 05:04:08 [[32minfo[39m]: Connected to PostgreSQL database {
  "service": "beach-safety-api"
}
2025-07-19 05:04:08 [[32minfo[39m]: Connected to PostgreSQL database {
  "service": "beach-safety-api"
}
2025-07-19 05:04:08 [[32minfo[39m]: Connected to PostgreSQL database {
  "service": "beach-safety-api"
}
2025-07-19 05:04:08 [[32minfo[39m]: Connected to PostgreSQL database {
  "service": "beach-safety-api"
}
2025-07-19 05:04:08 [[32minfo[39m]: Connected to PostgreSQL database {
  "service": "beach-safety-api"
}
2025-07-19 05:04:08 [[32minfo[39m]: Connected to PostgreSQL database {
  "service": "beach-safety-api"
}
2025-07-19 05:04:08 [[32minfo[39m]: Raw OpenWeatherMap API response {
  "service": "beach-safety-api",
  "centerId": "efe6b507-ecd3-4eac-bd21-82cbe1125cc0",
  "centerName": "Hammamet Beach Safety Center",
  "coordinates": {
    "lat": 36.4,
    "lng": 10.6167
  },
  "visibility": 10000,
  "weather_condition": "Clear",
  "temperature": 23.74,
  "wind_speed": 2.1,
  "humidity": 79,
  "pressure": 1013,
  "raw_response": {
    "visibility": 10000,
    "weather": [
      {
        "id": 800,
        "main": "Clear",
        "description": "clear sky",
        "icon": "01n"
      }
    ],
    "main": {
      "temp": 23.74,
      "feels_like": 24.23,
      "temp_min": 23.74,
      "temp_max": 23.74,
      "pressure": 1013,
      "humidity": 79,
      "sea_level": 1013,
      "grnd_level": 1005
    },
    "wind": {
      "speed": 2.1,
      "deg": 175,
      "gust": 2.07
    }
  }
}
2025-07-19 05:04:08 [[32minfo[39m]: Simulated marine data {
  "service": "beach-safety-api",
  "wave_height": 1.14,
  "current_speed": 0.61
}
2025-07-19 05:04:08 [[32minfo[39m]: Transformed weather data {
  "service": "beach-safety-api",
  "centerId": "efe6b507-ecd3-4eac-bd21-82cbe1125cc0",
  "centerName": "Hammamet Beach Safety Center",
  "original_visibility_meters": 10000,
  "transformed_visibility_km": 10,
  "temperature": 23.74,
  "wind_speed": 2.1,
  "weather_condition": "Clear",
  "wave_height": 1.14,
  "current_speed": 0.61
}
2025-07-19 05:04:08 [[32minfo[39m]: Raw OpenWeatherMap API response {
  "service": "beach-safety-api",
  "centerId": "efe6b507-ecd3-4eac-bd21-82cbe1125cc0",
  "centerName": "Hammamet Beach Safety Center",
  "coordinates": {
    "lat": 36.4,
    "lng": 10.6167
  },
  "visibility": 10000,
  "weather_condition": "Clear",
  "temperature": 23.74,
  "wind_speed": 2.1,
  "humidity": 79,
  "pressure": 1013,
  "raw_response": {
    "visibility": 10000,
    "weather": [
      {
        "id": 800,
        "main": "Clear",
        "description": "clear sky",
        "icon": "01n"
      }
    ],
    "main": {
      "temp": 23.74,
      "feels_like": 24.23,
      "temp_min": 23.74,
      "temp_max": 23.74,
      "pressure": 1013,
      "humidity": 79,
      "sea_level": 1013,
      "grnd_level": 1005
    },
    "wind": {
      "speed": 2.1,
      "deg": 175,
      "gust": 2.07
    }
  }
}
2025-07-19 05:04:08 [[32minfo[39m]: Simulated marine data {
  "service": "beach-safety-api",
  "wave_height": 0.95,
  "current_speed": 0.47
}
2025-07-19 05:04:08 [[32minfo[39m]: Transformed weather data {
  "service": "beach-safety-api",
  "centerId": "efe6b507-ecd3-4eac-bd21-82cbe1125cc0",
  "centerName": "Hammamet Beach Safety Center",
  "original_visibility_meters": 10000,
  "transformed_visibility_km": 10,
  "temperature": 23.74,
  "wind_speed": 2.1,
  "weather_condition": "Clear",
  "wave_height": 0.95,
  "current_speed": 0.47
}
2025-07-19 05:04:08 [[32minfo[39m]: Current weather and marine data fetched and stored {
  "service": "beach-safety-api",
  "centerId": "efe6b507-ecd3-4eac-bd21-82cbe1125cc0",
  "centerName": "Hammamet Beach Safety Center",
  "temperature": 23.74,
  "condition": "Clear",
  "waveHeight": 1.14,
  "currentSpeed": 0.61
}
2025-07-19 05:04:08 [[32minfo[39m]: Weather update emitted {
  "service": "beach-safety-api",
  "centerId": "efe6b507-ecd3-4eac-bd21-82cbe1125cc0"
}
2025-07-19 05:04:08 [[32minfo[39m]: Weather update sent to center {
  "service": "beach-safety-api",
  "centerId": "efe6b507-ecd3-4eac-bd21-82cbe1125cc0",
  "centerName": "Hammamet Beach Safety Center"
}
2025-07-19 05:04:08 [[32minfo[39m]: Current weather and marine data fetched and stored {
  "service": "beach-safety-api",
  "centerId": "efe6b507-ecd3-4eac-bd21-82cbe1125cc0",
  "centerName": "Hammamet Beach Safety Center",
  "temperature": 23.74,
  "condition": "Clear",
  "waveHeight": 0.95,
  "currentSpeed": 0.47
}
2025-07-19 05:04:08 [[32minfo[39m]: Weather data for flag determination {
  "service": "beach-safety-api",
  "centerId": "efe6b507-ecd3-4eac-bd21-82cbe1125cc0",
  "visibility": "10.00",
  "temperature": "23.74",
  "wind_speed": "2.10",
  "wave_height": "0.95",
  "precipitation": "0.00",
  "weather_condition": "Clear"
}
2025-07-19 05:04:08 [[32minfo[39m]: Safety flag updated automatically {
  "service": "beach-safety-api",
  "centerId": "efe6b507-ecd3-4eac-bd21-82cbe1125cc0",
  "oldFlag": "none",
  "newFlag": "green",
  "reason": "Safe conditions",
  "alerts": 0,
  "triggeredBy": "system",
  "updateReason": "No flag set - setting automatic flag"
}
2025-07-19 05:04:08 [[32minfo[39m]: Safety flag auto-updated for center {
  "service": "beach-safety-api",
  "centerId": "efe6b507-ecd3-4eac-bd21-82cbe1125cc0",
  "centerName": "Hammamet Beach Safety Center",
  "oldFlag": "none",
  "newFlag": "green",
  "reason": "No flag set - setting automatic flag"
}
2025-07-19 05:04:08 [[32minfo[39m]: Raw OpenWeatherMap API response {
  "service": "beach-safety-api",
  "centerId": "2c140dc1-5fac-4efe-80e3-2ad63dea6b8f",
  "centerName": "maamoura",
  "coordinates": {
    "lat": 36.50415378724642,
    "lng": 10.810546875000002
  },
  "visibility": 10000,
  "weather_condition": "Clear",
  "temperature": 23.38,
  "wind_speed": 1.68,
  "humidity": 78,
  "pressure": 1013,
  "raw_response": {
    "visibility": 10000,
    "weather": [
      {
        "id": 800,
        "main": "Clear",
        "description": "clear sky",
        "icon": "01n"
      }
    ],
    "main": {
      "temp": 23.38,
      "feels_like": 23.81,
      "temp_min": 23.38,
      "temp_max": 23.38,
      "pressure": 1013,
      "humidity": 78,
      "sea_level": 1013,
      "grnd_level": 1007
    },
    "wind": {
      "speed": 1.68,
      "deg": 175,
      "gust": 1.8
    }
  }
}
2025-07-19 05:04:08 [[32minfo[39m]: Simulated marine data {
  "service": "beach-safety-api",
  "wave_height": 1.05,
  "current_speed": 0.48
}
2025-07-19 05:04:08 [[32minfo[39m]: Transformed weather data {
  "service": "beach-safety-api",
  "centerId": "2c140dc1-5fac-4efe-80e3-2ad63dea6b8f",
  "centerName": "maamoura",
  "original_visibility_meters": 10000,
  "transformed_visibility_km": 10,
  "temperature": 23.38,
  "wind_speed": 1.68,
  "weather_condition": "Clear",
  "wave_height": 1.05,
  "current_speed": 0.48
}
2025-07-19 05:04:08 [[32minfo[39m]: Current weather and marine data fetched and stored {
  "service": "beach-safety-api",
  "centerId": "2c140dc1-5fac-4efe-80e3-2ad63dea6b8f",
  "centerName": "maamoura",
  "temperature": 23.38,
  "condition": "Clear",
  "waveHeight": 1.05,
  "currentSpeed": 0.48
}
2025-07-19 05:04:08 [[32minfo[39m]: Weather update emitted {
  "service": "beach-safety-api",
  "centerId": "2c140dc1-5fac-4efe-80e3-2ad63dea6b8f"
}
2025-07-19 05:04:08 [[32minfo[39m]: Weather update sent to center {
  "service": "beach-safety-api",
  "centerId": "2c140dc1-5fac-4efe-80e3-2ad63dea6b8f",
  "centerName": "maamoura"
}
2025-07-19 05:04:08 [[32minfo[39m]: Raw OpenWeatherMap API response {
  "service": "beach-safety-api",
  "centerId": "a42d64f5-73d9-41cb-97c7-c020fd1fe520",
  "centerName": "Sousse Beach Safety Center",
  "coordinates": {
    "lat": 35.8333,
    "lng": 10.6333
  },
  "visibility": 8000,
  "weather_condition": "Clear",
  "temperature": 24.91,
  "wind_speed": 1.54,
  "humidity": 83,
  "pressure": 1013,
  "raw_response": {
    "visibility": 8000,
    "weather": [
      {
        "id": 800,
        "main": "Clear",
        "description": "clear sky",
        "icon": "01n"
      }
    ],
    "main": {
      "temp": 24.91,
      "feels_like": 25.62,
      "temp_min": 24.91,
      "temp_max": 24.91,
      "pressure": 1013,
      "humidity": 83,
      "sea_level": 1013,
      "grnd_level": 1008
    },
    "wind": {
      "speed": 1.54,
      "deg": 180
    }
  }
}
2025-07-19 05:04:08 [[32minfo[39m]: Simulated marine data {
  "service": "beach-safety-api",
  "wave_height": 1.37,
  "current_speed": 0.42
}
2025-07-19 05:04:08 [[32minfo[39m]: Transformed weather data {
  "service": "beach-safety-api",
  "centerId": "a42d64f5-73d9-41cb-97c7-c020fd1fe520",
  "centerName": "Sousse Beach Safety Center",
  "original_visibility_meters": 8000,
  "transformed_visibility_km": 8,
  "temperature": 24.91,
  "wind_speed": 1.54,
  "weather_condition": "Clear",
  "wave_height": 1.37,
  "current_speed": 0.42
}
2025-07-19 05:04:08 [[32minfo[39m]: Current weather and marine data fetched and stored {
  "service": "beach-safety-api",
  "centerId": "a42d64f5-73d9-41cb-97c7-c020fd1fe520",
  "centerName": "Sousse Beach Safety Center",
  "temperature": 24.91,
  "condition": "Clear",
  "waveHeight": 1.37,
  "currentSpeed": 0.42
}
2025-07-19 05:04:08 [[32minfo[39m]: Weather update emitted {
  "service": "beach-safety-api",
  "centerId": "a42d64f5-73d9-41cb-97c7-c020fd1fe520"
}
2025-07-19 05:04:08 [[32minfo[39m]: Weather update sent to center {
  "service": "beach-safety-api",
  "centerId": "a42d64f5-73d9-41cb-97c7-c020fd1fe520",
  "centerName": "Sousse Beach Safety Center"
}
2025-07-19 05:04:08 [[32minfo[39m]: Raw OpenWeatherMap API response {
  "service": "beach-safety-api",
  "centerId": "5897994c-3d0f-4bcf-9624-3103ddffdcf4",
  "centerName": "Monastir Beach Safety Center",
  "coordinates": {
    "lat": 35.7667,
    "lng": 10.8333
  },
  "visibility": 8000,
  "weather_condition": "Clear",
  "temperature": 24.94,
  "wind_speed": 1.54,
  "humidity": 83,
  "pressure": 1013,
  "raw_response": {
    "visibility": 8000,
    "weather": [
      {
        "id": 800,
        "main": "Clear",
        "description": "clear sky",
        "icon": "01n"
      }
    ],
    "main": {
      "temp": 24.94,
      "feels_like": 25.66,
      "temp_min": 24.94,
      "temp_max": 24.94,
      "pressure": 1013,
      "humidity": 83,
      "sea_level": 1013,
      "grnd_level": 1011
    },
    "wind": {
      "speed": 1.54,
      "deg": 180
    }
  }
}
2025-07-19 05:04:08 [[32minfo[39m]: Simulated marine data {
  "service": "beach-safety-api",
  "wave_height": 1.46,
  "current_speed": 0.5
}
2025-07-19 05:04:08 [[32minfo[39m]: Transformed weather data {
  "service": "beach-safety-api",
  "centerId": "5897994c-3d0f-4bcf-9624-3103ddffdcf4",
  "centerName": "Monastir Beach Safety Center",
  "original_visibility_meters": 8000,
  "transformed_visibility_km": 8,
  "temperature": 24.94,
  "wind_speed": 1.54,
  "weather_condition": "Clear",
  "wave_height": 1.46,
  "current_speed": 0.5
}
2025-07-19 05:04:08 [[32minfo[39m]: Current weather and marine data fetched and stored {
  "service": "beach-safety-api",
  "centerId": "5897994c-3d0f-4bcf-9624-3103ddffdcf4",
  "centerName": "Monastir Beach Safety Center",
  "temperature": 24.94,
  "condition": "Clear",
  "waveHeight": 1.46,
  "currentSpeed": 0.5
}
2025-07-19 05:04:08 [[32minfo[39m]: Weather update emitted {
  "service": "beach-safety-api",
  "centerId": "5897994c-3d0f-4bcf-9624-3103ddffdcf4"
}
2025-07-19 05:04:08 [[32minfo[39m]: Weather update sent to center {
  "service": "beach-safety-api",
  "centerId": "5897994c-3d0f-4bcf-9624-3103ddffdcf4",
  "centerName": "Monastir Beach Safety Center"
}
2025-07-19 05:04:08 [[32minfo[39m]: Raw OpenWeatherMap API response {
  "service": "beach-safety-api",
  "centerId": "a1f85c07-8c14-4616-8199-a1c9c46d9b48",
  "centerName": "Tabarka Beach Safety Center",
  "coordinates": {
    "lat": 36.95,
    "lng": 8.75
  },
  "visibility": 10000,
  "weather_condition": "Clear",
  "temperature": 22.02,
  "wind_speed": 2.57,
  "humidity": 73,
  "pressure": 1011,
  "raw_response": {
    "visibility": 10000,
    "weather": [
      {
        "id": 800,
        "main": "Clear",
        "description": "clear sky",
        "icon": "01n"
      }
    ],
    "main": {
      "temp": 22.02,
      "feels_like": 22.18,
      "temp_min": 22.02,
      "temp_max": 22.02,
      "pressure": 1011,
      "humidity": 73,
      "sea_level": 1011,
      "grnd_level": 991
    },
    "wind": {
      "speed": 2.57,
      "deg": 130
    }
  }
}
2025-07-19 05:04:08 [[32minfo[39m]: Simulated marine data {
  "service": "beach-safety-api",
  "wave_height": 1.5,
  "current_speed": 0.55
}
2025-07-19 05:04:08 [[32minfo[39m]: Transformed weather data {
  "service": "beach-safety-api",
  "centerId": "a1f85c07-8c14-4616-8199-a1c9c46d9b48",
  "centerName": "Tabarka Beach Safety Center",
  "original_visibility_meters": 10000,
  "transformed_visibility_km": 10,
  "temperature": 22.02,
  "wind_speed": 2.57,
  "weather_condition": "Clear",
  "wave_height": 1.5,
  "current_speed": 0.55
}
2025-07-19 05:04:08 [[32minfo[39m]: Current weather and marine data fetched and stored {
  "service": "beach-safety-api",
  "centerId": "a1f85c07-8c14-4616-8199-a1c9c46d9b48",
  "centerName": "Tabarka Beach Safety Center",
  "temperature": 22.02,
  "condition": "Clear",
  "waveHeight": 1.5,
  "currentSpeed": 0.55
}
2025-07-19 05:04:08 [[32minfo[39m]: Weather update emitted {
  "service": "beach-safety-api",
  "centerId": "a1f85c07-8c14-4616-8199-a1c9c46d9b48"
}
2025-07-19 05:04:08 [[32minfo[39m]: Weather update sent to center {
  "service": "beach-safety-api",
  "centerId": "a1f85c07-8c14-4616-8199-a1c9c46d9b48",
  "centerName": "Tabarka Beach Safety Center"
}
2025-07-19 05:04:08 [[32minfo[39m]: Raw OpenWeatherMap API response {
  "service": "beach-safety-api",
  "centerId": "2c140dc1-5fac-4efe-80e3-2ad63dea6b8f",
  "centerName": "maamoura",
  "coordinates": {
    "lat": 36.50415378724642,
    "lng": 10.810546875000002
  },
  "visibility": 10000,
  "weather_condition": "Clear",
  "temperature": 23.38,
  "wind_speed": 1.68,
  "humidity": 78,
  "pressure": 1013,
  "raw_response": {
    "visibility": 10000,
    "weather": [
      {
        "id": 800,
        "main": "Clear",
        "description": "clear sky",
        "icon": "01n"
      }
    ],
    "main": {
      "temp": 23.38,
      "feels_like": 23.81,
      "temp_min": 23.38,
      "temp_max": 23.38,
      "pressure": 1013,
      "humidity": 78,
      "sea_level": 1013,
      "grnd_level": 1007
    },
    "wind": {
      "speed": 1.68,
      "deg": 175,
      "gust": 1.8
    }
  }
}
2025-07-19 05:04:08 [[32minfo[39m]: Simulated marine data {
  "service": "beach-safety-api",
  "wave_height": 1.64,
  "current_speed": 0.56
}
2025-07-19 05:04:08 [[32minfo[39m]: Transformed weather data {
  "service": "beach-safety-api",
  "centerId": "2c140dc1-5fac-4efe-80e3-2ad63dea6b8f",
  "centerName": "maamoura",
  "original_visibility_meters": 10000,
  "transformed_visibility_km": 10,
  "temperature": 23.38,
  "wind_speed": 1.68,
  "weather_condition": "Clear",
  "wave_height": 1.64,
  "current_speed": 0.56
}
2025-07-19 05:04:08 [[32minfo[39m]: Current weather and marine data fetched and stored {
  "service": "beach-safety-api",
  "centerId": "2c140dc1-5fac-4efe-80e3-2ad63dea6b8f",
  "centerName": "maamoura",
  "temperature": 23.38,
  "condition": "Clear",
  "waveHeight": 1.64,
  "currentSpeed": 0.56
}
2025-07-19 05:04:08 [[32minfo[39m]: Weather data for flag determination {
  "service": "beach-safety-api",
  "centerId": "2c140dc1-5fac-4efe-80e3-2ad63dea6b8f",
  "visibility": "10.00",
  "temperature": "23.38",
  "wind_speed": "1.68",
  "wave_height": "1.64",
  "precipitation": "0.00",
  "weather_condition": "Clear"
}
2025-07-19 05:04:08 [[32minfo[39m]: Raw OpenWeatherMap API response {
  "service": "beach-safety-api",
  "centerId": "5897994c-3d0f-4bcf-9624-3103ddffdcf4",
  "centerName": "Monastir Beach Safety Center",
  "coordinates": {
    "lat": 35.7667,
    "lng": 10.8333
  },
  "visibility": 8000,
  "weather_condition": "Clear",
  "temperature": 24.94,
  "wind_speed": 1.54,
  "humidity": 83,
  "pressure": 1013,
  "raw_response": {
    "visibility": 8000,
    "weather": [
      {
        "id": 800,
        "main": "Clear",
        "description": "clear sky",
        "icon": "01n"
      }
    ],
    "main": {
      "temp": 24.94,
      "feels_like": 25.66,
      "temp_min": 24.94,
      "temp_max": 24.94,
      "pressure": 1013,
      "humidity": 83,
      "sea_level": 1013,
      "grnd_level": 1011
    },
    "wind": {
      "speed": 1.54,
      "deg": 180
    }
  }
}
2025-07-19 05:04:08 [[32minfo[39m]: Simulated marine data {
  "service": "beach-safety-api",
  "wave_height": 1.03,
  "current_speed": 0.45
}
2025-07-19 05:04:08 [[32minfo[39m]: Transformed weather data {
  "service": "beach-safety-api",
  "centerId": "5897994c-3d0f-4bcf-9624-3103ddffdcf4",
  "centerName": "Monastir Beach Safety Center",
  "original_visibility_meters": 8000,
  "transformed_visibility_km": 8,
  "temperature": 24.94,
  "wind_speed": 1.54,
  "weather_condition": "Clear",
  "wave_height": 1.03,
  "current_speed": 0.45
}
2025-07-19 05:04:08 [[32minfo[39m]: Current weather and marine data fetched and stored {
  "service": "beach-safety-api",
  "centerId": "5897994c-3d0f-4bcf-9624-3103ddffdcf4",
  "centerName": "Monastir Beach Safety Center",
  "temperature": 24.94,
  "condition": "Clear",
  "waveHeight": 1.03,
  "currentSpeed": 0.45
}
2025-07-19 05:04:08 [[32minfo[39m]: Weather data for flag determination {
  "service": "beach-safety-api",
  "centerId": "5897994c-3d0f-4bcf-9624-3103ddffdcf4",
  "visibility": "8.00",
  "temperature": "24.94",
  "wind_speed": "1.54",
  "wave_height": "1.03",
  "precipitation": "0.00",
  "weather_condition": "Clear"
}
2025-07-19 05:04:08 [[32minfo[39m]: Safety flag updated automatically {
  "service": "beach-safety-api",
  "centerId": "2c140dc1-5fac-4efe-80e3-2ad63dea6b8f",
  "oldFlag": "none",
  "newFlag": "yellow",
  "reason": "Moderate wave conditions - caution advised",
  "alerts": 1,
  "triggeredBy": "system",
  "updateReason": "No flag set - setting automatic flag"
}
2025-07-19 05:04:08 [[32minfo[39m]: Safety flag auto-updated for center {
  "service": "beach-safety-api",
  "centerId": "2c140dc1-5fac-4efe-80e3-2ad63dea6b8f",
  "centerName": "maamoura",
  "oldFlag": "none",
  "newFlag": "yellow",
  "reason": "No flag set - setting automatic flag"
}
2025-07-19 05:04:08 [[32minfo[39m]: Safety flag updated automatically {
  "service": "beach-safety-api",
  "centerId": "5897994c-3d0f-4bcf-9624-3103ddffdcf4",
  "oldFlag": "none",
  "newFlag": "red",
  "reason": "Reduced visibility - caution advised",
  "alerts": 1,
  "triggeredBy": "system",
  "updateReason": "No flag set - setting automatic flag"
}
2025-07-19 05:04:08 [[32minfo[39m]: Safety flag auto-updated for center {
  "service": "beach-safety-api",
  "centerId": "5897994c-3d0f-4bcf-9624-3103ddffdcf4",
  "centerName": "Monastir Beach Safety Center",
  "oldFlag": "none",
  "newFlag": "red",
  "reason": "No flag set - setting automatic flag"
}
2025-07-19 05:04:08 [[32minfo[39m]: Raw OpenWeatherMap API response {
  "service": "beach-safety-api",
  "centerId": "f350b731-2da6-4e3d-9a9d-5fa3c8c985ab",
  "centerName": "Djerba Beach Safety Center",
  "coordinates": {
    "lat": 33.8167,
    "lng": 10.85
  },
  "visibility": 10000,
  "weather_condition": "Clear",
  "temperature": 25.94,
  "wind_speed": 1.54,
  "humidity": 89,
  "pressure": 1013,
  "raw_response": {
    "visibility": 10000,
    "weather": [
      {
        "id": 800,
        "main": "Clear",
        "description": "clear sky",
        "icon": "01n"
      }
    ],
    "main": {
      "temp": 25.94,
      "feels_like": 26.91,
      "temp_min": 25.94,
      "temp_max": 25.94,
      "pressure": 1013,
      "humidity": 89,
      "sea_level": 1013,
      "grnd_level": 1012
    },
    "wind": {
      "speed": 1.54,
      "deg": 120
    }
  }
}
2025-07-19 05:04:08 [[32minfo[39m]: Simulated marine data {
  "service": "beach-safety-api",
  "wave_height": 0.98,
  "current_speed": 0.78
}
2025-07-19 05:04:08 [[32minfo[39m]: Transformed weather data {
  "service": "beach-safety-api",
  "centerId": "f350b731-2da6-4e3d-9a9d-5fa3c8c985ab",
  "centerName": "Djerba Beach Safety Center",
  "original_visibility_meters": 10000,
  "transformed_visibility_km": 10,
  "temperature": 25.94,
  "wind_speed": 1.54,
  "weather_condition": "Clear",
  "wave_height": 0.98,
  "current_speed": 0.78
}
2025-07-19 05:04:08 [[32minfo[39m]: Raw OpenWeatherMap API response {
  "service": "beach-safety-api",
  "centerId": "6091fcc3-3b14-430e-8d28-0907aa1db98d",
  "centerName": "Takelsa",
  "coordinates": {
    "lat": 36.882154463,
    "lng": 10.608962774
  },
  "visibility": 10000,
  "weather_condition": "Clear",
  "temperature": 24.39,
  "wind_speed": 3.34,
  "humidity": 76,
  "pressure": 1013,
  "raw_response": {
    "visibility": 10000,
    "weather": [
      {
        "id": 800,
        "main": "Clear",
        "description": "clear sky",
        "icon": "01n"
      }
    ],
    "main": {
      "temp": 24.39,
      "feels_like": 24.87,
      "temp_min": 24.39,
      "temp_max": 24.39,
      "pressure": 1013,
      "humidity": 76,
      "sea_level": 1013,
      "grnd_level": 1008
    },
    "wind": {
      "speed": 3.34,
      "deg": 138,
      "gust": 3.43
    }
  }
}
2025-07-19 05:04:08 [[32minfo[39m]: Simulated marine data {
  "service": "beach-safety-api",
  "wave_height": 1.37,
  "current_speed": 0.56
}
2025-07-19 05:04:08 [[32minfo[39m]: Transformed weather data {
  "service": "beach-safety-api",
  "centerId": "6091fcc3-3b14-430e-8d28-0907aa1db98d",
  "centerName": "Takelsa",
  "original_visibility_meters": 10000,
  "transformed_visibility_km": 10,
  "temperature": 24.39,
  "wind_speed": 3.34,
  "weather_condition": "Clear",
  "wave_height": 1.37,
  "current_speed": 0.56
}
2025-07-19 05:04:08 [[32minfo[39m]: Current weather and marine data fetched and stored {
  "service": "beach-safety-api",
  "centerId": "f350b731-2da6-4e3d-9a9d-5fa3c8c985ab",
  "centerName": "Djerba Beach Safety Center",
  "temperature": 25.94,
  "condition": "Clear",
  "waveHeight": 0.98,
  "currentSpeed": 0.78
}
2025-07-19 05:04:08 [[32minfo[39m]: Weather update emitted {
  "service": "beach-safety-api",
  "centerId": "f350b731-2da6-4e3d-9a9d-5fa3c8c985ab"
}
2025-07-19 05:04:08 [[32minfo[39m]: Weather update sent to center {
  "service": "beach-safety-api",
  "centerId": "f350b731-2da6-4e3d-9a9d-5fa3c8c985ab",
  "centerName": "Djerba Beach Safety Center"
}
2025-07-19 05:04:08 [[32minfo[39m]: Current weather and marine data fetched and stored {
  "service": "beach-safety-api",
  "centerId": "6091fcc3-3b14-430e-8d28-0907aa1db98d",
  "centerName": "Takelsa",
  "temperature": 24.39,
  "condition": "Clear",
  "waveHeight": 1.37,
  "currentSpeed": 0.56
}
2025-07-19 05:04:08 [[32minfo[39m]: Weather update emitted {
  "service": "beach-safety-api",
  "centerId": "6091fcc3-3b14-430e-8d28-0907aa1db98d"
}
2025-07-19 05:04:08 [[32minfo[39m]: Weather update sent to center {
  "service": "beach-safety-api",
  "centerId": "6091fcc3-3b14-430e-8d28-0907aa1db98d",
  "centerName": "Takelsa"
}
2025-07-19 05:04:08 [[32minfo[39m]: Raw OpenWeatherMap API response {
  "service": "beach-safety-api",
  "centerId": "6c847017-e5ab-4e48-b987-328d742f7562",
  "centerName": "Sounine",
  "coordinates": {
    "lat": 37.21106722049235,
    "lng": 10.179165601730348
  },
  "visibility": 10000,
  "weather_condition": "Clear",
  "temperature": 24.62,
  "wind_speed": 4.07,
  "humidity": 80,
  "pressure": 1012,
  "raw_response": {
    "visibility": 10000,
    "weather": [
      {
        "id": 800,
        "main": "Clear",
        "description": "clear sky",
        "icon": "01n"
      }
    ],
    "main": {
      "temp": 24.62,
      "feels_like": 25.23,
      "temp_min": 24.62,
      "temp_max": 24.62,
      "pressure": 1012,
      "humidity": 80,
      "sea_level": 1012,
      "grnd_level": 1011
    },
    "wind": {
      "speed": 4.07,
      "deg": 146,
      "gust": 4.96
    }
  }
}
2025-07-19 05:04:09 [[32minfo[39m]: Simulated marine data {
  "service": "beach-safety-api",
  "wave_height": 1.13,
  "current_speed": 0.72
}
2025-07-19 05:04:09 [[32minfo[39m]: Transformed weather data {
  "service": "beach-safety-api",
  "centerId": "6c847017-e5ab-4e48-b987-328d742f7562",
  "centerName": "Sounine",
  "original_visibility_meters": 10000,
  "transformed_visibility_km": 10,
  "temperature": 24.62,
  "wind_speed": 4.07,
  "weather_condition": "Clear",
  "wave_height": 1.13,
  "current_speed": 0.72
}
2025-07-19 05:04:09 [[32minfo[39m]: Raw OpenWeatherMap API response {
  "service": "beach-safety-api",
  "centerId": "a42d64f5-73d9-41cb-97c7-c020fd1fe520",
  "centerName": "Sousse Beach Safety Center",
  "coordinates": {
    "lat": 35.8333,
    "lng": 10.6333
  },
  "visibility": 8000,
  "weather_condition": "Clear",
  "temperature": 24.91,
  "wind_speed": 1.54,
  "humidity": 83,
  "pressure": 1013,
  "raw_response": {
    "visibility": 8000,
    "weather": [
      {
        "id": 800,
        "main": "Clear",
        "description": "clear sky",
        "icon": "01n"
      }
    ],
    "main": {
      "temp": 24.91,
      "feels_like": 25.62,
      "temp_min": 24.91,
      "temp_max": 24.91,
      "pressure": 1013,
      "humidity": 83,
      "sea_level": 1013,
      "grnd_level": 1008
    },
    "wind": {
      "speed": 1.54,
      "deg": 180
    }
  }
}
2025-07-19 05:04:09 [[32minfo[39m]: Simulated marine data {
  "service": "beach-safety-api",
  "wave_height": 1.25,
  "current_speed": 0.76
}
2025-07-19 05:04:09 [[32minfo[39m]: Transformed weather data {
  "service": "beach-safety-api",
  "centerId": "a42d64f5-73d9-41cb-97c7-c020fd1fe520",
  "centerName": "Sousse Beach Safety Center",
  "original_visibility_meters": 8000,
  "transformed_visibility_km": 8,
  "temperature": 24.91,
  "wind_speed": 1.54,
  "weather_condition": "Clear",
  "wave_height": 1.25,
  "current_speed": 0.76
}
2025-07-19 05:04:09 [[32minfo[39m]: Current weather and marine data fetched and stored {
  "service": "beach-safety-api",
  "centerId": "a42d64f5-73d9-41cb-97c7-c020fd1fe520",
  "centerName": "Sousse Beach Safety Center",
  "temperature": 24.91,
  "condition": "Clear",
  "waveHeight": 1.25,
  "currentSpeed": 0.76
}
2025-07-19 05:04:09 [[32minfo[39m]: Weather data for flag determination {
  "service": "beach-safety-api",
  "centerId": "a42d64f5-73d9-41cb-97c7-c020fd1fe520",
  "visibility": "8.00",
  "temperature": "24.91",
  "wind_speed": "1.54",
  "wave_height": "1.25",
  "precipitation": "0.00",
  "weather_condition": "Clear"
}
2025-07-19 05:04:09 [[32minfo[39m]: Current weather and marine data fetched and stored {
  "service": "beach-safety-api",
  "centerId": "6c847017-e5ab-4e48-b987-328d742f7562",
  "centerName": "Sounine",
  "temperature": 24.62,
  "condition": "Clear",
  "waveHeight": 1.13,
  "currentSpeed": 0.72
}
2025-07-19 05:04:09 [[32minfo[39m]: Weather update emitted {
  "service": "beach-safety-api",
  "centerId": "6c847017-e5ab-4e48-b987-328d742f7562"
}
2025-07-19 05:04:09 [[32minfo[39m]: Weather update sent to center {
  "service": "beach-safety-api",
  "centerId": "6c847017-e5ab-4e48-b987-328d742f7562",
  "centerName": "Sounine"
}
2025-07-19 05:04:09 [[32minfo[39m]: Weather updates completed for all centers {
  "service": "beach-safety-api"
}
2025-07-19 05:04:09 [[32minfo[39m]: Scheduled weather update cycle completed {
  "service": "beach-safety-api"
}
2025-07-19 05:04:09 [[32minfo[39m]: Safety flag updated automatically {
  "service": "beach-safety-api",
  "centerId": "a42d64f5-73d9-41cb-97c7-c020fd1fe520",
  "oldFlag": "none",
  "newFlag": "red",
  "reason": "Reduced visibility - caution advised",
  "alerts": 1,
  "triggeredBy": "system",
  "updateReason": "No flag set - setting automatic flag"
}
2025-07-19 05:04:09 [[32minfo[39m]: Safety flag auto-updated for center {
  "service": "beach-safety-api",
  "centerId": "a42d64f5-73d9-41cb-97c7-c020fd1fe520",
  "centerName": "Sousse Beach Safety Center",
  "oldFlag": "none",
  "newFlag": "red",
  "reason": "No flag set - setting automatic flag"
}
2025-07-19 05:04:09 [[32minfo[39m]: Raw OpenWeatherMap API response {
  "service": "beach-safety-api",
  "centerId": "6c847017-e5ab-4e48-b987-328d742f7562",
  "centerName": "Sounine",
  "coordinates": {
    "lat": 37.21106722049235,
    "lng": 10.179165601730348
  },
  "visibility": 10000,
  "weather_condition": "Clear",
  "temperature": 24.62,
  "wind_speed": 4.07,
  "humidity": 80,
  "pressure": 1012,
  "raw_response": {
    "visibility": 10000,
    "weather": [
      {
        "id": 800,
        "main": "Clear",
        "description": "clear sky",
        "icon": "01n"
      }
    ],
    "main": {
      "temp": 24.62,
      "feels_like": 25.23,
      "temp_min": 24.62,
      "temp_max": 24.62,
      "pressure": 1012,
      "humidity": 80,
      "sea_level": 1012,
      "grnd_level": 1011
    },
    "wind": {
      "speed": 4.07,
      "deg": 146,
      "gust": 4.96
    }
  }
}
2025-07-19 05:04:09 [[32minfo[39m]: Simulated marine data {
  "service": "beach-safety-api",
  "wave_height": 1.05,
  "current_speed": 0.75
}
2025-07-19 05:04:09 [[32minfo[39m]: Transformed weather data {
  "service": "beach-safety-api",
  "centerId": "6c847017-e5ab-4e48-b987-328d742f7562",
  "centerName": "Sounine",
  "original_visibility_meters": 10000,
  "transformed_visibility_km": 10,
  "temperature": 24.62,
  "wind_speed": 4.07,
  "weather_condition": "Clear",
  "wave_height": 1.05,
  "current_speed": 0.75
}
2025-07-19 05:04:09 [[32minfo[39m]: Raw OpenWeatherMap API response {
  "service": "beach-safety-api",
  "centerId": "a1f85c07-8c14-4616-8199-a1c9c46d9b48",
  "centerName": "Tabarka Beach Safety Center",
  "coordinates": {
    "lat": 36.95,
    "lng": 8.75
  },
  "visibility": 10000,
  "weather_condition": "Clear",
  "temperature": 22.02,
  "wind_speed": 2.57,
  "humidity": 73,
  "pressure": 1011,
  "raw_response": {
    "visibility": 10000,
    "weather": [
      {
        "id": 800,
        "main": "Clear",
        "description": "clear sky",
        "icon": "01n"
      }
    ],
    "main": {
      "temp": 22.02,
      "feels_like": 22.18,
      "temp_min": 22.02,
      "temp_max": 22.02,
      "pressure": 1011,
      "humidity": 73,
      "sea_level": 1011,
      "grnd_level": 991
    },
    "wind": {
      "speed": 2.57,
      "deg": 130
    }
  }
}
2025-07-19 05:04:09 [[32minfo[39m]: Simulated marine data {
  "service": "beach-safety-api",
  "wave_height": 0.89,
  "current_speed": 0.58
}
2025-07-19 05:04:09 [[32minfo[39m]: Transformed weather data {
  "service": "beach-safety-api",
  "centerId": "a1f85c07-8c14-4616-8199-a1c9c46d9b48",
  "centerName": "Tabarka Beach Safety Center",
  "original_visibility_meters": 10000,
  "transformed_visibility_km": 10,
  "temperature": 22.02,
  "wind_speed": 2.57,
  "weather_condition": "Clear",
  "wave_height": 0.89,
  "current_speed": 0.58
}
2025-07-19 05:04:09 [[32minfo[39m]: Current weather and marine data fetched and stored {
  "service": "beach-safety-api",
  "centerId": "6c847017-e5ab-4e48-b987-328d742f7562",
  "centerName": "Sounine",
  "temperature": 24.62,
  "condition": "Clear",
  "waveHeight": 1.05,
  "currentSpeed": 0.75
}
2025-07-19 05:04:09 [[32minfo[39m]: Weather data for flag determination {
  "service": "beach-safety-api",
  "centerId": "6c847017-e5ab-4e48-b987-328d742f7562",
  "visibility": "10.00",
  "temperature": "24.62",
  "wind_speed": "4.07",
  "wave_height": "1.05",
  "precipitation": "0.00",
  "weather_condition": "Clear"
}
2025-07-19 05:04:09 [[32minfo[39m]: Current weather and marine data fetched and stored {
  "service": "beach-safety-api",
  "centerId": "a1f85c07-8c14-4616-8199-a1c9c46d9b48",
  "centerName": "Tabarka Beach Safety Center",
  "temperature": 22.02,
  "condition": "Clear",
  "waveHeight": 0.89,
  "currentSpeed": 0.58
}
2025-07-19 05:04:09 [[32minfo[39m]: Weather data for flag determination {
  "service": "beach-safety-api",
  "centerId": "a1f85c07-8c14-4616-8199-a1c9c46d9b48",
  "visibility": "10.00",
  "temperature": "22.02",
  "wind_speed": "2.57",
  "wave_height": "0.89",
  "precipitation": "0.00",
  "weather_condition": "Clear"
}
2025-07-19 05:04:09 [[32minfo[39m]: Safety flag updated automatically {
  "service": "beach-safety-api",
  "centerId": "6c847017-e5ab-4e48-b987-328d742f7562",
  "oldFlag": "none",
  "newFlag": "green",
  "reason": "Safe conditions",
  "alerts": 0,
  "triggeredBy": "system",
  "updateReason": "No flag set - setting automatic flag"
}
2025-07-19 05:04:09 [[32minfo[39m]: Safety flag auto-updated for center {
  "service": "beach-safety-api",
  "centerId": "6c847017-e5ab-4e48-b987-328d742f7562",
  "centerName": "Sounine",
  "oldFlag": "none",
  "newFlag": "green",
  "reason": "No flag set - setting automatic flag"
}
2025-07-19 05:04:09 [[32minfo[39m]: Safety flag updated automatically {
  "service": "beach-safety-api",
  "centerId": "a1f85c07-8c14-4616-8199-a1c9c46d9b48",
  "oldFlag": "none",
  "newFlag": "green",
  "reason": "Safe conditions",
  "alerts": 0,
  "triggeredBy": "system",
  "updateReason": "No flag set - setting automatic flag"
}
2025-07-19 05:04:09 [[32minfo[39m]: Safety flag auto-updated for center {
  "service": "beach-safety-api",
  "centerId": "a1f85c07-8c14-4616-8199-a1c9c46d9b48",
  "centerName": "Tabarka Beach Safety Center",
  "oldFlag": "none",
  "newFlag": "green",
  "reason": "No flag set - setting automatic flag"
}
2025-07-19 05:04:09 [[32minfo[39m]: Raw OpenWeatherMap API response {
  "service": "beach-safety-api",
  "centerId": "6091fcc3-3b14-430e-8d28-0907aa1db98d",
  "centerName": "Takelsa",
  "coordinates": {
    "lat": 36.882154463,
    "lng": 10.608962774
  },
  "visibility": 10000,
  "weather_condition": "Clear",
  "temperature": 24.39,
  "wind_speed": 3.34,
  "humidity": 76,
  "pressure": 1013,
  "raw_response": {
    "visibility": 10000,
    "weather": [
      {
        "id": 800,
        "main": "Clear",
        "description": "clear sky",
        "icon": "01n"
      }
    ],
    "main": {
      "temp": 24.39,
      "feels_like": 24.87,
      "temp_min": 24.39,
      "temp_max": 24.39,
      "pressure": 1013,
      "humidity": 76,
      "sea_level": 1013,
      "grnd_level": 1008
    },
    "wind": {
      "speed": 3.34,
      "deg": 138,
      "gust": 3.43
    }
  }
}
2025-07-19 05:04:09 [[32minfo[39m]: Simulated marine data {
  "service": "beach-safety-api",
  "wave_height": 1.63,
  "current_speed": 0.47
}
2025-07-19 05:04:09 [[32minfo[39m]: Transformed weather data {
  "service": "beach-safety-api",
  "centerId": "6091fcc3-3b14-430e-8d28-0907aa1db98d",
  "centerName": "Takelsa",
  "original_visibility_meters": 10000,
  "transformed_visibility_km": 10,
  "temperature": 24.39,
  "wind_speed": 3.34,
  "weather_condition": "Clear",
  "wave_height": 1.63,
  "current_speed": 0.47
}
2025-07-19 05:04:09 [[32minfo[39m]: Raw OpenWeatherMap API response {
  "service": "beach-safety-api",
  "centerId": "f350b731-2da6-4e3d-9a9d-5fa3c8c985ab",
  "centerName": "Djerba Beach Safety Center",
  "coordinates": {
    "lat": 33.8167,
    "lng": 10.85
  },
  "visibility": 10000,
  "weather_condition": "Clear",
  "temperature": 25.94,
  "wind_speed": 1.54,
  "humidity": 89,
  "pressure": 1013,
  "raw_response": {
    "visibility": 10000,
    "weather": [
      {
        "id": 800,
        "main": "Clear",
        "description": "clear sky",
        "icon": "01n"
      }
    ],
    "main": {
      "temp": 25.94,
      "feels_like": 26.91,
      "temp_min": 25.94,
      "temp_max": 25.94,
      "pressure": 1013,
      "humidity": 89,
      "sea_level": 1013,
      "grnd_level": 1012
    },
    "wind": {
      "speed": 1.54,
      "deg": 120
    }
  }
}
2025-07-19 05:04:09 [[32minfo[39m]: Simulated marine data {
  "service": "beach-safety-api",
  "wave_height": 1.02,
  "current_speed": 0.47
}
2025-07-19 05:04:09 [[32minfo[39m]: Transformed weather data {
  "service": "beach-safety-api",
  "centerId": "f350b731-2da6-4e3d-9a9d-5fa3c8c985ab",
  "centerName": "Djerba Beach Safety Center",
  "original_visibility_meters": 10000,
  "transformed_visibility_km": 10,
  "temperature": 25.94,
  "wind_speed": 1.54,
  "weather_condition": "Clear",
  "wave_height": 1.02,
  "current_speed": 0.47
}
2025-07-19 05:04:09 [[32minfo[39m]: Current weather and marine data fetched and stored {
  "service": "beach-safety-api",
  "centerId": "6091fcc3-3b14-430e-8d28-0907aa1db98d",
  "centerName": "Takelsa",
  "temperature": 24.39,
  "condition": "Clear",
  "waveHeight": 1.63,
  "currentSpeed": 0.47
}
2025-07-19 05:04:09 [[32minfo[39m]: Weather data for flag determination {
  "service": "beach-safety-api",
  "centerId": "6091fcc3-3b14-430e-8d28-0907aa1db98d",
  "visibility": "10.00",
  "temperature": "24.39",
  "wind_speed": "3.34",
  "wave_height": "1.63",
  "precipitation": "0.00",
  "weather_condition": "Clear"
}
2025-07-19 05:04:09 [[32minfo[39m]: Current weather and marine data fetched and stored {
  "service": "beach-safety-api",
  "centerId": "f350b731-2da6-4e3d-9a9d-5fa3c8c985ab",
  "centerName": "Djerba Beach Safety Center",
  "temperature": 25.94,
  "condition": "Clear",
  "waveHeight": 1.02,
  "currentSpeed": 0.47
}
2025-07-19 05:04:09 [[32minfo[39m]: Weather data for flag determination {
  "service": "beach-safety-api",
  "centerId": "f350b731-2da6-4e3d-9a9d-5fa3c8c985ab",
  "visibility": "10.00",
  "temperature": "25.94",
  "wind_speed": "1.54",
  "wave_height": "1.02",
  "precipitation": "0.00",
  "weather_condition": "Clear"
}
2025-07-19 05:04:09 [[32minfo[39m]: Manual flag still valid - respecting manual override {
  "service": "beach-safety-api",
  "centerId": "6091fcc3-3b14-430e-8d28-0907aa1db98d",
  "currentFlag": "red",
  "expiresAt": null,
  "setByRole": "center_admin"
}
2025-07-19 05:04:09 [[32minfo[39m]: Safety flag auto-update check completed for center {
  "service": "beach-safety-api",
  "centerId": "6091fcc3-3b14-430e-8d28-0907aa1db98d",
  "centerName": "Takelsa",
  "currentFlag": "red",
  "reason": "Manual flag still valid"
}
2025-07-19 05:04:09 [[32minfo[39m]: Safety flag updated automatically {
  "service": "beach-safety-api",
  "centerId": "f350b731-2da6-4e3d-9a9d-5fa3c8c985ab",
  "oldFlag": "none",
  "newFlag": "green",
  "reason": "Safe conditions",
  "alerts": 0,
  "triggeredBy": "system",
  "updateReason": "No flag set - setting automatic flag"
}
2025-07-19 05:04:09 [[32minfo[39m]: Safety flag auto-updated for center {
  "service": "beach-safety-api",
  "centerId": "f350b731-2da6-4e3d-9a9d-5fa3c8c985ab",
  "centerName": "Djerba Beach Safety Center",
  "oldFlag": "none",
  "newFlag": "green",
  "reason": "No flag set - setting automatic flag"
}
2025-07-19 05:04:09 [[32minfo[39m]: Scheduled safety flag auto-update cycle completed {
  "service": "beach-safety-api"
}
2025-07-19 09:07:56 [[32minfo[39m]: Connected to PostgreSQL database {
  "service": "beach-safety-api"
}
2025-07-19 09:07:56 [[32minfo[39m]: Connected to PostgreSQL database {
  "service": "beach-safety-api"
}
2025-07-19 09:07:56 [[32minfo[39m]: Connected to PostgreSQL database {
  "service": "beach-safety-api"
}
2025-07-19 09:07:56 [[32minfo[39m]: Connected to PostgreSQL database {
  "service": "beach-safety-api"
}
2025-07-19 09:07:56 [[32minfo[39m]: Connected to PostgreSQL database {
  "service": "beach-safety-api"
}
2025-07-19 09:07:56 [[32minfo[39m]: ::ffff:127.0.0.1 - - [19/Jul/2025:08:07:56 +0000] "GET /api/v1/public/lifeguards/counts HTTP/1.1" 200 954 "http://localhost:3000/" "Mozilla/5.0 (X11; Ubuntu; Linux x86_64; rv:136.0) Gecko/20100101 Firefox/136.0" {
  "service": "beach-safety-api"
}
2025-07-19 09:07:56 [[32minfo[39m]: Connected to PostgreSQL database {
  "service": "beach-safety-api"
}
2025-07-19 09:07:56 [[32minfo[39m]: ::ffff:127.0.0.1 - - [19/Jul/2025:08:07:56 +0000] "GET /api/v1/public/safety/flags HTTP/1.1" 200 1358 "http://localhost:3000/" "Mozilla/5.0 (X11; Ubuntu; Linux x86_64; rv:136.0) Gecko/20100101 Firefox/136.0" {
  "service": "beach-safety-api"
}
2025-07-19 09:07:56 [[32minfo[39m]: ::ffff:127.0.0.1 - - [19/Jul/2025:08:07:56 +0000] "GET /api/v1/public/centers HTTP/1.1" 200 4275 "http://localhost:3000/" "Mozilla/5.0 (X11; Ubuntu; Linux x86_64; rv:136.0) Gecko/20100101 Firefox/136.0" {
  "service": "beach-safety-api"
}
2025-07-19 09:07:56 [[32minfo[39m]: ::ffff:127.0.0.1 - - [19/Jul/2025:08:07:56 +0000] "GET /api/v1/public/centers HTTP/1.1" 200 4275 "http://localhost:3000/" "Mozilla/5.0 (X11; Ubuntu; Linux x86_64; rv:136.0) Gecko/20100101 Firefox/136.0" {
  "service": "beach-safety-api"
}
2025-07-19 09:07:56 [[32minfo[39m]: Public weather query result: {
  "service": "beach-safety-api",
  "totalRows": 72,
  "centers": [
    {
      "center_id": "f350b731-2da6-4e3d-9a9d-5fa3c8c985ab",
      "center_name": "Djerba Beach Safety Center",
      "recorded_at": "2025-07-19T04:04:09.162Z"
    },
    {
      "center_id": "6091fcc3-3b14-430e-8d28-0907aa1db98d",
      "center_name": "Takelsa",
      "recorded_at": "2025-07-19T04:04:09.160Z"
    },
    {
      "center_id": "a1f85c07-8c14-4616-8199-a1c9c46d9b48",
      "center_name": "Tabarka Beach Safety Center",
      "recorded_at": "2025-07-19T04:04:09.080Z"
    },
    {
      "center_id": "6c847017-e5ab-4e48-b987-328d742f7562",
      "center_name": "Sounine",
      "recorded_at": "2025-07-19T04:04:09.063Z"
    },
    {
      "center_id": "a42d64f5-73d9-41cb-97c7-c020fd1fe520",
      "center_name": "Sousse Beach Safety Center",
      "recorded_at": "2025-07-19T04:04:09.011Z"
    },
    {
      "center_id": "6c847017-e5ab-4e48-b987-328d742f7562",
      "center_name": "Sounine",
      "recorded_at": "2025-07-19T04:04:09.007Z"
    },
    {
      "center_id": "6091fcc3-3b14-430e-8d28-0907aa1db98d",
      "center_name": "Takelsa",
      "recorded_at": "2025-07-19T04:04:08.939Z"
    },
    {
      "center_id": "f350b731-2da6-4e3d-9a9d-5fa3c8c985ab",
      "center_name": "Djerba Beach Safety Center",
      "recorded_at": "2025-07-19T04:04:08.930Z"
    },
    {
      "center_id": "5897994c-3d0f-4bcf-9624-3103ddffdcf4",
      "center_name": "Monastir Beach Safety Center",
      "recorded_at": "2025-07-19T04:04:08.760Z"
    },
    {
      "center_id": "2c140dc1-5fac-4efe-80e3-2ad63dea6b8f",
      "center_name": "maamoura",
      "recorded_at": "2025-07-19T04:04:08.751Z"
    },
    {
      "center_id": "a1f85c07-8c14-4616-8199-a1c9c46d9b48",
      "center_name": "Tabarka Beach Safety Center",
      "recorded_at": "2025-07-19T04:04:08.744Z"
    },
    {
      "center_id": "5897994c-3d0f-4bcf-9624-3103ddffdcf4",
      "center_name": "Monastir Beach Safety Center",
      "recorded_at": "2025-07-19T04:04:08.708Z"
    },
    {
      "center_id": "a42d64f5-73d9-41cb-97c7-c020fd1fe520",
      "center_name": "Sousse Beach Safety Center",
      "recorded_at": "2025-07-19T04:04:08.665Z"
    },
    {
      "center_id": "2c140dc1-5fac-4efe-80e3-2ad63dea6b8f",
      "center_name": "maamoura",
      "recorded_at": "2025-07-19T04:04:08.651Z"
    },
    {
      "center_id": "efe6b507-ecd3-4eac-bd21-82cbe1125cc0",
      "center_name": "Hammamet Beach Safety Center",
      "recorded_at": "2025-07-19T04:04:08.594Z"
    },
    {
      "center_id": "efe6b507-ecd3-4eac-bd21-82cbe1125cc0",
      "center_name": "Hammamet Beach Safety Center",
      "recorded_at": "2025-07-19T04:04:08.591Z"
    },
    {
      "center_id": "f350b731-2da6-4e3d-9a9d-5fa3c8c985ab",
      "center_name": "Djerba Beach Safety Center",
      "recorded_at": "2025-07-19T03:49:09.181Z"
    },
    {
      "center_id": "6091fcc3-3b14-430e-8d28-0907aa1db98d",
      "center_name": "Takelsa",
      "recorded_at": "2025-07-19T03:49:09.179Z"
    },
    {
      "center_id": "6091fcc3-3b14-430e-8d28-0907aa1db98d",
      "center_name": "Takelsa",
      "recorded_at": "2025-07-19T03:49:09.175Z"
    },
    {
      "center_id": "6c847017-e5ab-4e48-b987-328d742f7562",
      "center_name": "Sounine",
      "recorded_at": "2025-07-19T03:49:09.173Z"
    },
    {
      "center_id": "a42d64f5-73d9-41cb-97c7-c020fd1fe520",
      "center_name": "Sousse Beach Safety Center",
      "recorded_at": "2025-07-19T03:49:08.940Z"
    },
    {
      "center_id": "efe6b507-ecd3-4eac-bd21-82cbe1125cc0",
      "center_name": "Hammamet Beach Safety Center",
      "recorded_at": "2025-07-19T03:49:08.895Z"
    },
    {
      "center_id": "2c140dc1-5fac-4efe-80e3-2ad63dea6b8f",
      "center_name": "maamoura",
      "recorded_at": "2025-07-19T03:49:08.893Z"
    },
    {
      "center_id": "a1f85c07-8c14-4616-8199-a1c9c46d9b48",
      "center_name": "Tabarka Beach Safety Center",
      "recorded_at": "2025-07-19T03:49:08.840Z"
    },
    {
      "center_id": "f350b731-2da6-4e3d-9a9d-5fa3c8c985ab",
      "center_name": "Djerba Beach Safety Center",
      "recorded_at": "2025-07-19T03:49:08.839Z"
    },
    {
      "center_id": "5897994c-3d0f-4bcf-9624-3103ddffdcf4",
      "center_name": "Monastir Beach Safety Center",
      "recorded_at": "2025-07-19T03:49:08.838Z"
    },
    {
      "center_id": "efe6b507-ecd3-4eac-bd21-82cbe1125cc0",
      "center_name": "Hammamet Beach Safety Center",
      "recorded_at": "2025-07-19T03:49:08.832Z"
    },
    {
      "center_id": "5897994c-3d0f-4bcf-9624-3103ddffdcf4",
      "center_name": "Monastir Beach Safety Center",
      "recorded_at": "2025-07-19T03:49:08.641Z"
    },
    {
      "center_id": "6c847017-e5ab-4e48-b987-328d742f7562",
      "center_name": "Sounine",
      "recorded_at": "2025-07-19T03:49:08.597Z"
    },
    {
      "center_id": "a42d64f5-73d9-41cb-97c7-c020fd1fe520",
      "center_name": "Sousse Beach Safety Center",
      "recorded_at": "2025-07-19T03:49:08.592Z"
    },
    {
      "center_id": "a1f85c07-8c14-4616-8199-a1c9c46d9b48",
      "center_name": "Tabarka Beach Safety Center",
      "recorded_at": "2025-07-19T03:49:08.546Z"
    },
    {
      "center_id": "2c140dc1-5fac-4efe-80e3-2ad63dea6b8f",
      "center_name": "maamoura",
      "recorded_at": "2025-07-19T03:49:08.541Z"
    },
    {
      "center_id": "efe6b507-ecd3-4eac-bd21-82cbe1125cc0",
      "center_name": "Hammamet Beach Safety Center",
      "recorded_at": "2025-07-19T03:34:09.219Z"
    },
    {
      "center_id": "a1f85c07-8c14-4616-8199-a1c9c46d9b48",
      "center_name": "Tabarka Beach Safety Center",
      "recorded_at": "2025-07-19T03:34:09.205Z"
    },
    {
      "center_id": "2c140dc1-5fac-4efe-80e3-2ad63dea6b8f",
      "center_name": "maamoura",
      "recorded_at": "2025-07-19T03:34:09.160Z"
    },
    {
      "center_id": "6091fcc3-3b14-430e-8d28-0907aa1db98d",
      "center_name": "Takelsa",
      "recorded_at": "2025-07-19T03:34:09.156Z"
    },
    {
      "center_id": "5897994c-3d0f-4bcf-9624-3103ddffdcf4",
      "center_name": "Monastir Beach Safety Center",
      "recorded_at": "2025-07-19T03:34:09.155Z"
    },
    {
      "center_id": "2c140dc1-5fac-4efe-80e3-2ad63dea6b8f",
      "center_name": "maamoura",
      "recorded_at": "2025-07-19T03:34:08.981Z"
    },
    {
      "center_id": "a42d64f5-73d9-41cb-97c7-c020fd1fe520",
      "center_name": "Sousse Beach Safety Center",
      "recorded_at": "2025-07-19T03:34:08.979Z"
    },
    {
      "center_id": "f350b731-2da6-4e3d-9a9d-5fa3c8c985ab",
      "center_name": "Djerba Beach Safety Center",
      "recorded_at": "2025-07-19T03:34:08.953Z"
    },
    {
      "center_id": "6c847017-e5ab-4e48-b987-328d742f7562",
      "center_name": "Sounine",
      "recorded_at": "2025-07-19T03:34:08.940Z"
    },
    {
      "center_id": "6091fcc3-3b14-430e-8d28-0907aa1db98d",
      "center_name": "Takelsa",
      "recorded_at": "2025-07-19T03:34:08.919Z"
    },
    {
      "center_id": "a1f85c07-8c14-4616-8199-a1c9c46d9b48",
      "center_name": "Tabarka Beach Safety Center",
      "recorded_at": "2025-07-19T03:34:08.882Z"
    },
    {
      "center_id": "a42d64f5-73d9-41cb-97c7-c020fd1fe520",
      "center_name": "Sousse Beach Safety Center",
      "recorded_at": "2025-07-19T03:34:08.869Z"
    },
    {
      "center_id": "6c847017-e5ab-4e48-b987-328d742f7562",
      "center_name": "Sounine",
      "recorded_at": "2025-07-19T03:34:08.812Z"
    },
    {
      "center_id": "efe6b507-ecd3-4eac-bd21-82cbe1125cc0",
      "center_name": "Hammamet Beach Safety Center",
      "recorded_at": "2025-07-19T03:34:08.808Z"
    },
    {
      "center_id": "5897994c-3d0f-4bcf-9624-3103ddffdcf4",
      "center_name": "Monastir Beach Safety Center",
      "recorded_at": "2025-07-19T03:34:08.805Z"
    },
    {
      "center_id": "f350b731-2da6-4e3d-9a9d-5fa3c8c985ab",
      "center_name": "Djerba Beach Safety Center",
      "recorded_at": "2025-07-19T03:34:08.802Z"
    },
    {
      "center_id": "6091fcc3-3b14-430e-8d28-0907aa1db98d",
      "center_name": "Takelsa",
      "recorded_at": "2025-07-19T03:19:09.489Z"
    },
    {
      "center_id": "5897994c-3d0f-4bcf-9624-3103ddffdcf4",
      "center_name": "Monastir Beach Safety Center",
      "recorded_at": "2025-07-19T03:19:08.858Z"
    },
    {
      "center_id": "6c847017-e5ab-4e48-b987-328d742f7562",
      "center_name": "Sounine",
      "recorded_at": "2025-07-19T03:19:08.762Z"
    },
    {
      "center_id": "f350b731-2da6-4e3d-9a9d-5fa3c8c985ab",
      "center_name": "Djerba Beach Safety Center",
      "recorded_at": "2025-07-19T03:19:08.760Z"
    },
    {
      "center_id": "2c140dc1-5fac-4efe-80e3-2ad63dea6b8f",
      "center_name": "maamoura",
      "recorded_at": "2025-07-19T03:19:08.562Z"
    },
    {
      "center_id": "a1f85c07-8c14-4616-8199-a1c9c46d9b48",
      "center_name": "Tabarka Beach Safety Center",
      "recorded_at": "2025-07-19T03:19:08.530Z"
    },
    {
      "center_id": "a42d64f5-73d9-41cb-97c7-c020fd1fe520",
      "center_name": "Sousse Beach Safety Center",
      "recorded_at": "2025-07-19T03:19:08.475Z"
    },
    {
      "center_id": "efe6b507-ecd3-4eac-bd21-82cbe1125cc0",
      "center_name": "Hammamet Beach Safety Center",
      "recorded_at": "2025-07-19T03:19:08.455Z"
    },
    {
      "center_id": "f350b731-2da6-4e3d-9a9d-5fa3c8c985ab",
      "center_name": "Djerba Beach Safety Center",
      "recorded_at": "2025-07-19T03:16:16.215Z"
    },
    {
      "center_id": "6091fcc3-3b14-430e-8d28-0907aa1db98d",
      "center_name": "Takelsa",
      "recorded_at": "2025-07-19T03:16:16.212Z"
    },
    {
      "center_id": "6c847017-e5ab-4e48-b987-328d742f7562",
      "center_name": "Sounine",
      "recorded_at": "2025-07-19T03:16:16.159Z"
    },
    {
      "center_id": "5897994c-3d0f-4bcf-9624-3103ddffdcf4",
      "center_name": "Monastir Beach Safety Center",
      "recorded_at": "2025-07-19T03:16:16.141Z"
    },
    {
      "center_id": "a42d64f5-73d9-41cb-97c7-c020fd1fe520",
      "center_name": "Sousse Beach Safety Center",
      "recorded_at": "2025-07-19T03:16:16.100Z"
    },
    {
      "center_id": "a1f85c07-8c14-4616-8199-a1c9c46d9b48",
      "center_name": "Tabarka Beach Safety Center",
      "recorded_at": "2025-07-19T03:16:16.084Z"
    },
    {
      "center_id": "efe6b507-ecd3-4eac-bd21-82cbe1125cc0",
      "center_name": "Hammamet Beach Safety Center",
      "recorded_at": "2025-07-19T03:16:16.044Z"
    },
    {
      "center_id": "2c140dc1-5fac-4efe-80e3-2ad63dea6b8f",
      "center_name": "maamoura",
      "recorded_at": "2025-07-19T03:16:16.042Z"
    },
    {
      "center_id": "a1f85c07-8c14-4616-8199-a1c9c46d9b48",
      "center_name": "Tabarka Beach Safety Center",
      "recorded_at": "2025-07-19T03:12:30.154Z"
    },
    {
      "center_id": "5897994c-3d0f-4bcf-9624-3103ddffdcf4",
      "center_name": "Monastir Beach Safety Center",
      "recorded_at": "2025-07-19T03:12:30.151Z"
    },
    {
      "center_id": "f350b731-2da6-4e3d-9a9d-5fa3c8c985ab",
      "center_name": "Djerba Beach Safety Center",
      "recorded_at": "2025-07-19T03:12:30.100Z"
    },
    {
      "center_id": "6c847017-e5ab-4e48-b987-328d742f7562",
      "center_name": "Sounine",
      "recorded_at": "2025-07-19T03:12:30.098Z"
    },
    {
      "center_id": "6091fcc3-3b14-430e-8d28-0907aa1db98d",
      "center_name": "Takelsa",
      "recorded_at": "2025-07-19T03:12:29.946Z"
    },
    {
      "center_id": "2c140dc1-5fac-4efe-80e3-2ad63dea6b8f",
      "center_name": "maamoura",
      "recorded_at": "2025-07-19T03:12:29.943Z"
    },
    {
      "center_id": "efe6b507-ecd3-4eac-bd21-82cbe1125cc0",
      "center_name": "Hammamet Beach Safety Center",
      "recorded_at": "2025-07-19T03:12:29.889Z"
    },
    {
      "center_id": "a42d64f5-73d9-41cb-97c7-c020fd1fe520",
      "center_name": "Sousse Beach Safety Center",
      "recorded_at": "2025-07-19T03:12:29.876Z"
    }
  ]
}
2025-07-19 09:07:56 [[32minfo[39m]: ::ffff:127.0.0.1 - - [19/Jul/2025:08:07:56 +0000] "GET /api/v1/public/weather/current HTTP/1.1" 200 46275 "http://localhost:3000/" "Mozilla/5.0 (X11; Ubuntu; Linux x86_64; rv:136.0) Gecko/20100101 Firefox/136.0" {
  "service": "beach-safety-api"
}
2025-07-19 09:07:56 [[32minfo[39m]: ::ffff:127.0.0.1 - - [19/Jul/2025:08:07:56 +0000] "GET /api/v1/safety-zones/public HTTP/1.1" 200 6367 "http://localhost:3000/" "Mozilla/5.0 (X11; Ubuntu; Linux x86_64; rv:136.0) Gecko/20100101 Firefox/136.0" {
  "service": "beach-safety-api"
}
2025-07-19 09:07:56 [[32minfo[39m]: Public weather query result: {
  "service": "beach-safety-api",
  "totalRows": 72,
  "centers": [
    {
      "center_id": "f350b731-2da6-4e3d-9a9d-5fa3c8c985ab",
      "center_name": "Djerba Beach Safety Center",
      "recorded_at": "2025-07-19T04:04:09.162Z"
    },
    {
      "center_id": "6091fcc3-3b14-430e-8d28-0907aa1db98d",
      "center_name": "Takelsa",
      "recorded_at": "2025-07-19T04:04:09.160Z"
    },
    {
      "center_id": "a1f85c07-8c14-4616-8199-a1c9c46d9b48",
      "center_name": "Tabarka Beach Safety Center",
      "recorded_at": "2025-07-19T04:04:09.080Z"
    },
    {
      "center_id": "6c847017-e5ab-4e48-b987-328d742f7562",
      "center_name": "Sounine",
      "recorded_at": "2025-07-19T04:04:09.063Z"
    },
    {
      "center_id": "a42d64f5-73d9-41cb-97c7-c020fd1fe520",
      "center_name": "Sousse Beach Safety Center",
      "recorded_at": "2025-07-19T04:04:09.011Z"
    },
    {
      "center_id": "6c847017-e5ab-4e48-b987-328d742f7562",
      "center_name": "Sounine",
      "recorded_at": "2025-07-19T04:04:09.007Z"
    },
    {
      "center_id": "6091fcc3-3b14-430e-8d28-0907aa1db98d",
      "center_name": "Takelsa",
      "recorded_at": "2025-07-19T04:04:08.939Z"
    },
    {
      "center_id": "f350b731-2da6-4e3d-9a9d-5fa3c8c985ab",
      "center_name": "Djerba Beach Safety Center",
      "recorded_at": "2025-07-19T04:04:08.930Z"
    },
    {
      "center_id": "5897994c-3d0f-4bcf-9624-3103ddffdcf4",
      "center_name": "Monastir Beach Safety Center",
      "recorded_at": "2025-07-19T04:04:08.760Z"
    },
    {
      "center_id": "2c140dc1-5fac-4efe-80e3-2ad63dea6b8f",
      "center_name": "maamoura",
      "recorded_at": "2025-07-19T04:04:08.751Z"
    },
    {
      "center_id": "a1f85c07-8c14-4616-8199-a1c9c46d9b48",
      "center_name": "Tabarka Beach Safety Center",
      "recorded_at": "2025-07-19T04:04:08.744Z"
    },
    {
      "center_id": "5897994c-3d0f-4bcf-9624-3103ddffdcf4",
      "center_name": "Monastir Beach Safety Center",
      "recorded_at": "2025-07-19T04:04:08.708Z"
    },
    {
      "center_id": "a42d64f5-73d9-41cb-97c7-c020fd1fe520",
      "center_name": "Sousse Beach Safety Center",
      "recorded_at": "2025-07-19T04:04:08.665Z"
    },
    {
      "center_id": "2c140dc1-5fac-4efe-80e3-2ad63dea6b8f",
      "center_name": "maamoura",
      "recorded_at": "2025-07-19T04:04:08.651Z"
    },
    {
      "center_id": "efe6b507-ecd3-4eac-bd21-82cbe1125cc0",
      "center_name": "Hammamet Beach Safety Center",
      "recorded_at": "2025-07-19T04:04:08.594Z"
    },
    {
      "center_id": "efe6b507-ecd3-4eac-bd21-82cbe1125cc0",
      "center_name": "Hammamet Beach Safety Center",
      "recorded_at": "2025-07-19T04:04:08.591Z"
    },
    {
      "center_id": "f350b731-2da6-4e3d-9a9d-5fa3c8c985ab",
      "center_name": "Djerba Beach Safety Center",
      "recorded_at": "2025-07-19T03:49:09.181Z"
    },
    {
      "center_id": "6091fcc3-3b14-430e-8d28-0907aa1db98d",
      "center_name": "Takelsa",
      "recorded_at": "2025-07-19T03:49:09.179Z"
    },
    {
      "center_id": "6091fcc3-3b14-430e-8d28-0907aa1db98d",
      "center_name": "Takelsa",
      "recorded_at": "2025-07-19T03:49:09.175Z"
    },
    {
      "center_id": "6c847017-e5ab-4e48-b987-328d742f7562",
      "center_name": "Sounine",
      "recorded_at": "2025-07-19T03:49:09.173Z"
    },
    {
      "center_id": "a42d64f5-73d9-41cb-97c7-c020fd1fe520",
      "center_name": "Sousse Beach Safety Center",
      "recorded_at": "2025-07-19T03:49:08.940Z"
    },
    {
      "center_id": "efe6b507-ecd3-4eac-bd21-82cbe1125cc0",
      "center_name": "Hammamet Beach Safety Center",
      "recorded_at": "2025-07-19T03:49:08.895Z"
    },
    {
      "center_id": "2c140dc1-5fac-4efe-80e3-2ad63dea6b8f",
      "center_name": "maamoura",
      "recorded_at": "2025-07-19T03:49:08.893Z"
    },
    {
      "center_id": "a1f85c07-8c14-4616-8199-a1c9c46d9b48",
      "center_name": "Tabarka Beach Safety Center",
      "recorded_at": "2025-07-19T03:49:08.840Z"
    },
    {
      "center_id": "f350b731-2da6-4e3d-9a9d-5fa3c8c985ab",
      "center_name": "Djerba Beach Safety Center",
      "recorded_at": "2025-07-19T03:49:08.839Z"
    },
    {
      "center_id": "5897994c-3d0f-4bcf-9624-3103ddffdcf4",
      "center_name": "Monastir Beach Safety Center",
      "recorded_at": "2025-07-19T03:49:08.838Z"
    },
    {
      "center_id": "efe6b507-ecd3-4eac-bd21-82cbe1125cc0",
      "center_name": "Hammamet Beach Safety Center",
      "recorded_at": "2025-07-19T03:49:08.832Z"
    },
    {
      "center_id": "5897994c-3d0f-4bcf-9624-3103ddffdcf4",
      "center_name": "Monastir Beach Safety Center",
      "recorded_at": "2025-07-19T03:49:08.641Z"
    },
    {
      "center_id": "6c847017-e5ab-4e48-b987-328d742f7562",
      "center_name": "Sounine",
      "recorded_at": "2025-07-19T03:49:08.597Z"
    },
    {
      "center_id": "a42d64f5-73d9-41cb-97c7-c020fd1fe520",
      "center_name": "Sousse Beach Safety Center",
      "recorded_at": "2025-07-19T03:49:08.592Z"
    },
    {
      "center_id": "a1f85c07-8c14-4616-8199-a1c9c46d9b48",
      "center_name": "Tabarka Beach Safety Center",
      "recorded_at": "2025-07-19T03:49:08.546Z"
    },
    {
      "center_id": "2c140dc1-5fac-4efe-80e3-2ad63dea6b8f",
      "center_name": "maamoura",
      "recorded_at": "2025-07-19T03:49:08.541Z"
    },
    {
      "center_id": "efe6b507-ecd3-4eac-bd21-82cbe1125cc0",
      "center_name": "Hammamet Beach Safety Center",
      "recorded_at": "2025-07-19T03:34:09.219Z"
    },
    {
      "center_id": "a1f85c07-8c14-4616-8199-a1c9c46d9b48",
      "center_name": "Tabarka Beach Safety Center",
      "recorded_at": "2025-07-19T03:34:09.205Z"
    },
    {
      "center_id": "2c140dc1-5fac-4efe-80e3-2ad63dea6b8f",
      "center_name": "maamoura",
      "recorded_at": "2025-07-19T03:34:09.160Z"
    },
    {
      "center_id": "6091fcc3-3b14-430e-8d28-0907aa1db98d",
      "center_name": "Takelsa",
      "recorded_at": "2025-07-19T03:34:09.156Z"
    },
    {
      "center_id": "5897994c-3d0f-4bcf-9624-3103ddffdcf4",
      "center_name": "Monastir Beach Safety Center",
      "recorded_at": "2025-07-19T03:34:09.155Z"
    },
    {
      "center_id": "2c140dc1-5fac-4efe-80e3-2ad63dea6b8f",
      "center_name": "maamoura",
      "recorded_at": "2025-07-19T03:34:08.981Z"
    },
    {
      "center_id": "a42d64f5-73d9-41cb-97c7-c020fd1fe520",
      "center_name": "Sousse Beach Safety Center",
      "recorded_at": "2025-07-19T03:34:08.979Z"
    },
    {
      "center_id": "f350b731-2da6-4e3d-9a9d-5fa3c8c985ab",
      "center_name": "Djerba Beach Safety Center",
      "recorded_at": "2025-07-19T03:34:08.953Z"
    },
    {
      "center_id": "6c847017-e5ab-4e48-b987-328d742f7562",
      "center_name": "Sounine",
      "recorded_at": "2025-07-19T03:34:08.940Z"
    },
    {
      "center_id": "6091fcc3-3b14-430e-8d28-0907aa1db98d",
      "center_name": "Takelsa",
      "recorded_at": "2025-07-19T03:34:08.919Z"
    },
    {
      "center_id": "a1f85c07-8c14-4616-8199-a1c9c46d9b48",
      "center_name": "Tabarka Beach Safety Center",
      "recorded_at": "2025-07-19T03:34:08.882Z"
    },
    {
      "center_id": "a42d64f5-73d9-41cb-97c7-c020fd1fe520",
      "center_name": "Sousse Beach Safety Center",
      "recorded_at": "2025-07-19T03:34:08.869Z"
    },
    {
      "center_id": "6c847017-e5ab-4e48-b987-328d742f7562",
      "center_name": "Sounine",
      "recorded_at": "2025-07-19T03:34:08.812Z"
    },
    {
      "center_id": "efe6b507-ecd3-4eac-bd21-82cbe1125cc0",
      "center_name": "Hammamet Beach Safety Center",
      "recorded_at": "2025-07-19T03:34:08.808Z"
    },
    {
      "center_id": "5897994c-3d0f-4bcf-9624-3103ddffdcf4",
      "center_name": "Monastir Beach Safety Center",
      "recorded_at": "2025-07-19T03:34:08.805Z"
    },
    {
      "center_id": "f350b731-2da6-4e3d-9a9d-5fa3c8c985ab",
      "center_name": "Djerba Beach Safety Center",
      "recorded_at": "2025-07-19T03:34:08.802Z"
    },
    {
      "center_id": "6091fcc3-3b14-430e-8d28-0907aa1db98d",
      "center_name": "Takelsa",
      "recorded_at": "2025-07-19T03:19:09.489Z"
    },
    {
      "center_id": "5897994c-3d0f-4bcf-9624-3103ddffdcf4",
      "center_name": "Monastir Beach Safety Center",
      "recorded_at": "2025-07-19T03:19:08.858Z"
    },
    {
      "center_id": "6c847017-e5ab-4e48-b987-328d742f7562",
      "center_name": "Sounine",
      "recorded_at": "2025-07-19T03:19:08.762Z"
    },
    {
      "center_id": "f350b731-2da6-4e3d-9a9d-5fa3c8c985ab",
      "center_name": "Djerba Beach Safety Center",
      "recorded_at": "2025-07-19T03:19:08.760Z"
    },
    {
      "center_id": "2c140dc1-5fac-4efe-80e3-2ad63dea6b8f",
      "center_name": "maamoura",
      "recorded_at": "2025-07-19T03:19:08.562Z"
    },
    {
      "center_id": "a1f85c07-8c14-4616-8199-a1c9c46d9b48",
      "center_name": "Tabarka Beach Safety Center",
      "recorded_at": "2025-07-19T03:19:08.530Z"
    },
    {
      "center_id": "a42d64f5-73d9-41cb-97c7-c020fd1fe520",
      "center_name": "Sousse Beach Safety Center",
      "recorded_at": "2025-07-19T03:19:08.475Z"
    },
    {
      "center_id": "efe6b507-ecd3-4eac-bd21-82cbe1125cc0",
      "center_name": "Hammamet Beach Safety Center",
      "recorded_at": "2025-07-19T03:19:08.455Z"
    },
    {
      "center_id": "f350b731-2da6-4e3d-9a9d-5fa3c8c985ab",
      "center_name": "Djerba Beach Safety Center",
      "recorded_at": "2025-07-19T03:16:16.215Z"
    },
    {
      "center_id": "6091fcc3-3b14-430e-8d28-0907aa1db98d",
      "center_name": "Takelsa",
      "recorded_at": "2025-07-19T03:16:16.212Z"
    },
    {
      "center_id": "6c847017-e5ab-4e48-b987-328d742f7562",
      "center_name": "Sounine",
      "recorded_at": "2025-07-19T03:16:16.159Z"
    },
    {
      "center_id": "5897994c-3d0f-4bcf-9624-3103ddffdcf4",
      "center_name": "Monastir Beach Safety Center",
      "recorded_at": "2025-07-19T03:16:16.141Z"
    },
    {
      "center_id": "a42d64f5-73d9-41cb-97c7-c020fd1fe520",
      "center_name": "Sousse Beach Safety Center",
      "recorded_at": "2025-07-19T03:16:16.100Z"
    },
    {
      "center_id": "a1f85c07-8c14-4616-8199-a1c9c46d9b48",
      "center_name": "Tabarka Beach Safety Center",
      "recorded_at": "2025-07-19T03:16:16.084Z"
    },
    {
      "center_id": "efe6b507-ecd3-4eac-bd21-82cbe1125cc0",
      "center_name": "Hammamet Beach Safety Center",
      "recorded_at": "2025-07-19T03:16:16.044Z"
    },
    {
      "center_id": "2c140dc1-5fac-4efe-80e3-2ad63dea6b8f",
      "center_name": "maamoura",
      "recorded_at": "2025-07-19T03:16:16.042Z"
    },
    {
      "center_id": "a1f85c07-8c14-4616-8199-a1c9c46d9b48",
      "center_name": "Tabarka Beach Safety Center",
      "recorded_at": "2025-07-19T03:12:30.154Z"
    },
    {
      "center_id": "5897994c-3d0f-4bcf-9624-3103ddffdcf4",
      "center_name": "Monastir Beach Safety Center",
      "recorded_at": "2025-07-19T03:12:30.151Z"
    },
    {
      "center_id": "f350b731-2da6-4e3d-9a9d-5fa3c8c985ab",
      "center_name": "Djerba Beach Safety Center",
      "recorded_at": "2025-07-19T03:12:30.100Z"
    },
    {
      "center_id": "6c847017-e5ab-4e48-b987-328d742f7562",
      "center_name": "Sounine",
      "recorded_at": "2025-07-19T03:12:30.098Z"
    },
    {
      "center_id": "6091fcc3-3b14-430e-8d28-0907aa1db98d",
      "center_name": "Takelsa",
      "recorded_at": "2025-07-19T03:12:29.946Z"
    },
    {
      "center_id": "2c140dc1-5fac-4efe-80e3-2ad63dea6b8f",
      "center_name": "maamoura",
      "recorded_at": "2025-07-19T03:12:29.943Z"
    },
    {
      "center_id": "efe6b507-ecd3-4eac-bd21-82cbe1125cc0",
      "center_name": "Hammamet Beach Safety Center",
      "recorded_at": "2025-07-19T03:12:29.889Z"
    },
    {
      "center_id": "a42d64f5-73d9-41cb-97c7-c020fd1fe520",
      "center_name": "Sousse Beach Safety Center",
      "recorded_at": "2025-07-19T03:12:29.876Z"
    }
  ]
}
2025-07-19 09:07:57 [[32minfo[39m]: ::ffff:127.0.0.1 - - [19/Jul/2025:08:07:57 +0000] "GET /api/v1/public/weather/current HTTP/1.1" 200 46275 "http://localhost:3000/" "Mozilla/5.0 (X11; Ubuntu; Linux x86_64; rv:136.0) Gecko/20100101 Firefox/136.0" {
  "service": "beach-safety-api"
}
2025-07-19 09:07:57 [[32minfo[39m]: ::ffff:127.0.0.1 - - [19/Jul/2025:08:07:57 +0000] "GET /api/v1/public/centers HTTP/1.1" 200 4275 "http://localhost:3000/" "Mozilla/5.0 (X11; Ubuntu; Linux x86_64; rv:136.0) Gecko/20100101 Firefox/136.0" {
  "service": "beach-safety-api"
}
2025-07-19 09:07:57 [[32minfo[39m]: ::ffff:127.0.0.1 - - [19/Jul/2025:08:07:57 +0000] "GET /api/v1/public/centers HTTP/1.1" 200 4275 "http://localhost:3000/" "Mozilla/5.0 (X11; Ubuntu; Linux x86_64; rv:136.0) Gecko/20100101 Firefox/136.0" {
  "service": "beach-safety-api"
}
2025-07-19 09:07:57 [[32minfo[39m]: ::ffff:127.0.0.1 - - [19/Jul/2025:08:07:57 +0000] "GET /api/v1/safety-zones/public HTTP/1.1" 200 6367 "http://localhost:3000/" "Mozilla/5.0 (X11; Ubuntu; Linux x86_64; rv:136.0) Gecko/20100101 Firefox/136.0" {
  "service": "beach-safety-api"
}
2025-07-19 09:07:57 [[32minfo[39m]: ::ffff:127.0.0.1 - - [19/Jul/2025:08:07:57 +0000] "GET /api/v1/public/lifeguards/counts HTTP/1.1" 200 954 "http://localhost:3000/" "Mozilla/5.0 (X11; Ubuntu; Linux x86_64; rv:136.0) Gecko/20100101 Firefox/136.0" {
  "service": "beach-safety-api"
}
2025-07-19 09:07:57 [[32minfo[39m]: ::ffff:127.0.0.1 - - [19/Jul/2025:08:07:57 +0000] "GET /api/v1/public/safety/flags HTTP/1.1" 200 1358 "http://localhost:3000/" "Mozilla/5.0 (X11; Ubuntu; Linux x86_64; rv:136.0) Gecko/20100101 Firefox/136.0" {
  "service": "beach-safety-api"
}
2025-07-19 09:08:38 [[32minfo[39m]: Connected to PostgreSQL database {
  "service": "beach-safety-api"
}
2025-07-19 09:08:38 [[32minfo[39m]: Connected to PostgreSQL database {
  "service": "beach-safety-api"
}
2025-07-19 09:08:38 [[32minfo[39m]: Connected to PostgreSQL database {
  "service": "beach-safety-api"
}
2025-07-19 09:08:38 [[32minfo[39m]: ::ffff:127.0.0.1 - - [19/Jul/2025:08:08:38 +0000] "GET /api/v1/public/centers HTTP/1.1" 200 4275 "http://localhost:3000/" "Mozilla/5.0 (X11; Ubuntu; Linux x86_64; rv:136.0) Gecko/20100101 Firefox/136.0" {
  "service": "beach-safety-api"
}
2025-07-19 09:08:38 [[32minfo[39m]: Connected to PostgreSQL database {
  "service": "beach-safety-api"
}
2025-07-19 09:08:38 [[32minfo[39m]: Connected to PostgreSQL database {
  "service": "beach-safety-api"
}
2025-07-19 09:08:38 [[32minfo[39m]: Public weather query result: {
  "service": "beach-safety-api",
  "totalRows": 72,
  "centers": [
    {
      "center_id": "f350b731-2da6-4e3d-9a9d-5fa3c8c985ab",
      "center_name": "Djerba Beach Safety Center",
      "recorded_at": "2025-07-19T04:04:09.162Z"
    },
    {
      "center_id": "6091fcc3-3b14-430e-8d28-0907aa1db98d",
      "center_name": "Takelsa",
      "recorded_at": "2025-07-19T04:04:09.160Z"
    },
    {
      "center_id": "a1f85c07-8c14-4616-8199-a1c9c46d9b48",
      "center_name": "Tabarka Beach Safety Center",
      "recorded_at": "2025-07-19T04:04:09.080Z"
    },
    {
      "center_id": "6c847017-e5ab-4e48-b987-328d742f7562",
      "center_name": "Sounine",
      "recorded_at": "2025-07-19T04:04:09.063Z"
    },
    {
      "center_id": "a42d64f5-73d9-41cb-97c7-c020fd1fe520",
      "center_name": "Sousse Beach Safety Center",
      "recorded_at": "2025-07-19T04:04:09.011Z"
    },
    {
      "center_id": "6c847017-e5ab-4e48-b987-328d742f7562",
      "center_name": "Sounine",
      "recorded_at": "2025-07-19T04:04:09.007Z"
    },
    {
      "center_id": "6091fcc3-3b14-430e-8d28-0907aa1db98d",
      "center_name": "Takelsa",
      "recorded_at": "2025-07-19T04:04:08.939Z"
    },
    {
      "center_id": "f350b731-2da6-4e3d-9a9d-5fa3c8c985ab",
      "center_name": "Djerba Beach Safety Center",
      "recorded_at": "2025-07-19T04:04:08.930Z"
    },
    {
      "center_id": "5897994c-3d0f-4bcf-9624-3103ddffdcf4",
      "center_name": "Monastir Beach Safety Center",
      "recorded_at": "2025-07-19T04:04:08.760Z"
    },
    {
      "center_id": "2c140dc1-5fac-4efe-80e3-2ad63dea6b8f",
      "center_name": "maamoura",
      "recorded_at": "2025-07-19T04:04:08.751Z"
    },
    {
      "center_id": "a1f85c07-8c14-4616-8199-a1c9c46d9b48",
      "center_name": "Tabarka Beach Safety Center",
      "recorded_at": "2025-07-19T04:04:08.744Z"
    },
    {
      "center_id": "5897994c-3d0f-4bcf-9624-3103ddffdcf4",
      "center_name": "Monastir Beach Safety Center",
      "recorded_at": "2025-07-19T04:04:08.708Z"
    },
    {
      "center_id": "a42d64f5-73d9-41cb-97c7-c020fd1fe520",
      "center_name": "Sousse Beach Safety Center",
      "recorded_at": "2025-07-19T04:04:08.665Z"
    },
    {
      "center_id": "2c140dc1-5fac-4efe-80e3-2ad63dea6b8f",
      "center_name": "maamoura",
      "recorded_at": "2025-07-19T04:04:08.651Z"
    },
    {
      "center_id": "efe6b507-ecd3-4eac-bd21-82cbe1125cc0",
      "center_name": "Hammamet Beach Safety Center",
      "recorded_at": "2025-07-19T04:04:08.594Z"
    },
    {
      "center_id": "efe6b507-ecd3-4eac-bd21-82cbe1125cc0",
      "center_name": "Hammamet Beach Safety Center",
      "recorded_at": "2025-07-19T04:04:08.591Z"
    },
    {
      "center_id": "f350b731-2da6-4e3d-9a9d-5fa3c8c985ab",
      "center_name": "Djerba Beach Safety Center",
      "recorded_at": "2025-07-19T03:49:09.181Z"
    },
    {
      "center_id": "6091fcc3-3b14-430e-8d28-0907aa1db98d",
      "center_name": "Takelsa",
      "recorded_at": "2025-07-19T03:49:09.179Z"
    },
    {
      "center_id": "6091fcc3-3b14-430e-8d28-0907aa1db98d",
      "center_name": "Takelsa",
      "recorded_at": "2025-07-19T03:49:09.175Z"
    },
    {
      "center_id": "6c847017-e5ab-4e48-b987-328d742f7562",
      "center_name": "Sounine",
      "recorded_at": "2025-07-19T03:49:09.173Z"
    },
    {
      "center_id": "a42d64f5-73d9-41cb-97c7-c020fd1fe520",
      "center_name": "Sousse Beach Safety Center",
      "recorded_at": "2025-07-19T03:49:08.940Z"
    },
    {
      "center_id": "efe6b507-ecd3-4eac-bd21-82cbe1125cc0",
      "center_name": "Hammamet Beach Safety Center",
      "recorded_at": "2025-07-19T03:49:08.895Z"
    },
    {
      "center_id": "2c140dc1-5fac-4efe-80e3-2ad63dea6b8f",
      "center_name": "maamoura",
      "recorded_at": "2025-07-19T03:49:08.893Z"
    },
    {
      "center_id": "a1f85c07-8c14-4616-8199-a1c9c46d9b48",
      "center_name": "Tabarka Beach Safety Center",
      "recorded_at": "2025-07-19T03:49:08.840Z"
    },
    {
      "center_id": "f350b731-2da6-4e3d-9a9d-5fa3c8c985ab",
      "center_name": "Djerba Beach Safety Center",
      "recorded_at": "2025-07-19T03:49:08.839Z"
    },
    {
      "center_id": "5897994c-3d0f-4bcf-9624-3103ddffdcf4",
      "center_name": "Monastir Beach Safety Center",
      "recorded_at": "2025-07-19T03:49:08.838Z"
    },
    {
      "center_id": "efe6b507-ecd3-4eac-bd21-82cbe1125cc0",
      "center_name": "Hammamet Beach Safety Center",
      "recorded_at": "2025-07-19T03:49:08.832Z"
    },
    {
      "center_id": "5897994c-3d0f-4bcf-9624-3103ddffdcf4",
      "center_name": "Monastir Beach Safety Center",
      "recorded_at": "2025-07-19T03:49:08.641Z"
    },
    {
      "center_id": "6c847017-e5ab-4e48-b987-328d742f7562",
      "center_name": "Sounine",
      "recorded_at": "2025-07-19T03:49:08.597Z"
    },
    {
      "center_id": "a42d64f5-73d9-41cb-97c7-c020fd1fe520",
      "center_name": "Sousse Beach Safety Center",
      "recorded_at": "2025-07-19T03:49:08.592Z"
    },
    {
      "center_id": "a1f85c07-8c14-4616-8199-a1c9c46d9b48",
      "center_name": "Tabarka Beach Safety Center",
      "recorded_at": "2025-07-19T03:49:08.546Z"
    },
    {
      "center_id": "2c140dc1-5fac-4efe-80e3-2ad63dea6b8f",
      "center_name": "maamoura",
      "recorded_at": "2025-07-19T03:49:08.541Z"
    },
    {
      "center_id": "efe6b507-ecd3-4eac-bd21-82cbe1125cc0",
      "center_name": "Hammamet Beach Safety Center",
      "recorded_at": "2025-07-19T03:34:09.219Z"
    },
    {
      "center_id": "a1f85c07-8c14-4616-8199-a1c9c46d9b48",
      "center_name": "Tabarka Beach Safety Center",
      "recorded_at": "2025-07-19T03:34:09.205Z"
    },
    {
      "center_id": "2c140dc1-5fac-4efe-80e3-2ad63dea6b8f",
      "center_name": "maamoura",
      "recorded_at": "2025-07-19T03:34:09.160Z"
    },
    {
      "center_id": "6091fcc3-3b14-430e-8d28-0907aa1db98d",
      "center_name": "Takelsa",
      "recorded_at": "2025-07-19T03:34:09.156Z"
    },
    {
      "center_id": "5897994c-3d0f-4bcf-9624-3103ddffdcf4",
      "center_name": "Monastir Beach Safety Center",
      "recorded_at": "2025-07-19T03:34:09.155Z"
    },
    {
      "center_id": "2c140dc1-5fac-4efe-80e3-2ad63dea6b8f",
      "center_name": "maamoura",
      "recorded_at": "2025-07-19T03:34:08.981Z"
    },
    {
      "center_id": "a42d64f5-73d9-41cb-97c7-c020fd1fe520",
      "center_name": "Sousse Beach Safety Center",
      "recorded_at": "2025-07-19T03:34:08.979Z"
    },
    {
      "center_id": "f350b731-2da6-4e3d-9a9d-5fa3c8c985ab",
      "center_name": "Djerba Beach Safety Center",
      "recorded_at": "2025-07-19T03:34:08.953Z"
    },
    {
      "center_id": "6c847017-e5ab-4e48-b987-328d742f7562",
      "center_name": "Sounine",
      "recorded_at": "2025-07-19T03:34:08.940Z"
    },
    {
      "center_id": "6091fcc3-3b14-430e-8d28-0907aa1db98d",
      "center_name": "Takelsa",
      "recorded_at": "2025-07-19T03:34:08.919Z"
    },
    {
      "center_id": "a1f85c07-8c14-4616-8199-a1c9c46d9b48",
      "center_name": "Tabarka Beach Safety Center",
      "recorded_at": "2025-07-19T03:34:08.882Z"
    },
    {
      "center_id": "a42d64f5-73d9-41cb-97c7-c020fd1fe520",
      "center_name": "Sousse Beach Safety Center",
      "recorded_at": "2025-07-19T03:34:08.869Z"
    },
    {
      "center_id": "6c847017-e5ab-4e48-b987-328d742f7562",
      "center_name": "Sounine",
      "recorded_at": "2025-07-19T03:34:08.812Z"
    },
    {
      "center_id": "efe6b507-ecd3-4eac-bd21-82cbe1125cc0",
      "center_name": "Hammamet Beach Safety Center",
      "recorded_at": "2025-07-19T03:34:08.808Z"
    },
    {
      "center_id": "5897994c-3d0f-4bcf-9624-3103ddffdcf4",
      "center_name": "Monastir Beach Safety Center",
      "recorded_at": "2025-07-19T03:34:08.805Z"
    },
    {
      "center_id": "f350b731-2da6-4e3d-9a9d-5fa3c8c985ab",
      "center_name": "Djerba Beach Safety Center",
      "recorded_at": "2025-07-19T03:34:08.802Z"
    },
    {
      "center_id": "6091fcc3-3b14-430e-8d28-0907aa1db98d",
      "center_name": "Takelsa",
      "recorded_at": "2025-07-19T03:19:09.489Z"
    },
    {
      "center_id": "5897994c-3d0f-4bcf-9624-3103ddffdcf4",
      "center_name": "Monastir Beach Safety Center",
      "recorded_at": "2025-07-19T03:19:08.858Z"
    },
    {
      "center_id": "6c847017-e5ab-4e48-b987-328d742f7562",
      "center_name": "Sounine",
      "recorded_at": "2025-07-19T03:19:08.762Z"
    },
    {
      "center_id": "f350b731-2da6-4e3d-9a9d-5fa3c8c985ab",
      "center_name": "Djerba Beach Safety Center",
      "recorded_at": "2025-07-19T03:19:08.760Z"
    },
    {
      "center_id": "2c140dc1-5fac-4efe-80e3-2ad63dea6b8f",
      "center_name": "maamoura",
      "recorded_at": "2025-07-19T03:19:08.562Z"
    },
    {
      "center_id": "a1f85c07-8c14-4616-8199-a1c9c46d9b48",
      "center_name": "Tabarka Beach Safety Center",
      "recorded_at": "2025-07-19T03:19:08.530Z"
    },
    {
      "center_id": "a42d64f5-73d9-41cb-97c7-c020fd1fe520",
      "center_name": "Sousse Beach Safety Center",
      "recorded_at": "2025-07-19T03:19:08.475Z"
    },
    {
      "center_id": "efe6b507-ecd3-4eac-bd21-82cbe1125cc0",
      "center_name": "Hammamet Beach Safety Center",
      "recorded_at": "2025-07-19T03:19:08.455Z"
    },
    {
      "center_id": "f350b731-2da6-4e3d-9a9d-5fa3c8c985ab",
      "center_name": "Djerba Beach Safety Center",
      "recorded_at": "2025-07-19T03:16:16.215Z"
    },
    {
      "center_id": "6091fcc3-3b14-430e-8d28-0907aa1db98d",
      "center_name": "Takelsa",
      "recorded_at": "2025-07-19T03:16:16.212Z"
    },
    {
      "center_id": "6c847017-e5ab-4e48-b987-328d742f7562",
      "center_name": "Sounine",
      "recorded_at": "2025-07-19T03:16:16.159Z"
    },
    {
      "center_id": "5897994c-3d0f-4bcf-9624-3103ddffdcf4",
      "center_name": "Monastir Beach Safety Center",
      "recorded_at": "2025-07-19T03:16:16.141Z"
    },
    {
      "center_id": "a42d64f5-73d9-41cb-97c7-c020fd1fe520",
      "center_name": "Sousse Beach Safety Center",
      "recorded_at": "2025-07-19T03:16:16.100Z"
    },
    {
      "center_id": "a1f85c07-8c14-4616-8199-a1c9c46d9b48",
      "center_name": "Tabarka Beach Safety Center",
      "recorded_at": "2025-07-19T03:16:16.084Z"
    },
    {
      "center_id": "efe6b507-ecd3-4eac-bd21-82cbe1125cc0",
      "center_name": "Hammamet Beach Safety Center",
      "recorded_at": "2025-07-19T03:16:16.044Z"
    },
    {
      "center_id": "2c140dc1-5fac-4efe-80e3-2ad63dea6b8f",
      "center_name": "maamoura",
      "recorded_at": "2025-07-19T03:16:16.042Z"
    },
    {
      "center_id": "a1f85c07-8c14-4616-8199-a1c9c46d9b48",
      "center_name": "Tabarka Beach Safety Center",
      "recorded_at": "2025-07-19T03:12:30.154Z"
    },
    {
      "center_id": "5897994c-3d0f-4bcf-9624-3103ddffdcf4",
      "center_name": "Monastir Beach Safety Center",
      "recorded_at": "2025-07-19T03:12:30.151Z"
    },
    {
      "center_id": "f350b731-2da6-4e3d-9a9d-5fa3c8c985ab",
      "center_name": "Djerba Beach Safety Center",
      "recorded_at": "2025-07-19T03:12:30.100Z"
    },
    {
      "center_id": "6c847017-e5ab-4e48-b987-328d742f7562",
      "center_name": "Sounine",
      "recorded_at": "2025-07-19T03:12:30.098Z"
    },
    {
      "center_id": "6091fcc3-3b14-430e-8d28-0907aa1db98d",
      "center_name": "Takelsa",
      "recorded_at": "2025-07-19T03:12:29.946Z"
    },
    {
      "center_id": "2c140dc1-5fac-4efe-80e3-2ad63dea6b8f",
      "center_name": "maamoura",
      "recorded_at": "2025-07-19T03:12:29.943Z"
    },
    {
      "center_id": "efe6b507-ecd3-4eac-bd21-82cbe1125cc0",
      "center_name": "Hammamet Beach Safety Center",
      "recorded_at": "2025-07-19T03:12:29.889Z"
    },
    {
      "center_id": "a42d64f5-73d9-41cb-97c7-c020fd1fe520",
      "center_name": "Sousse Beach Safety Center",
      "recorded_at": "2025-07-19T03:12:29.876Z"
    }
  ]
}
2025-07-19 09:08:38 [[32minfo[39m]: ::ffff:127.0.0.1 - - [19/Jul/2025:08:08:38 +0000] "GET /api/v1/public/weather/current HTTP/1.1" 200 46275 "http://localhost:3000/" "Mozilla/5.0 (X11; Ubuntu; Linux x86_64; rv:136.0) Gecko/20100101 Firefox/136.0" {
  "service": "beach-safety-api"
}
2025-07-19 09:08:38 [[32minfo[39m]: Connected to PostgreSQL database {
  "service": "beach-safety-api"
}
2025-07-19 09:08:38 [[32minfo[39m]: ::ffff:127.0.0.1 - - [19/Jul/2025:08:08:38 +0000] "GET /api/v1/public/centers HTTP/1.1" 304 - "http://localhost:3000/" "Mozilla/5.0 (X11; Ubuntu; Linux x86_64; rv:136.0) Gecko/20100101 Firefox/136.0" {
  "service": "beach-safety-api"
}
2025-07-19 09:08:38 [[32minfo[39m]: Public weather query result: {
  "service": "beach-safety-api",
  "totalRows": 72,
  "centers": [
    {
      "center_id": "f350b731-2da6-4e3d-9a9d-5fa3c8c985ab",
      "center_name": "Djerba Beach Safety Center",
      "recorded_at": "2025-07-19T04:04:09.162Z"
    },
    {
      "center_id": "6091fcc3-3b14-430e-8d28-0907aa1db98d",
      "center_name": "Takelsa",
      "recorded_at": "2025-07-19T04:04:09.160Z"
    },
    {
      "center_id": "a1f85c07-8c14-4616-8199-a1c9c46d9b48",
      "center_name": "Tabarka Beach Safety Center",
      "recorded_at": "2025-07-19T04:04:09.080Z"
    },
    {
      "center_id": "6c847017-e5ab-4e48-b987-328d742f7562",
      "center_name": "Sounine",
      "recorded_at": "2025-07-19T04:04:09.063Z"
    },
    {
      "center_id": "a42d64f5-73d9-41cb-97c7-c020fd1fe520",
      "center_name": "Sousse Beach Safety Center",
      "recorded_at": "2025-07-19T04:04:09.011Z"
    },
    {
      "center_id": "6c847017-e5ab-4e48-b987-328d742f7562",
      "center_name": "Sounine",
      "recorded_at": "2025-07-19T04:04:09.007Z"
    },
    {
      "center_id": "6091fcc3-3b14-430e-8d28-0907aa1db98d",
      "center_name": "Takelsa",
      "recorded_at": "2025-07-19T04:04:08.939Z"
    },
    {
      "center_id": "f350b731-2da6-4e3d-9a9d-5fa3c8c985ab",
      "center_name": "Djerba Beach Safety Center",
      "recorded_at": "2025-07-19T04:04:08.930Z"
    },
    {
      "center_id": "5897994c-3d0f-4bcf-9624-3103ddffdcf4",
      "center_name": "Monastir Beach Safety Center",
      "recorded_at": "2025-07-19T04:04:08.760Z"
    },
    {
      "center_id": "2c140dc1-5fac-4efe-80e3-2ad63dea6b8f",
      "center_name": "maamoura",
      "recorded_at": "2025-07-19T04:04:08.751Z"
    },
    {
      "center_id": "a1f85c07-8c14-4616-8199-a1c9c46d9b48",
      "center_name": "Tabarka Beach Safety Center",
      "recorded_at": "2025-07-19T04:04:08.744Z"
    },
    {
      "center_id": "5897994c-3d0f-4bcf-9624-3103ddffdcf4",
      "center_name": "Monastir Beach Safety Center",
      "recorded_at": "2025-07-19T04:04:08.708Z"
    },
    {
      "center_id": "a42d64f5-73d9-41cb-97c7-c020fd1fe520",
      "center_name": "Sousse Beach Safety Center",
      "recorded_at": "2025-07-19T04:04:08.665Z"
    },
    {
      "center_id": "2c140dc1-5fac-4efe-80e3-2ad63dea6b8f",
      "center_name": "maamoura",
      "recorded_at": "2025-07-19T04:04:08.651Z"
    },
    {
      "center_id": "efe6b507-ecd3-4eac-bd21-82cbe1125cc0",
      "center_name": "Hammamet Beach Safety Center",
      "recorded_at": "2025-07-19T04:04:08.594Z"
    },
    {
      "center_id": "efe6b507-ecd3-4eac-bd21-82cbe1125cc0",
      "center_name": "Hammamet Beach Safety Center",
      "recorded_at": "2025-07-19T04:04:08.591Z"
    },
    {
      "center_id": "f350b731-2da6-4e3d-9a9d-5fa3c8c985ab",
      "center_name": "Djerba Beach Safety Center",
      "recorded_at": "2025-07-19T03:49:09.181Z"
    },
    {
      "center_id": "6091fcc3-3b14-430e-8d28-0907aa1db98d",
      "center_name": "Takelsa",
      "recorded_at": "2025-07-19T03:49:09.179Z"
    },
    {
      "center_id": "6091fcc3-3b14-430e-8d28-0907aa1db98d",
      "center_name": "Takelsa",
      "recorded_at": "2025-07-19T03:49:09.175Z"
    },
    {
      "center_id": "6c847017-e5ab-4e48-b987-328d742f7562",
      "center_name": "Sounine",
      "recorded_at": "2025-07-19T03:49:09.173Z"
    },
    {
      "center_id": "a42d64f5-73d9-41cb-97c7-c020fd1fe520",
      "center_name": "Sousse Beach Safety Center",
      "recorded_at": "2025-07-19T03:49:08.940Z"
    },
    {
      "center_id": "efe6b507-ecd3-4eac-bd21-82cbe1125cc0",
      "center_name": "Hammamet Beach Safety Center",
      "recorded_at": "2025-07-19T03:49:08.895Z"
    },
    {
      "center_id": "2c140dc1-5fac-4efe-80e3-2ad63dea6b8f",
      "center_name": "maamoura",
      "recorded_at": "2025-07-19T03:49:08.893Z"
    },
    {
      "center_id": "a1f85c07-8c14-4616-8199-a1c9c46d9b48",
      "center_name": "Tabarka Beach Safety Center",
      "recorded_at": "2025-07-19T03:49:08.840Z"
    },
    {
      "center_id": "f350b731-2da6-4e3d-9a9d-5fa3c8c985ab",
      "center_name": "Djerba Beach Safety Center",
      "recorded_at": "2025-07-19T03:49:08.839Z"
    },
    {
      "center_id": "5897994c-3d0f-4bcf-9624-3103ddffdcf4",
      "center_name": "Monastir Beach Safety Center",
      "recorded_at": "2025-07-19T03:49:08.838Z"
    },
    {
      "center_id": "efe6b507-ecd3-4eac-bd21-82cbe1125cc0",
      "center_name": "Hammamet Beach Safety Center",
      "recorded_at": "2025-07-19T03:49:08.832Z"
    },
    {
      "center_id": "5897994c-3d0f-4bcf-9624-3103ddffdcf4",
      "center_name": "Monastir Beach Safety Center",
      "recorded_at": "2025-07-19T03:49:08.641Z"
    },
    {
      "center_id": "6c847017-e5ab-4e48-b987-328d742f7562",
      "center_name": "Sounine",
      "recorded_at": "2025-07-19T03:49:08.597Z"
    },
    {
      "center_id": "a42d64f5-73d9-41cb-97c7-c020fd1fe520",
      "center_name": "Sousse Beach Safety Center",
      "recorded_at": "2025-07-19T03:49:08.592Z"
    },
    {
      "center_id": "a1f85c07-8c14-4616-8199-a1c9c46d9b48",
      "center_name": "Tabarka Beach Safety Center",
      "recorded_at": "2025-07-19T03:49:08.546Z"
    },
    {
      "center_id": "2c140dc1-5fac-4efe-80e3-2ad63dea6b8f",
      "center_name": "maamoura",
      "recorded_at": "2025-07-19T03:49:08.541Z"
    },
    {
      "center_id": "efe6b507-ecd3-4eac-bd21-82cbe1125cc0",
      "center_name": "Hammamet Beach Safety Center",
      "recorded_at": "2025-07-19T03:34:09.219Z"
    },
    {
      "center_id": "a1f85c07-8c14-4616-8199-a1c9c46d9b48",
      "center_name": "Tabarka Beach Safety Center",
      "recorded_at": "2025-07-19T03:34:09.205Z"
    },
    {
      "center_id": "2c140dc1-5fac-4efe-80e3-2ad63dea6b8f",
      "center_name": "maamoura",
      "recorded_at": "2025-07-19T03:34:09.160Z"
    },
    {
      "center_id": "6091fcc3-3b14-430e-8d28-0907aa1db98d",
      "center_name": "Takelsa",
      "recorded_at": "2025-07-19T03:34:09.156Z"
    },
    {
      "center_id": "5897994c-3d0f-4bcf-9624-3103ddffdcf4",
      "center_name": "Monastir Beach Safety Center",
      "recorded_at": "2025-07-19T03:34:09.155Z"
    },
    {
      "center_id": "2c140dc1-5fac-4efe-80e3-2ad63dea6b8f",
      "center_name": "maamoura",
      "recorded_at": "2025-07-19T03:34:08.981Z"
    },
    {
      "center_id": "a42d64f5-73d9-41cb-97c7-c020fd1fe520",
      "center_name": "Sousse Beach Safety Center",
      "recorded_at": "2025-07-19T03:34:08.979Z"
    },
    {
      "center_id": "f350b731-2da6-4e3d-9a9d-5fa3c8c985ab",
      "center_name": "Djerba Beach Safety Center",
      "recorded_at": "2025-07-19T03:34:08.953Z"
    },
    {
      "center_id": "6c847017-e5ab-4e48-b987-328d742f7562",
      "center_name": "Sounine",
      "recorded_at": "2025-07-19T03:34:08.940Z"
    },
    {
      "center_id": "6091fcc3-3b14-430e-8d28-0907aa1db98d",
      "center_name": "Takelsa",
      "recorded_at": "2025-07-19T03:34:08.919Z"
    },
    {
      "center_id": "a1f85c07-8c14-4616-8199-a1c9c46d9b48",
      "center_name": "Tabarka Beach Safety Center",
      "recorded_at": "2025-07-19T03:34:08.882Z"
    },
    {
      "center_id": "a42d64f5-73d9-41cb-97c7-c020fd1fe520",
      "center_name": "Sousse Beach Safety Center",
      "recorded_at": "2025-07-19T03:34:08.869Z"
    },
    {
      "center_id": "6c847017-e5ab-4e48-b987-328d742f7562",
      "center_name": "Sounine",
      "recorded_at": "2025-07-19T03:34:08.812Z"
    },
    {
      "center_id": "efe6b507-ecd3-4eac-bd21-82cbe1125cc0",
      "center_name": "Hammamet Beach Safety Center",
      "recorded_at": "2025-07-19T03:34:08.808Z"
    },
    {
      "center_id": "5897994c-3d0f-4bcf-9624-3103ddffdcf4",
      "center_name": "Monastir Beach Safety Center",
      "recorded_at": "2025-07-19T03:34:08.805Z"
    },
    {
      "center_id": "f350b731-2da6-4e3d-9a9d-5fa3c8c985ab",
      "center_name": "Djerba Beach Safety Center",
      "recorded_at": "2025-07-19T03:34:08.802Z"
    },
    {
      "center_id": "6091fcc3-3b14-430e-8d28-0907aa1db98d",
      "center_name": "Takelsa",
      "recorded_at": "2025-07-19T03:19:09.489Z"
    },
    {
      "center_id": "5897994c-3d0f-4bcf-9624-3103ddffdcf4",
      "center_name": "Monastir Beach Safety Center",
      "recorded_at": "2025-07-19T03:19:08.858Z"
    },
    {
      "center_id": "6c847017-e5ab-4e48-b987-328d742f7562",
      "center_name": "Sounine",
      "recorded_at": "2025-07-19T03:19:08.762Z"
    },
    {
      "center_id": "f350b731-2da6-4e3d-9a9d-5fa3c8c985ab",
      "center_name": "Djerba Beach Safety Center",
      "recorded_at": "2025-07-19T03:19:08.760Z"
    },
    {
      "center_id": "2c140dc1-5fac-4efe-80e3-2ad63dea6b8f",
      "center_name": "maamoura",
      "recorded_at": "2025-07-19T03:19:08.562Z"
    },
    {
      "center_id": "a1f85c07-8c14-4616-8199-a1c9c46d9b48",
      "center_name": "Tabarka Beach Safety Center",
      "recorded_at": "2025-07-19T03:19:08.530Z"
    },
    {
      "center_id": "a42d64f5-73d9-41cb-97c7-c020fd1fe520",
      "center_name": "Sousse Beach Safety Center",
      "recorded_at": "2025-07-19T03:19:08.475Z"
    },
    {
      "center_id": "efe6b507-ecd3-4eac-bd21-82cbe1125cc0",
      "center_name": "Hammamet Beach Safety Center",
      "recorded_at": "2025-07-19T03:19:08.455Z"
    },
    {
      "center_id": "f350b731-2da6-4e3d-9a9d-5fa3c8c985ab",
      "center_name": "Djerba Beach Safety Center",
      "recorded_at": "2025-07-19T03:16:16.215Z"
    },
    {
      "center_id": "6091fcc3-3b14-430e-8d28-0907aa1db98d",
      "center_name": "Takelsa",
      "recorded_at": "2025-07-19T03:16:16.212Z"
    },
    {
      "center_id": "6c847017-e5ab-4e48-b987-328d742f7562",
      "center_name": "Sounine",
      "recorded_at": "2025-07-19T03:16:16.159Z"
    },
    {
      "center_id": "5897994c-3d0f-4bcf-9624-3103ddffdcf4",
      "center_name": "Monastir Beach Safety Center",
      "recorded_at": "2025-07-19T03:16:16.141Z"
    },
    {
      "center_id": "a42d64f5-73d9-41cb-97c7-c020fd1fe520",
      "center_name": "Sousse Beach Safety Center",
      "recorded_at": "2025-07-19T03:16:16.100Z"
    },
    {
      "center_id": "a1f85c07-8c14-4616-8199-a1c9c46d9b48",
      "center_name": "Tabarka Beach Safety Center",
      "recorded_at": "2025-07-19T03:16:16.084Z"
    },
    {
      "center_id": "efe6b507-ecd3-4eac-bd21-82cbe1125cc0",
      "center_name": "Hammamet Beach Safety Center",
      "recorded_at": "2025-07-19T03:16:16.044Z"
    },
    {
      "center_id": "2c140dc1-5fac-4efe-80e3-2ad63dea6b8f",
      "center_name": "maamoura",
      "recorded_at": "2025-07-19T03:16:16.042Z"
    },
    {
      "center_id": "a1f85c07-8c14-4616-8199-a1c9c46d9b48",
      "center_name": "Tabarka Beach Safety Center",
      "recorded_at": "2025-07-19T03:12:30.154Z"
    },
    {
      "center_id": "5897994c-3d0f-4bcf-9624-3103ddffdcf4",
      "center_name": "Monastir Beach Safety Center",
      "recorded_at": "2025-07-19T03:12:30.151Z"
    },
    {
      "center_id": "f350b731-2da6-4e3d-9a9d-5fa3c8c985ab",
      "center_name": "Djerba Beach Safety Center",
      "recorded_at": "2025-07-19T03:12:30.100Z"
    },
    {
      "center_id": "6c847017-e5ab-4e48-b987-328d742f7562",
      "center_name": "Sounine",
      "recorded_at": "2025-07-19T03:12:30.098Z"
    },
    {
      "center_id": "6091fcc3-3b14-430e-8d28-0907aa1db98d",
      "center_name": "Takelsa",
      "recorded_at": "2025-07-19T03:12:29.946Z"
    },
    {
      "center_id": "2c140dc1-5fac-4efe-80e3-2ad63dea6b8f",
      "center_name": "maamoura",
      "recorded_at": "2025-07-19T03:12:29.943Z"
    },
    {
      "center_id": "efe6b507-ecd3-4eac-bd21-82cbe1125cc0",
      "center_name": "Hammamet Beach Safety Center",
      "recorded_at": "2025-07-19T03:12:29.889Z"
    },
    {
      "center_id": "a42d64f5-73d9-41cb-97c7-c020fd1fe520",
      "center_name": "Sousse Beach Safety Center",
      "recorded_at": "2025-07-19T03:12:29.876Z"
    }
  ]
}
2025-07-19 09:08:38 [[32minfo[39m]: ::ffff:127.0.0.1 - - [19/Jul/2025:08:08:38 +0000] "GET /api/v1/public/weather/current HTTP/1.1" 304 - "http://localhost:3000/" "Mozilla/5.0 (X11; Ubuntu; Linux x86_64; rv:136.0) Gecko/20100101 Firefox/136.0" {
  "service": "beach-safety-api"
}
2025-07-19 09:08:38 [[32minfo[39m]: ::ffff:127.0.0.1 - - [19/Jul/2025:08:08:38 +0000] "GET /api/v1/public/centers HTTP/1.1" 200 4275 "http://localhost:3000/" "Mozilla/5.0 (X11; Ubuntu; Linux x86_64; rv:136.0) Gecko/20100101 Firefox/136.0" {
  "service": "beach-safety-api"
}
2025-07-19 09:08:38 [[32minfo[39m]: ::ffff:127.0.0.1 - - [19/Jul/2025:08:08:38 +0000] "GET /api/v1/safety-zones/public HTTP/1.1" 304 - "http://localhost:3000/" "Mozilla/5.0 (X11; Ubuntu; Linux x86_64; rv:136.0) Gecko/20100101 Firefox/136.0" {
  "service": "beach-safety-api"
}
2025-07-19 09:08:38 [[32minfo[39m]: ::ffff:127.0.0.1 - - [19/Jul/2025:08:08:38 +0000] "GET /api/v1/public/lifeguards/counts HTTP/1.1" 304 - "http://localhost:3000/" "Mozilla/5.0 (X11; Ubuntu; Linux x86_64; rv:136.0) Gecko/20100101 Firefox/136.0" {
  "service": "beach-safety-api"
}
2025-07-19 09:08:38 [[32minfo[39m]: ::ffff:127.0.0.1 - - [19/Jul/2025:08:08:38 +0000] "GET /api/v1/public/centers HTTP/1.1" 200 4275 "http://localhost:3000/" "Mozilla/5.0 (X11; Ubuntu; Linux x86_64; rv:136.0) Gecko/20100101 Firefox/136.0" {
  "service": "beach-safety-api"
}
2025-07-19 09:08:38 [[32minfo[39m]: ::ffff:127.0.0.1 - - [19/Jul/2025:08:08:38 +0000] "GET /api/v1/safety-zones/public HTTP/1.1" 200 6367 "http://localhost:3000/" "Mozilla/5.0 (X11; Ubuntu; Linux x86_64; rv:136.0) Gecko/20100101 Firefox/136.0" {
  "service": "beach-safety-api"
}
2025-07-19 09:08:38 [[32minfo[39m]: ::ffff:127.0.0.1 - - [19/Jul/2025:08:08:38 +0000] "GET /api/v1/public/lifeguards/counts HTTP/1.1" 200 954 "http://localhost:3000/" "Mozilla/5.0 (X11; Ubuntu; Linux x86_64; rv:136.0) Gecko/20100101 Firefox/136.0" {
  "service": "beach-safety-api"
}
2025-07-19 09:08:38 [[32minfo[39m]: ::ffff:127.0.0.1 - - [19/Jul/2025:08:08:38 +0000] "GET /api/v1/public/safety/flags HTTP/1.1" 200 1358 "http://localhost:3000/" "Mozilla/5.0 (X11; Ubuntu; Linux x86_64; rv:136.0) Gecko/20100101 Firefox/136.0" {
  "service": "beach-safety-api"
}
2025-07-19 09:08:38 [[32minfo[39m]: ::ffff:127.0.0.1 - - [19/Jul/2025:08:08:38 +0000] "GET /api/v1/public/safety/flags HTTP/1.1" 304 - "http://localhost:3000/" "Mozilla/5.0 (X11; Ubuntu; Linux x86_64; rv:136.0) Gecko/20100101 Firefox/136.0" {
  "service": "beach-safety-api"
}
2025-07-19 09:08:48 [[32minfo[39m]: Starting scheduled weather update cycle {
  "service": "beach-safety-api"
}
2025-07-19 09:08:48 [[32minfo[39m]: Starting scheduled safety flag auto-update cycle {
  "service": "beach-safety-api"
}
2025-07-19 09:08:48 [[32minfo[39m]: Connected to PostgreSQL database {
  "service": "beach-safety-api"
}
2025-07-19 09:08:48 [[32minfo[39m]: Connected to PostgreSQL database {
  "service": "beach-safety-api"
}
2025-07-19 09:08:48 [[32minfo[39m]: Connected to PostgreSQL database {
  "service": "beach-safety-api"
}
2025-07-19 09:08:48 [[32minfo[39m]: Connected to PostgreSQL database {
  "service": "beach-safety-api"
}
2025-07-19 09:08:48 [[32minfo[39m]: Connected to PostgreSQL database {
  "service": "beach-safety-api"
}
2025-07-19 09:08:48 [[32minfo[39m]: Connected to PostgreSQL database {
  "service": "beach-safety-api"
}
2025-07-19 09:08:48 [[32minfo[39m]: Connected to PostgreSQL database {
  "service": "beach-safety-api"
}
2025-07-19 09:08:48 [[32minfo[39m]: Connected to PostgreSQL database {
  "service": "beach-safety-api"
}
2025-07-19 09:08:48 [[32minfo[39m]: Connected to PostgreSQL database {
  "service": "beach-safety-api"
}
2025-07-19 09:08:49 [[32minfo[39m]: Raw OpenWeatherMap API response {
  "service": "beach-safety-api",
  "centerId": "a42d64f5-73d9-41cb-97c7-c020fd1fe520",
  "centerName": "Sousse Beach Safety Center",
  "coordinates": {
    "lat": 35.8333,
    "lng": 10.6333
  },
  "visibility": 8000,
  "weather_condition": "Clear",
  "temperature": 28.91,
  "wind_speed": 2.06,
  "humidity": 65,
  "pressure": 1014,
  "raw_response": {
    "visibility": 8000,
    "weather": [
      {
        "id": 800,
        "main": "Clear",
        "description": "clear sky",
        "icon": "01d"
      }
    ],
    "main": {
      "temp": 28.91,
      "feels_like": 31.67,
      "temp_min": 28.91,
      "temp_max": 28.91,
      "pressure": 1014,
      "humidity": 65,
      "sea_level": 1014,
      "grnd_level": 1009
    },
    "wind": {
      "speed": 2.06,
      "deg": 170
    }
  }
}
2025-07-19 09:08:49 [[32minfo[39m]: Simulated marine data {
  "service": "beach-safety-api",
  "wave_height": 0.28,
  "current_speed": 0.55
}
2025-07-19 09:08:49 [[32minfo[39m]: Transformed weather data {
  "service": "beach-safety-api",
  "centerId": "a42d64f5-73d9-41cb-97c7-c020fd1fe520",
  "centerName": "Sousse Beach Safety Center",
  "original_visibility_meters": 8000,
  "transformed_visibility_km": 8,
  "temperature": 28.91,
  "wind_speed": 2.06,
  "weather_condition": "Clear",
  "wave_height": 0.28,
  "current_speed": 0.55
}
2025-07-19 09:08:49 [[32minfo[39m]: Current weather and marine data fetched and stored {
  "service": "beach-safety-api",
  "centerId": "a42d64f5-73d9-41cb-97c7-c020fd1fe520",
  "centerName": "Sousse Beach Safety Center",
  "temperature": 28.91,
  "condition": "Clear",
  "waveHeight": 0.28,
  "currentSpeed": 0.55
}
2025-07-19 09:08:49 [[32minfo[39m]: Weather update emitted {
  "service": "beach-safety-api",
  "centerId": "a42d64f5-73d9-41cb-97c7-c020fd1fe520"
}
2025-07-19 09:08:49 [[32minfo[39m]: Weather update sent to center {
  "service": "beach-safety-api",
  "centerId": "a42d64f5-73d9-41cb-97c7-c020fd1fe520",
  "centerName": "Sousse Beach Safety Center"
}
2025-07-19 09:08:49 [[32minfo[39m]: Raw OpenWeatherMap API response {
  "service": "beach-safety-api",
  "centerId": "efe6b507-ecd3-4eac-bd21-82cbe1125cc0",
  "centerName": "Hammamet Beach Safety Center",
  "coordinates": {
    "lat": 36.4,
    "lng": 10.6167
  },
  "visibility": 10000,
  "weather_condition": "Clear",
  "temperature": 28.2,
  "wind_speed": 4.17,
  "humidity": 67,
  "pressure": 1014,
  "raw_response": {
    "visibility": 10000,
    "weather": [
      {
        "id": 800,
        "main": "Clear",
        "description": "clear sky",
        "icon": "01d"
      }
    ],
    "main": {
      "temp": 28.2,
      "feels_like": 30.64,
      "temp_min": 28.2,
      "temp_max": 28.2,
      "pressure": 1014,
      "humidity": 67,
      "sea_level": 1014,
      "grnd_level": 1005
    },
    "wind": {
      "speed": 4.17,
      "deg": 180,
      "gust": 4.51
    }
  }
}
2025-07-19 09:08:49 [[32minfo[39m]: Simulated marine data {
  "service": "beach-safety-api",
  "wave_height": 0.59,
  "current_speed": 0.51
}
2025-07-19 09:08:49 [[32minfo[39m]: Transformed weather data {
  "service": "beach-safety-api",
  "centerId": "efe6b507-ecd3-4eac-bd21-82cbe1125cc0",
  "centerName": "Hammamet Beach Safety Center",
  "original_visibility_meters": 10000,
  "transformed_visibility_km": 10,
  "temperature": 28.2,
  "wind_speed": 4.17,
  "weather_condition": "Clear",
  "wave_height": 0.59,
  "current_speed": 0.51
}
2025-07-19 09:08:49 [[32minfo[39m]: Current weather and marine data fetched and stored {
  "service": "beach-safety-api",
  "centerId": "efe6b507-ecd3-4eac-bd21-82cbe1125cc0",
  "centerName": "Hammamet Beach Safety Center",
  "temperature": 28.2,
  "condition": "Clear",
  "waveHeight": 0.59,
  "currentSpeed": 0.51
}
2025-07-19 09:08:49 [[32minfo[39m]: Weather update emitted {
  "service": "beach-safety-api",
  "centerId": "efe6b507-ecd3-4eac-bd21-82cbe1125cc0"
}
2025-07-19 09:08:49 [[32minfo[39m]: Weather update sent to center {
  "service": "beach-safety-api",
  "centerId": "efe6b507-ecd3-4eac-bd21-82cbe1125cc0",
  "centerName": "Hammamet Beach Safety Center"
}
2025-07-19 09:08:49 [[32minfo[39m]: Raw OpenWeatherMap API response {
  "service": "beach-safety-api",
  "centerId": "a1f85c07-8c14-4616-8199-a1c9c46d9b48",
  "centerName": "Tabarka Beach Safety Center",
  "coordinates": {
    "lat": 36.95,
    "lng": 8.75
  },
  "visibility": 10000,
  "weather_condition": "Clear",
  "temperature": 32.74,
  "wind_speed": 1.2,
  "humidity": 39,
  "pressure": 1011,
  "raw_response": {
    "visibility": 10000,
    "weather": [
      {
        "id": 800,
        "main": "Clear",
        "description": "clear sky",
        "icon": "01d"
      }
    ],
    "main": {
      "temp": 32.74,
      "feels_like": 33.18,
      "temp_min": 32.74,
      "temp_max": 32.74,
      "pressure": 1011,
      "humidity": 39,
      "sea_level": 1011,
      "grnd_level": 991
    },
    "wind": {
      "speed": 1.2,
      "deg": 155,
      "gust": 2.18
    }
  }
}
2025-07-19 09:08:49 [[32minfo[39m]: Simulated marine data {
  "service": "beach-safety-api",
  "wave_height": 0.79,
  "current_speed": 0.36
}
2025-07-19 09:08:49 [[32minfo[39m]: Transformed weather data {
  "service": "beach-safety-api",
  "centerId": "a1f85c07-8c14-4616-8199-a1c9c46d9b48",
  "centerName": "Tabarka Beach Safety Center",
  "original_visibility_meters": 10000,
  "transformed_visibility_km": 10,
  "temperature": 32.74,
  "wind_speed": 1.2,
  "weather_condition": "Clear",
  "wave_height": 0.79,
  "current_speed": 0.36
}
2025-07-19 09:08:49 [[32minfo[39m]: Raw OpenWeatherMap API response {
  "service": "beach-safety-api",
  "centerId": "2c140dc1-5fac-4efe-80e3-2ad63dea6b8f",
  "centerName": "maamoura",
  "coordinates": {
    "lat": 36.50415378724642,
    "lng": 10.810546875000002
  },
  "visibility": 10000,
  "weather_condition": "Clear",
  "temperature": 28.12,
  "wind_speed": 4.41,
  "humidity": 71,
  "pressure": 1014,
  "raw_response": {
    "visibility": 10000,
    "weather": [
      {
        "id": 800,
        "main": "Clear",
        "description": "clear sky",
        "icon": "01d"
      }
    ],
    "main": {
      "temp": 28.12,
      "feels_like": 31.04,
      "temp_min": 28.12,
      "temp_max": 28.12,
      "pressure": 1014,
      "humidity": 71,
      "sea_level": 1014,
      "grnd_level": 1008
    },
    "wind": {
      "speed": 4.41,
      "deg": 180,
      "gust": 4.51
    }
  }
}
2025-07-19 09:08:49 [[32minfo[39m]: Simulated marine data {
  "service": "beach-safety-api",
  "wave_height": 0.27,
  "current_speed": 0.27
}
2025-07-19 09:08:49 [[32minfo[39m]: Transformed weather data {
  "service": "beach-safety-api",
  "centerId": "2c140dc1-5fac-4efe-80e3-2ad63dea6b8f",
  "centerName": "maamoura",
  "original_visibility_meters": 10000,
  "transformed_visibility_km": 10,
  "temperature": 28.12,
  "wind_speed": 4.41,
  "weather_condition": "Clear",
  "wave_height": 0.27,
  "current_speed": 0.27
}
2025-07-19 09:08:49 [[32minfo[39m]: Current weather and marine data fetched and stored {
  "service": "beach-safety-api",
  "centerId": "a1f85c07-8c14-4616-8199-a1c9c46d9b48",
  "centerName": "Tabarka Beach Safety Center",
  "temperature": 32.74,
  "condition": "Clear",
  "waveHeight": 0.79,
  "currentSpeed": 0.36
}
2025-07-19 09:08:49 [[32minfo[39m]: Weather update emitted {
  "service": "beach-safety-api",
  "centerId": "a1f85c07-8c14-4616-8199-a1c9c46d9b48"
}
2025-07-19 09:08:49 [[32minfo[39m]: Weather update sent to center {
  "service": "beach-safety-api",
  "centerId": "a1f85c07-8c14-4616-8199-a1c9c46d9b48",
  "centerName": "Tabarka Beach Safety Center"
}
2025-07-19 09:08:49 [[32minfo[39m]: Current weather and marine data fetched and stored {
  "service": "beach-safety-api",
  "centerId": "2c140dc1-5fac-4efe-80e3-2ad63dea6b8f",
  "centerName": "maamoura",
  "temperature": 28.12,
  "condition": "Clear",
  "waveHeight": 0.27,
  "currentSpeed": 0.27
}
2025-07-19 09:08:49 [[32minfo[39m]: Weather update emitted {
  "service": "beach-safety-api",
  "centerId": "2c140dc1-5fac-4efe-80e3-2ad63dea6b8f"
}
2025-07-19 09:08:49 [[32minfo[39m]: Weather update sent to center {
  "service": "beach-safety-api",
  "centerId": "2c140dc1-5fac-4efe-80e3-2ad63dea6b8f",
  "centerName": "maamoura"
}
2025-07-19 09:08:49 [[32minfo[39m]: Raw OpenWeatherMap API response {
  "service": "beach-safety-api",
  "centerId": "a42d64f5-73d9-41cb-97c7-c020fd1fe520",
  "centerName": "Sousse Beach Safety Center",
  "coordinates": {
    "lat": 35.8333,
    "lng": 10.6333
  },
  "visibility": 8000,
  "weather_condition": "Clear",
  "temperature": 28.91,
  "wind_speed": 2.06,
  "humidity": 65,
  "pressure": 1014,
  "raw_response": {
    "visibility": 8000,
    "weather": [
      {
        "id": 800,
        "main": "Clear",
        "description": "clear sky",
        "icon": "01d"
      }
    ],
    "main": {
      "temp": 28.91,
      "feels_like": 31.67,
      "temp_min": 28.91,
      "temp_max": 28.91,
      "pressure": 1014,
      "humidity": 65,
      "sea_level": 1014,
      "grnd_level": 1009
    },
    "wind": {
      "speed": 2.06,
      "deg": 170
    }
  }
}
2025-07-19 09:08:49 [[32minfo[39m]: Simulated marine data {
  "service": "beach-safety-api",
  "wave_height": 0.1,
  "current_speed": 0.26
}
2025-07-19 09:08:49 [[32minfo[39m]: Transformed weather data {
  "service": "beach-safety-api",
  "centerId": "a42d64f5-73d9-41cb-97c7-c020fd1fe520",
  "centerName": "Sousse Beach Safety Center",
  "original_visibility_meters": 8000,
  "transformed_visibility_km": 8,
  "temperature": 28.91,
  "wind_speed": 2.06,
  "weather_condition": "Clear",
  "wave_height": 0.1,
  "current_speed": 0.26
}
2025-07-19 09:08:49 [[32minfo[39m]: Current weather and marine data fetched and stored {
  "service": "beach-safety-api",
  "centerId": "a42d64f5-73d9-41cb-97c7-c020fd1fe520",
  "centerName": "Sousse Beach Safety Center",
  "temperature": 28.91,
  "condition": "Clear",
  "waveHeight": 0.1,
  "currentSpeed": 0.26
}
2025-07-19 09:08:49 [[32minfo[39m]: Weather data for flag determination {
  "service": "beach-safety-api",
  "centerId": "a42d64f5-73d9-41cb-97c7-c020fd1fe520",
  "visibility": "8.00",
  "temperature": "28.91",
  "wind_speed": "2.06",
  "wave_height": "0.10",
  "precipitation": "0.00",
  "weather_condition": "Clear"
}
2025-07-19 09:08:49 [[32minfo[39m]: Safety flag updated automatically {
  "service": "beach-safety-api",
  "centerId": "a42d64f5-73d9-41cb-97c7-c020fd1fe520",
  "oldFlag": "none",
  "newFlag": "red",
  "reason": "Reduced visibility - caution advised",
  "alerts": 1,
  "triggeredBy": "system",
  "updateReason": "No flag set - setting automatic flag"
}
2025-07-19 09:08:49 [[32minfo[39m]: Safety flag auto-updated for center {
  "service": "beach-safety-api",
  "centerId": "a42d64f5-73d9-41cb-97c7-c020fd1fe520",
  "centerName": "Sousse Beach Safety Center",
  "oldFlag": "none",
  "newFlag": "red",
  "reason": "No flag set - setting automatic flag"
}
2025-07-19 09:08:49 [[32minfo[39m]: Raw OpenWeatherMap API response {
  "service": "beach-safety-api",
  "centerId": "efe6b507-ecd3-4eac-bd21-82cbe1125cc0",
  "centerName": "Hammamet Beach Safety Center",
  "coordinates": {
    "lat": 36.4,
    "lng": 10.6167
  },
  "visibility": 10000,
  "weather_condition": "Clear",
  "temperature": 28.2,
  "wind_speed": 4.17,
  "humidity": 67,
  "pressure": 1014,
  "raw_response": {
    "visibility": 10000,
    "weather": [
      {
        "id": 800,
        "main": "Clear",
        "description": "clear sky",
        "icon": "01d"
      }
    ],
    "main": {
      "temp": 28.2,
      "feels_like": 30.64,
      "temp_min": 28.2,
      "temp_max": 28.2,
      "pressure": 1014,
      "humidity": 67,
      "sea_level": 1014,
      "grnd_level": 1005
    },
    "wind": {
      "speed": 4.17,
      "deg": 180,
      "gust": 4.51
    }
  }
}
2025-07-19 09:08:49 [[32minfo[39m]: Simulated marine data {
  "service": "beach-safety-api",
  "wave_height": 0.29,
  "current_speed": 0.45
}
2025-07-19 09:08:49 [[32minfo[39m]: Transformed weather data {
  "service": "beach-safety-api",
  "centerId": "efe6b507-ecd3-4eac-bd21-82cbe1125cc0",
  "centerName": "Hammamet Beach Safety Center",
  "original_visibility_meters": 10000,
  "transformed_visibility_km": 10,
  "temperature": 28.2,
  "wind_speed": 4.17,
  "weather_condition": "Clear",
  "wave_height": 0.29,
  "current_speed": 0.45
}
2025-07-19 09:08:49 [[32minfo[39m]: Current weather and marine data fetched and stored {
  "service": "beach-safety-api",
  "centerId": "efe6b507-ecd3-4eac-bd21-82cbe1125cc0",
  "centerName": "Hammamet Beach Safety Center",
  "temperature": 28.2,
  "condition": "Clear",
  "waveHeight": 0.29,
  "currentSpeed": 0.45
}
2025-07-19 09:08:49 [[32minfo[39m]: Weather data for flag determination {
  "service": "beach-safety-api",
  "centerId": "efe6b507-ecd3-4eac-bd21-82cbe1125cc0",
  "visibility": "10.00",
  "temperature": "28.20",
  "wind_speed": "4.17",
  "wave_height": "0.29",
  "precipitation": "0.00",
  "weather_condition": "Clear"
}
2025-07-19 09:08:49 [[32minfo[39m]: Safety flag updated automatically {
  "service": "beach-safety-api",
  "centerId": "efe6b507-ecd3-4eac-bd21-82cbe1125cc0",
  "oldFlag": "none",
  "newFlag": "green",
  "reason": "Safe conditions",
  "alerts": 0,
  "triggeredBy": "system",
  "updateReason": "No flag set - setting automatic flag"
}
2025-07-19 09:08:49 [[32minfo[39m]: Safety flag auto-updated for center {
  "service": "beach-safety-api",
  "centerId": "efe6b507-ecd3-4eac-bd21-82cbe1125cc0",
  "centerName": "Hammamet Beach Safety Center",
  "oldFlag": "none",
  "newFlag": "green",
  "reason": "No flag set - setting automatic flag"
}
2025-07-19 09:08:49 [[32minfo[39m]: Raw OpenWeatherMap API response {
  "service": "beach-safety-api",
  "centerId": "6c847017-e5ab-4e48-b987-328d742f7562",
  "centerName": "Sounine",
  "coordinates": {
    "lat": 37.21106722049235,
    "lng": 10.179165601730348
  },
  "visibility": 10000,
  "weather_condition": "Clear",
  "temperature": 27.63,
  "wind_speed": 5.66,
  "humidity": 69,
  "pressure": 1013,
  "raw_response": {
    "visibility": 10000,
    "weather": [
      {
        "id": 800,
        "main": "Clear",
        "description": "clear sky",
        "icon": "01d"
      }
    ],
    "main": {
      "temp": 27.63,
      "feels_like": 29.85,
      "temp_min": 27.63,
      "temp_max": 27.63,
      "pressure": 1013,
      "humidity": 69,
      "sea_level": 1013,
      "grnd_level": 1011
    },
    "wind": {
      "speed": 5.66,
      "deg": 135,
      "gust": 6.98
    }
  }
}
2025-07-19 09:08:49 [[32minfo[39m]: Simulated marine data {
  "service": "beach-safety-api",
  "wave_height": 0.35,
  "current_speed": 0.21
}
2025-07-19 09:08:49 [[32minfo[39m]: Transformed weather data {
  "service": "beach-safety-api",
  "centerId": "6c847017-e5ab-4e48-b987-328d742f7562",
  "centerName": "Sounine",
  "original_visibility_meters": 10000,
  "transformed_visibility_km": 10,
  "temperature": 27.63,
  "wind_speed": 5.66,
  "weather_condition": "Clear",
  "wave_height": 0.35,
  "current_speed": 0.21
}
2025-07-19 09:08:49 [[32minfo[39m]: Raw OpenWeatherMap API response {
  "service": "beach-safety-api",
  "centerId": "5897994c-3d0f-4bcf-9624-3103ddffdcf4",
  "centerName": "Monastir Beach Safety Center",
  "coordinates": {
    "lat": 35.7667,
    "lng": 10.8333
  },
  "visibility": 8000,
  "weather_condition": "Clear",
  "temperature": 28.91,
  "wind_speed": 2.06,
  "humidity": 65,
  "pressure": 1014,
  "raw_response": {
    "visibility": 8000,
    "weather": [
      {
        "id": 800,
        "main": "Clear",
        "description": "clear sky",
        "icon": "01d"
      }
    ],
    "main": {
      "temp": 28.91,
      "feels_like": 31.67,
      "temp_min": 28.91,
      "temp_max": 28.91,
      "pressure": 1014,
      "humidity": 65,
      "sea_level": 1014,
      "grnd_level": 1012
    },
    "wind": {
      "speed": 2.06,
      "deg": 170
    }
  }
}
2025-07-19 09:08:49 [[32minfo[39m]: Simulated marine data {
  "service": "beach-safety-api",
  "wave_height": 0.1,
  "current_speed": 0.36
}
2025-07-19 09:08:49 [[32minfo[39m]: Transformed weather data {
  "service": "beach-safety-api",
  "centerId": "5897994c-3d0f-4bcf-9624-3103ddffdcf4",
  "centerName": "Monastir Beach Safety Center",
  "original_visibility_meters": 8000,
  "transformed_visibility_km": 8,
  "temperature": 28.91,
  "wind_speed": 2.06,
  "weather_condition": "Clear",
  "wave_height": 0.1,
  "current_speed": 0.36
}
2025-07-19 09:08:49 [[32minfo[39m]: Current weather and marine data fetched and stored {
  "service": "beach-safety-api",
  "centerId": "6c847017-e5ab-4e48-b987-328d742f7562",
  "centerName": "Sounine",
  "temperature": 27.63,
  "condition": "Clear",
  "waveHeight": 0.35,
  "currentSpeed": 0.21
}
2025-07-19 09:08:49 [[32minfo[39m]: Weather update emitted {
  "service": "beach-safety-api",
  "centerId": "6c847017-e5ab-4e48-b987-328d742f7562"
}
2025-07-19 09:08:49 [[32minfo[39m]: Weather update sent to center {
  "service": "beach-safety-api",
  "centerId": "6c847017-e5ab-4e48-b987-328d742f7562",
  "centerName": "Sounine"
}
2025-07-19 09:08:49 [[32minfo[39m]: Current weather and marine data fetched and stored {
  "service": "beach-safety-api",
  "centerId": "5897994c-3d0f-4bcf-9624-3103ddffdcf4",
  "centerName": "Monastir Beach Safety Center",
  "temperature": 28.91,
  "condition": "Clear",
  "waveHeight": 0.1,
  "currentSpeed": 0.36
}
2025-07-19 09:08:49 [[32minfo[39m]: Weather update emitted {
  "service": "beach-safety-api",
  "centerId": "5897994c-3d0f-4bcf-9624-3103ddffdcf4"
}
2025-07-19 09:08:49 [[32minfo[39m]: Weather update sent to center {
  "service": "beach-safety-api",
  "centerId": "5897994c-3d0f-4bcf-9624-3103ddffdcf4",
  "centerName": "Monastir Beach Safety Center"
}
2025-07-19 09:08:49 [[32minfo[39m]: Raw OpenWeatherMap API response {
  "service": "beach-safety-api",
  "centerId": "a1f85c07-8c14-4616-8199-a1c9c46d9b48",
  "centerName": "Tabarka Beach Safety Center",
  "coordinates": {
    "lat": 36.95,
    "lng": 8.75
  },
  "visibility": 10000,
  "weather_condition": "Clear",
  "temperature": 32.74,
  "wind_speed": 1.2,
  "humidity": 39,
  "pressure": 1011,
  "raw_response": {
    "visibility": 10000,
    "weather": [
      {
        "id": 800,
        "main": "Clear",
        "description": "clear sky",
        "icon": "01d"
      }
    ],
    "main": {
      "temp": 32.74,
      "feels_like": 33.18,
      "temp_min": 32.74,
      "temp_max": 32.74,
      "pressure": 1011,
      "humidity": 39,
      "sea_level": 1011,
      "grnd_level": 991
    },
    "wind": {
      "speed": 1.2,
      "deg": 155,
      "gust": 2.18
    }
  }
}
2025-07-19 09:08:49 [[32minfo[39m]: Simulated marine data {
  "service": "beach-safety-api",
  "wave_height": 0.43,
  "current_speed": 0.29
}
2025-07-19 09:08:49 [[32minfo[39m]: Transformed weather data {
  "service": "beach-safety-api",
  "centerId": "a1f85c07-8c14-4616-8199-a1c9c46d9b48",
  "centerName": "Tabarka Beach Safety Center",
  "original_visibility_meters": 10000,
  "transformed_visibility_km": 10,
  "temperature": 32.74,
  "wind_speed": 1.2,
  "weather_condition": "Clear",
  "wave_height": 0.43,
  "current_speed": 0.29
}
2025-07-19 09:08:49 [[32minfo[39m]: Current weather and marine data fetched and stored {
  "service": "beach-safety-api",
  "centerId": "a1f85c07-8c14-4616-8199-a1c9c46d9b48",
  "centerName": "Tabarka Beach Safety Center",
  "temperature": 32.74,
  "condition": "Clear",
  "waveHeight": 0.43,
  "currentSpeed": 0.29
}
2025-07-19 09:08:49 [[32minfo[39m]: Weather data for flag determination {
  "service": "beach-safety-api",
  "centerId": "a1f85c07-8c14-4616-8199-a1c9c46d9b48",
  "visibility": "10.00",
  "temperature": "32.74",
  "wind_speed": "1.20",
  "wave_height": "0.43",
  "precipitation": "0.00",
  "weather_condition": "Clear"
}
2025-07-19 09:08:49 [[32minfo[39m]: Safety flag updated automatically {
  "service": "beach-safety-api",
  "centerId": "a1f85c07-8c14-4616-8199-a1c9c46d9b48",
  "oldFlag": "none",
  "newFlag": "green",
  "reason": "Safe conditions",
  "alerts": 0,
  "triggeredBy": "system",
  "updateReason": "No flag set - setting automatic flag"
}
2025-07-19 09:08:49 [[32minfo[39m]: Safety flag auto-updated for center {
  "service": "beach-safety-api",
  "centerId": "a1f85c07-8c14-4616-8199-a1c9c46d9b48",
  "centerName": "Tabarka Beach Safety Center",
  "oldFlag": "none",
  "newFlag": "green",
  "reason": "No flag set - setting automatic flag"
}
2025-07-19 09:08:49 [[32minfo[39m]: Raw OpenWeatherMap API response {
  "service": "beach-safety-api",
  "centerId": "f350b731-2da6-4e3d-9a9d-5fa3c8c985ab",
  "centerName": "Djerba Beach Safety Center",
  "coordinates": {
    "lat": 33.8167,
    "lng": 10.85
  },
  "visibility": 10000,
  "weather_condition": "Clear",
  "temperature": 29.94,
  "wind_speed": 3.09,
  "humidity": 66,
  "pressure": 1014,
  "raw_response": {
    "visibility": 10000,
    "weather": [
      {
        "id": 800,
        "main": "Clear",
        "description": "clear sky",
        "icon": "01d"
      }
    ],
    "main": {
      "temp": 29.94,
      "feels_like": 33.97,
      "temp_min": 29.94,
      "temp_max": 29.94,
      "pressure": 1014,
      "humidity": 66,
      "sea_level": 1014,
      "grnd_level": 1013
    },
    "wind": {
      "speed": 3.09,
      "deg": 60
    }
  }
}
2025-07-19 09:08:49 [[32minfo[39m]: Simulated marine data {
  "service": "beach-safety-api",
  "wave_height": 0.78,
  "current_speed": 0.51
}
2025-07-19 09:08:49 [[32minfo[39m]: Transformed weather data {
  "service": "beach-safety-api",
  "centerId": "f350b731-2da6-4e3d-9a9d-5fa3c8c985ab",
  "centerName": "Djerba Beach Safety Center",
  "original_visibility_meters": 10000,
  "transformed_visibility_km": 10,
  "temperature": 29.94,
  "wind_speed": 3.09,
  "weather_condition": "Clear",
  "wave_height": 0.78,
  "current_speed": 0.51
}
2025-07-19 09:08:49 [[32minfo[39m]: Current weather and marine data fetched and stored {
  "service": "beach-safety-api",
  "centerId": "f350b731-2da6-4e3d-9a9d-5fa3c8c985ab",
  "centerName": "Djerba Beach Safety Center",
  "temperature": 29.94,
  "condition": "Clear",
  "waveHeight": 0.78,
  "currentSpeed": 0.51
}
2025-07-19 09:08:49 [[32minfo[39m]: Weather update emitted {
  "service": "beach-safety-api",
  "centerId": "f350b731-2da6-4e3d-9a9d-5fa3c8c985ab"
}
2025-07-19 09:08:49 [[32minfo[39m]: Weather update sent to center {
  "service": "beach-safety-api",
  "centerId": "f350b731-2da6-4e3d-9a9d-5fa3c8c985ab",
  "centerName": "Djerba Beach Safety Center"
}
2025-07-19 09:08:49 [[32minfo[39m]: Raw OpenWeatherMap API response {
  "service": "beach-safety-api",
  "centerId": "5897994c-3d0f-4bcf-9624-3103ddffdcf4",
  "centerName": "Monastir Beach Safety Center",
  "coordinates": {
    "lat": 35.7667,
    "lng": 10.8333
  },
  "visibility": 8000,
  "weather_condition": "Clear",
  "temperature": 28.91,
  "wind_speed": 2.06,
  "humidity": 65,
  "pressure": 1014,
  "raw_response": {
    "visibility": 8000,
    "weather": [
      {
        "id": 800,
        "main": "Clear",
        "description": "clear sky",
        "icon": "01d"
      }
    ],
    "main": {
      "temp": 28.91,
      "feels_like": 31.67,
      "temp_min": 28.91,
      "temp_max": 28.91,
      "pressure": 1014,
      "humidity": 65,
      "sea_level": 1014,
      "grnd_level": 1012
    },
    "wind": {
      "speed": 2.06,
      "deg": 170
    }
  }
}
2025-07-19 09:08:49 [[32minfo[39m]: Simulated marine data {
  "service": "beach-safety-api",
  "wave_height": 0.69,
  "current_speed": 0.44
}
2025-07-19 09:08:49 [[32minfo[39m]: Transformed weather data {
  "service": "beach-safety-api",
  "centerId": "5897994c-3d0f-4bcf-9624-3103ddffdcf4",
  "centerName": "Monastir Beach Safety Center",
  "original_visibility_meters": 8000,
  "transformed_visibility_km": 8,
  "temperature": 28.91,
  "wind_speed": 2.06,
  "weather_condition": "Clear",
  "wave_height": 0.69,
  "current_speed": 0.44
}
2025-07-19 09:08:49 [[32minfo[39m]: Current weather and marine data fetched and stored {
  "service": "beach-safety-api",
  "centerId": "5897994c-3d0f-4bcf-9624-3103ddffdcf4",
  "centerName": "Monastir Beach Safety Center",
  "temperature": 28.91,
  "condition": "Clear",
  "waveHeight": 0.69,
  "currentSpeed": 0.44
}
2025-07-19 09:08:49 [[32minfo[39m]: Weather data for flag determination {
  "service": "beach-safety-api",
  "centerId": "5897994c-3d0f-4bcf-9624-3103ddffdcf4",
  "visibility": "8.00",
  "temperature": "28.91",
  "wind_speed": "2.06",
  "wave_height": "0.69",
  "precipitation": "0.00",
  "weather_condition": "Clear"
}
2025-07-19 09:08:49 [[32minfo[39m]: Safety flag updated automatically {
  "service": "beach-safety-api",
  "centerId": "5897994c-3d0f-4bcf-9624-3103ddffdcf4",
  "oldFlag": "none",
  "newFlag": "red",
  "reason": "Reduced visibility - caution advised",
  "alerts": 1,
  "triggeredBy": "system",
  "updateReason": "No flag set - setting automatic flag"
}
2025-07-19 09:08:49 [[32minfo[39m]: Safety flag auto-updated for center {
  "service": "beach-safety-api",
  "centerId": "5897994c-3d0f-4bcf-9624-3103ddffdcf4",
  "centerName": "Monastir Beach Safety Center",
  "oldFlag": "none",
  "newFlag": "red",
  "reason": "No flag set - setting automatic flag"
}
2025-07-19 09:08:49 [[32minfo[39m]: Raw OpenWeatherMap API response {
  "service": "beach-safety-api",
  "centerId": "6091fcc3-3b14-430e-8d28-0907aa1db98d",
  "centerName": "Takelsa",
  "coordinates": {
    "lat": 36.882154463,
    "lng": 10.608962774
  },
  "visibility": 10000,
  "weather_condition": "Clear",
  "temperature": 29.37,
  "wind_speed": 3.7,
  "humidity": 59,
  "pressure": 1013,
  "raw_response": {
    "visibility": 10000,
    "weather": [
      {
        "id": 800,
        "main": "Clear",
        "description": "clear sky",
        "icon": "01d"
      }
    ],
    "main": {
      "temp": 29.37,
      "feels_like": 31.51,
      "temp_min": 29.37,
      "temp_max": 29.37,
      "pressure": 1013,
      "humidity": 59,
      "sea_level": 1013,
      "grnd_level": 1008
    },
    "wind": {
      "speed": 3.7,
      "deg": 158,
      "gust": 4.03
    }
  }
}
2025-07-19 09:08:49 [[32minfo[39m]: Simulated marine data {
  "service": "beach-safety-api",
  "wave_height": 0.31,
  "current_speed": 0.57
}
2025-07-19 09:08:49 [[32minfo[39m]: Transformed weather data {
  "service": "beach-safety-api",
  "centerId": "6091fcc3-3b14-430e-8d28-0907aa1db98d",
  "centerName": "Takelsa",
  "original_visibility_meters": 10000,
  "transformed_visibility_km": 10,
  "temperature": 29.37,
  "wind_speed": 3.7,
  "weather_condition": "Clear",
  "wave_height": 0.31,
  "current_speed": 0.57
}
2025-07-19 09:08:49 [[32minfo[39m]: Current weather and marine data fetched and stored {
  "service": "beach-safety-api",
  "centerId": "6091fcc3-3b14-430e-8d28-0907aa1db98d",
  "centerName": "Takelsa",
  "temperature": 29.37,
  "condition": "Clear",
  "waveHeight": 0.31,
  "currentSpeed": 0.57
}
2025-07-19 09:08:49 [[32minfo[39m]: Weather data for flag determination {
  "service": "beach-safety-api",
  "centerId": "6091fcc3-3b14-430e-8d28-0907aa1db98d",
  "visibility": "10.00",
  "temperature": "29.37",
  "wind_speed": "3.70",
  "wave_height": "0.31",
  "precipitation": "0.00",
  "weather_condition": "Clear"
}
2025-07-19 09:08:49 [[32minfo[39m]: Manual flag still valid - respecting manual override {
  "service": "beach-safety-api",
  "centerId": "6091fcc3-3b14-430e-8d28-0907aa1db98d",
  "currentFlag": "red",
  "expiresAt": null,
  "setByRole": "center_admin"
}
2025-07-19 09:08:49 [[32minfo[39m]: Safety flag auto-update check completed for center {
  "service": "beach-safety-api",
  "centerId": "6091fcc3-3b14-430e-8d28-0907aa1db98d",
  "centerName": "Takelsa",
  "currentFlag": "red",
  "reason": "Manual flag still valid"
}
2025-07-19 09:08:49 [[32minfo[39m]: Raw OpenWeatherMap API response {
  "service": "beach-safety-api",
  "centerId": "f350b731-2da6-4e3d-9a9d-5fa3c8c985ab",
  "centerName": "Djerba Beach Safety Center",
  "coordinates": {
    "lat": 33.8167,
    "lng": 10.85
  },
  "visibility": 10000,
  "weather_condition": "Clear",
  "temperature": 29.94,
  "wind_speed": 3.09,
  "humidity": 66,
  "pressure": 1014,
  "raw_response": {
    "visibility": 10000,
    "weather": [
      {
        "id": 800,
        "main": "Clear",
        "description": "clear sky",
        "icon": "01d"
      }
    ],
    "main": {
      "temp": 29.94,
      "feels_like": 33.97,
      "temp_min": 29.94,
      "temp_max": 29.94,
      "pressure": 1014,
      "humidity": 66,
      "sea_level": 1014,
      "grnd_level": 1013
    },
    "wind": {
      "speed": 3.09,
      "deg": 60
    }
  }
}
2025-07-19 09:08:49 [[32minfo[39m]: Simulated marine data {
  "service": "beach-safety-api",
  "wave_height": 0.64,
  "current_speed": 0.5
}
2025-07-19 09:08:49 [[32minfo[39m]: Transformed weather data {
  "service": "beach-safety-api",
  "centerId": "f350b731-2da6-4e3d-9a9d-5fa3c8c985ab",
  "centerName": "Djerba Beach Safety Center",
  "original_visibility_meters": 10000,
  "transformed_visibility_km": 10,
  "temperature": 29.94,
  "wind_speed": 3.09,
  "weather_condition": "Clear",
  "wave_height": 0.64,
  "current_speed": 0.5
}
2025-07-19 09:08:49 [[32minfo[39m]: Current weather and marine data fetched and stored {
  "service": "beach-safety-api",
  "centerId": "f350b731-2da6-4e3d-9a9d-5fa3c8c985ab",
  "centerName": "Djerba Beach Safety Center",
  "temperature": 29.94,
  "condition": "Clear",
  "waveHeight": 0.64,
  "currentSpeed": 0.5
}
2025-07-19 09:08:49 [[32minfo[39m]: Weather data for flag determination {
  "service": "beach-safety-api",
  "centerId": "f350b731-2da6-4e3d-9a9d-5fa3c8c985ab",
  "visibility": "10.00",
  "temperature": "29.94",
  "wind_speed": "3.09",
  "wave_height": "0.64",
  "precipitation": "0.00",
  "weather_condition": "Clear"
}
2025-07-19 09:08:49 [[32minfo[39m]: Safety flag updated automatically {
  "service": "beach-safety-api",
  "centerId": "f350b731-2da6-4e3d-9a9d-5fa3c8c985ab",
  "oldFlag": "none",
  "newFlag": "green",
  "reason": "Safe conditions",
  "alerts": 0,
  "triggeredBy": "system",
  "updateReason": "No flag set - setting automatic flag"
}
2025-07-19 09:08:49 [[32minfo[39m]: Safety flag auto-updated for center {
  "service": "beach-safety-api",
  "centerId": "f350b731-2da6-4e3d-9a9d-5fa3c8c985ab",
  "centerName": "Djerba Beach Safety Center",
  "oldFlag": "none",
  "newFlag": "green",
  "reason": "No flag set - setting automatic flag"
}
2025-07-19 09:08:49 [[32minfo[39m]: Raw OpenWeatherMap API response {
  "service": "beach-safety-api",
  "centerId": "6c847017-e5ab-4e48-b987-328d742f7562",
  "centerName": "Sounine",
  "coordinates": {
    "lat": 37.21106722049235,
    "lng": 10.179165601730348
  },
  "visibility": 10000,
  "weather_condition": "Clear",
  "temperature": 27.63,
  "wind_speed": 5.66,
  "humidity": 69,
  "pressure": 1013,
  "raw_response": {
    "visibility": 10000,
    "weather": [
      {
        "id": 800,
        "main": "Clear",
        "description": "clear sky",
        "icon": "01d"
      }
    ],
    "main": {
      "temp": 27.63,
      "feels_like": 29.85,
      "temp_min": 27.63,
      "temp_max": 27.63,
      "pressure": 1013,
      "humidity": 69,
      "sea_level": 1013,
      "grnd_level": 1011
    },
    "wind": {
      "speed": 5.66,
      "deg": 135,
      "gust": 6.98
    }
  }
}
2025-07-19 09:08:49 [[32minfo[39m]: Simulated marine data {
  "service": "beach-safety-api",
  "wave_height": 0.15,
  "current_speed": 0.49
}
2025-07-19 09:08:49 [[32minfo[39m]: Transformed weather data {
  "service": "beach-safety-api",
  "centerId": "6c847017-e5ab-4e48-b987-328d742f7562",
  "centerName": "Sounine",
  "original_visibility_meters": 10000,
  "transformed_visibility_km": 10,
  "temperature": 27.63,
  "wind_speed": 5.66,
  "weather_condition": "Clear",
  "wave_height": 0.15,
  "current_speed": 0.49
}
2025-07-19 09:08:49 [[32minfo[39m]: Current weather and marine data fetched and stored {
  "service": "beach-safety-api",
  "centerId": "6c847017-e5ab-4e48-b987-328d742f7562",
  "centerName": "Sounine",
  "temperature": 27.63,
  "condition": "Clear",
  "waveHeight": 0.15,
  "currentSpeed": 0.49
}
2025-07-19 09:08:49 [[32minfo[39m]: Weather data for flag determination {
  "service": "beach-safety-api",
  "centerId": "6c847017-e5ab-4e48-b987-328d742f7562",
  "visibility": "10.00",
  "temperature": "27.63",
  "wind_speed": "5.66",
  "wave_height": "0.15",
  "precipitation": "0.00",
  "weather_condition": "Clear"
}
2025-07-19 09:08:49 [[32minfo[39m]: Safety flag updated automatically {
  "service": "beach-safety-api",
  "centerId": "6c847017-e5ab-4e48-b987-328d742f7562",
  "oldFlag": "none",
  "newFlag": "green",
  "reason": "Safe conditions",
  "alerts": 0,
  "triggeredBy": "system",
  "updateReason": "No flag set - setting automatic flag"
}
2025-07-19 09:08:49 [[32minfo[39m]: Safety flag auto-updated for center {
  "service": "beach-safety-api",
  "centerId": "6c847017-e5ab-4e48-b987-328d742f7562",
  "centerName": "Sounine",
  "oldFlag": "none",
  "newFlag": "green",
  "reason": "No flag set - setting automatic flag"
}
2025-07-19 09:08:50 [[32minfo[39m]: Raw OpenWeatherMap API response {
  "service": "beach-safety-api",
  "centerId": "6091fcc3-3b14-430e-8d28-0907aa1db98d",
  "centerName": "Takelsa",
  "coordinates": {
    "lat": 36.882154463,
    "lng": 10.608962774
  },
  "visibility": 10000,
  "weather_condition": "Clear",
  "temperature": 29.37,
  "wind_speed": 3.7,
  "humidity": 59,
  "pressure": 1013,
  "raw_response": {
    "visibility": 10000,
    "weather": [
      {
        "id": 800,
        "main": "Clear",
        "description": "clear sky",
        "icon": "01d"
      }
    ],
    "main": {
      "temp": 29.37,
      "feels_like": 31.51,
      "temp_min": 29.37,
      "temp_max": 29.37,
      "pressure": 1013,
      "humidity": 59,
      "sea_level": 1013,
      "grnd_level": 1008
    },
    "wind": {
      "speed": 3.7,
      "deg": 158,
      "gust": 4.03
    }
  }
}
2025-07-19 09:08:50 [[32minfo[39m]: Simulated marine data {
  "service": "beach-safety-api",
  "wave_height": 0.68,
  "current_speed": 0.33
}
2025-07-19 09:08:50 [[32minfo[39m]: Transformed weather data {
  "service": "beach-safety-api",
  "centerId": "6091fcc3-3b14-430e-8d28-0907aa1db98d",
  "centerName": "Takelsa",
  "original_visibility_meters": 10000,
  "transformed_visibility_km": 10,
  "temperature": 29.37,
  "wind_speed": 3.7,
  "weather_condition": "Clear",
  "wave_height": 0.68,
  "current_speed": 0.33
}
2025-07-19 09:08:50 [[32minfo[39m]: Raw OpenWeatherMap API response {
  "service": "beach-safety-api",
  "centerId": "2c140dc1-5fac-4efe-80e3-2ad63dea6b8f",
  "centerName": "maamoura",
  "coordinates": {
    "lat": 36.50415378724642,
    "lng": 10.810546875000002
  },
  "visibility": 10000,
  "weather_condition": "Clear",
  "temperature": 28.12,
  "wind_speed": 4.41,
  "humidity": 71,
  "pressure": 1014,
  "raw_response": {
    "visibility": 10000,
    "weather": [
      {
        "id": 800,
        "main": "Clear",
        "description": "clear sky",
        "icon": "01d"
      }
    ],
    "main": {
      "temp": 28.12,
      "feels_like": 31.04,
      "temp_min": 28.12,
      "temp_max": 28.12,
      "pressure": 1014,
      "humidity": 71,
      "sea_level": 1014,
      "grnd_level": 1008
    },
    "wind": {
      "speed": 4.41,
      "deg": 180,
      "gust": 4.51
    }
  }
}
2025-07-19 09:08:50 [[32minfo[39m]: Simulated marine data {
  "service": "beach-safety-api",
  "wave_height": 0.4,
  "current_speed": 0.19
}
2025-07-19 09:08:50 [[32minfo[39m]: Transformed weather data {
  "service": "beach-safety-api",
  "centerId": "2c140dc1-5fac-4efe-80e3-2ad63dea6b8f",
  "centerName": "maamoura",
  "original_visibility_meters": 10000,
  "transformed_visibility_km": 10,
  "temperature": 28.12,
  "wind_speed": 4.41,
  "weather_condition": "Clear",
  "wave_height": 0.4,
  "current_speed": 0.19
}
2025-07-19 09:08:50 [[32minfo[39m]: Current weather and marine data fetched and stored {
  "service": "beach-safety-api",
  "centerId": "6091fcc3-3b14-430e-8d28-0907aa1db98d",
  "centerName": "Takelsa",
  "temperature": 29.37,
  "condition": "Clear",
  "waveHeight": 0.68,
  "currentSpeed": 0.33
}
2025-07-19 09:08:50 [[32minfo[39m]: Weather update emitted {
  "service": "beach-safety-api",
  "centerId": "6091fcc3-3b14-430e-8d28-0907aa1db98d"
}
2025-07-19 09:08:50 [[32minfo[39m]: Weather update sent to center {
  "service": "beach-safety-api",
  "centerId": "6091fcc3-3b14-430e-8d28-0907aa1db98d",
  "centerName": "Takelsa"
}
2025-07-19 09:08:50 [[32minfo[39m]: Weather updates completed for all centers {
  "service": "beach-safety-api"
}
2025-07-19 09:08:50 [[32minfo[39m]: Scheduled weather update cycle completed {
  "service": "beach-safety-api"
}
2025-07-19 09:08:50 [[32minfo[39m]: Current weather and marine data fetched and stored {
  "service": "beach-safety-api",
  "centerId": "2c140dc1-5fac-4efe-80e3-2ad63dea6b8f",
  "centerName": "maamoura",
  "temperature": 28.12,
  "condition": "Clear",
  "waveHeight": 0.4,
  "currentSpeed": 0.19
}
2025-07-19 09:08:50 [[32minfo[39m]: Weather data for flag determination {
  "service": "beach-safety-api",
  "centerId": "2c140dc1-5fac-4efe-80e3-2ad63dea6b8f",
  "visibility": "10.00",
  "temperature": "28.12",
  "wind_speed": "4.41",
  "wave_height": "0.40",
  "precipitation": "0.00",
  "weather_condition": "Clear"
}
2025-07-19 09:08:50 [[32minfo[39m]: Safety flag updated automatically {
  "service": "beach-safety-api",
  "centerId": "2c140dc1-5fac-4efe-80e3-2ad63dea6b8f",
  "oldFlag": "none",
  "newFlag": "green",
  "reason": "Safe conditions",
  "alerts": 0,
  "triggeredBy": "system",
  "updateReason": "No flag set - setting automatic flag"
}
2025-07-19 09:08:50 [[32minfo[39m]: Safety flag auto-updated for center {
  "service": "beach-safety-api",
  "centerId": "2c140dc1-5fac-4efe-80e3-2ad63dea6b8f",
  "centerName": "maamoura",
  "oldFlag": "none",
  "newFlag": "green",
  "reason": "No flag set - setting automatic flag"
}
2025-07-19 09:08:50 [[32minfo[39m]: Scheduled safety flag auto-update cycle completed {
  "service": "beach-safety-api"
}
2025-07-19 09:09:50 [[32minfo[39m]: Connected to PostgreSQL database {
  "service": "beach-safety-api"
}
2025-07-19 09:09:50 [[32minfo[39m]: User logged in successfully {
  "service": "beach-safety-api",
  "userId": "931bebab-91e8-4410-b59b-0b74cf421093",
  "email": "monastir.lifeguard1@beachsafety.com",
  "role": "lifeguard"
}
2025-07-19 09:09:50 [[32minfo[39m]: ::ffff:127.0.0.1 - - [19/Jul/2025:08:09:50 +0000] "POST /api/v1/auth/login HTTP/1.1" 200 1046 "http://localhost:3000/" "Mozilla/5.0 (X11; Ubuntu; Linux x86_64; rv:136.0) Gecko/20100101 Firefox/136.0" {
  "service": "beach-safety-api"
}
2025-07-19 09:09:50 [[32minfo[39m]: Client connected {
  "service": "beach-safety-api",
  "socketId": "WLMKrK7CpMmj0jpYAAAC"
}
2025-07-19 09:09:50 [[32minfo[39m]: Client joined center room {
  "service": "beach-safety-api",
  "socketId": "WLMKrK7CpMmj0jpYAAAC",
  "centerId": "5897994c-3d0f-4bcf-9624-3103ddffdcf4"
}
2025-07-19 09:09:50 [[32minfo[39m]: ::ffff:127.0.0.1 - - [19/Jul/2025:08:09:50 +0000] "GET /api/v1/shifts/current/b6eb4dd0-76ee-411f-9f64-544c35d6ef66 HTTP/1.1" 404 52 "http://localhost:3000/" "Mozilla/5.0 (X11; Ubuntu; Linux x86_64; rv:136.0) Gecko/20100101 Firefox/136.0" {
  "service": "beach-safety-api"
}
2025-07-19 09:09:51 [[32minfo[39m]: ::ffff:127.0.0.1 - - [19/Jul/2025:08:09:51 +0000] "GET /api/v1/shifts/current/b6eb4dd0-76ee-411f-9f64-544c35d6ef66 HTTP/1.1" 404 52 "http://localhost:3000/" "Mozilla/5.0 (X11; Ubuntu; Linux x86_64; rv:136.0) Gecko/20100101 Firefox/136.0" {
  "service": "beach-safety-api"
}
2025-07-19 09:09:51 [[32minfo[39m]: Client connected {
  "service": "beach-safety-api",
  "socketId": "tXWNjUXKAGzqLj3JAAAE"
}
2025-07-19 09:09:51 [[32minfo[39m]: Client joined center room {
  "service": "beach-safety-api",
  "socketId": "tXWNjUXKAGzqLj3JAAAE",
  "centerId": "5897994c-3d0f-4bcf-9624-3103ddffdcf4"
}
2025-07-19 09:09:51 [[32minfo[39m]: Client connected {
  "service": "beach-safety-api",
  "socketId": "4xeEvxIbW0deury2AAAG"
}
2025-07-19 09:09:51 [[32minfo[39m]: ::ffff:127.0.0.1 - - [19/Jul/2025:08:09:51 +0000] "GET /api/v1/alerts HTTP/1.1" 200 2567 "http://localhost:3000/" "Mozilla/5.0 (X11; Ubuntu; Linux x86_64; rv:136.0) Gecko/20100101 Firefox/136.0" {
  "service": "beach-safety-api"
}
2025-07-19 09:09:51 [[32minfo[39m]: Connected to PostgreSQL database {
  "service": "beach-safety-api"
}
2025-07-19 09:09:51 [[32minfo[39m]: ::ffff:127.0.0.1 - - [19/Jul/2025:08:09:51 +0000] "GET /api/v1/alerts HTTP/1.1" 200 2567 "http://localhost:3000/" "Mozilla/5.0 (X11; Ubuntu; Linux x86_64; rv:136.0) Gecko/20100101 Firefox/136.0" {
  "service": "beach-safety-api"
}
2025-07-19 09:09:51 [[32minfo[39m]: Raw OpenWeatherMap API response {
  "service": "beach-safety-api",
  "centerId": "5897994c-3d0f-4bcf-9624-3103ddffdcf4",
  "centerName": "Monastir Beach Safety Center",
  "coordinates": {
    "lat": 35.7667,
    "lng": 10.8333
  },
  "visibility": 8000,
  "weather_condition": "Clear",
  "temperature": 28.91,
  "wind_speed": 2.06,
  "humidity": 65,
  "pressure": 1014,
  "raw_response": {
    "visibility": 8000,
    "weather": [
      {
        "id": 800,
        "main": "Clear",
        "description": "clear sky",
        "icon": "01d"
      }
    ],
    "main": {
      "temp": 28.91,
      "feels_like": 31.67,
      "temp_min": 28.91,
      "temp_max": 28.91,
      "pressure": 1014,
      "humidity": 65,
      "sea_level": 1014,
      "grnd_level": 1012
    },
    "wind": {
      "speed": 2.06,
      "deg": 170
    }
  }
}
2025-07-19 09:09:51 [[32minfo[39m]: Simulated marine data {
  "service": "beach-safety-api",
  "wave_height": 0.24,
  "current_speed": 0.27
}
2025-07-19 09:09:51 [[32minfo[39m]: Transformed weather data {
  "service": "beach-safety-api",
  "centerId": "5897994c-3d0f-4bcf-9624-3103ddffdcf4",
  "centerName": "Monastir Beach Safety Center",
  "original_visibility_meters": 8000,
  "transformed_visibility_km": 8,
  "temperature": 28.91,
  "wind_speed": 2.06,
  "weather_condition": "Clear",
  "wave_height": 0.24,
  "current_speed": 0.27
}
2025-07-19 09:09:51 [[32minfo[39m]: Current weather and marine data fetched and stored {
  "service": "beach-safety-api",
  "centerId": "5897994c-3d0f-4bcf-9624-3103ddffdcf4",
  "centerName": "Monastir Beach Safety Center",
  "temperature": 28.91,
  "condition": "Clear",
  "waveHeight": 0.24,
  "currentSpeed": 0.27
}
2025-07-19 09:09:51 [[32minfo[39m]: ::ffff:127.0.0.1 - - [19/Jul/2025:08:09:51 +0000] "GET /api/v1/weather/centers/5897994c-3d0f-4bcf-9624-3103ddffdcf4/current HTTP/1.1" 200 569 "http://localhost:3000/" "Mozilla/5.0 (X11; Ubuntu; Linux x86_64; rv:136.0) Gecko/20100101 Firefox/136.0" {
  "service": "beach-safety-api"
}
2025-07-19 09:09:51 [[32minfo[39m]: Raw OpenWeatherMap API response {
  "service": "beach-safety-api",
  "centerId": "5897994c-3d0f-4bcf-9624-3103ddffdcf4",
  "centerName": "Monastir Beach Safety Center",
  "coordinates": {
    "lat": 35.7667,
    "lng": 10.8333
  },
  "visibility": 8000,
  "weather_condition": "Clear",
  "temperature": 28.91,
  "wind_speed": 2.06,
  "humidity": 65,
  "pressure": 1014,
  "raw_response": {
    "visibility": 8000,
    "weather": [
      {
        "id": 800,
        "main": "Clear",
        "description": "clear sky",
        "icon": "01d"
      }
    ],
    "main": {
      "temp": 28.91,
      "feels_like": 31.67,
      "temp_min": 28.91,
      "temp_max": 28.91,
      "pressure": 1014,
      "humidity": 65,
      "sea_level": 1014,
      "grnd_level": 1012
    },
    "wind": {
      "speed": 2.06,
      "deg": 170
    }
  }
}
2025-07-19 09:09:51 [[32minfo[39m]: Simulated marine data {
  "service": "beach-safety-api",
  "wave_height": 0.61,
  "current_speed": 0.53
}
2025-07-19 09:09:51 [[32minfo[39m]: Transformed weather data {
  "service": "beach-safety-api",
  "centerId": "5897994c-3d0f-4bcf-9624-3103ddffdcf4",
  "centerName": "Monastir Beach Safety Center",
  "original_visibility_meters": 8000,
  "transformed_visibility_km": 8,
  "temperature": 28.91,
  "wind_speed": 2.06,
  "weather_condition": "Clear",
  "wave_height": 0.61,
  "current_speed": 0.53
}
2025-07-19 09:09:51 [[32minfo[39m]: Current weather and marine data fetched and stored {
  "service": "beach-safety-api",
  "centerId": "5897994c-3d0f-4bcf-9624-3103ddffdcf4",
  "centerName": "Monastir Beach Safety Center",
  "temperature": 28.91,
  "condition": "Clear",
  "waveHeight": 0.61,
  "currentSpeed": 0.53
}
2025-07-19 09:09:51 [[32minfo[39m]: ::ffff:127.0.0.1 - - [19/Jul/2025:08:09:51 +0000] "GET /api/v1/weather/centers/5897994c-3d0f-4bcf-9624-3103ddffdcf4/current HTTP/1.1" 200 569 "http://localhost:3000/" "Mozilla/5.0 (X11; Ubuntu; Linux x86_64; rv:136.0) Gecko/20100101 Firefox/136.0" {
  "service": "beach-safety-api"
}
2025-07-19 09:09:52 [[32minfo[39m]: Weather forecast fetched and stored {
  "service": "beach-safety-api",
  "centerId": "5897994c-3d0f-4bcf-9624-3103ddffdcf4",
  "centerName": "Monastir Beach Safety Center",
  "forecastDays": 6
}
2025-07-19 09:09:52 [[32minfo[39m]: ::ffff:127.0.0.1 - - [19/Jul/2025:08:09:52 +0000] "GET /api/v1/weather/centers/5897994c-3d0f-4bcf-9624-3103ddffdcf4/forecast HTTP/1.1" 200 945 "http://localhost:3000/" "Mozilla/5.0 (X11; Ubuntu; Linux x86_64; rv:136.0) Gecko/20100101 Firefox/136.0" {
  "service": "beach-safety-api"
}
2025-07-19 09:09:52 [[32minfo[39m]: Weather forecast fetched and stored {
  "service": "beach-safety-api",
  "centerId": "5897994c-3d0f-4bcf-9624-3103ddffdcf4",
  "centerName": "Monastir Beach Safety Center",
  "forecastDays": 6
}
2025-07-19 09:09:52 [[32minfo[39m]: ::ffff:127.0.0.1 - - [19/Jul/2025:08:09:52 +0000] "GET /api/v1/weather/centers/5897994c-3d0f-4bcf-9624-3103ddffdcf4/forecast HTTP/1.1" 200 945 "http://localhost:3000/" "Mozilla/5.0 (X11; Ubuntu; Linux x86_64; rv:136.0) Gecko/20100101 Firefox/136.0" {
  "service": "beach-safety-api"
}
2025-07-19 09:09:53 [[32minfo[39m]: Client disconnected {
  "service": "beach-safety-api",
  "socketId": "tXWNjUXKAGzqLj3JAAAE"
}
2025-07-19 09:09:53 [[32minfo[39m]: ::ffff:127.0.0.1 - - [19/Jul/2025:08:09:53 +0000] "GET /api/v1/alerts HTTP/1.1" 304 - "http://localhost:3000/" "Mozilla/5.0 (X11; Ubuntu; Linux x86_64; rv:136.0) Gecko/20100101 Firefox/136.0" {
  "service": "beach-safety-api"
}
2025-07-19 09:09:53 [[32minfo[39m]: ::ffff:127.0.0.1 - - [19/Jul/2025:08:09:53 +0000] "GET /api/v1/alerts HTTP/1.1" 200 2567 "http://localhost:3000/" "Mozilla/5.0 (X11; Ubuntu; Linux x86_64; rv:136.0) Gecko/20100101 Firefox/136.0" {
  "service": "beach-safety-api"
}
2025-07-19 09:10:00 [[32minfo[39m]: User logged out {
  "service": "beach-safety-api",
  "userId": "931bebab-91e8-4410-b59b-0b74cf421093"
}
2025-07-19 09:10:00 [[32minfo[39m]: ::ffff:127.0.0.1 - - [19/Jul/2025:08:10:00 +0000] "POST /api/v1/auth/logout HTTP/1.1" 200 52 "http://localhost:3000/" "Mozilla/5.0 (X11; Ubuntu; Linux x86_64; rv:136.0) Gecko/20100101 Firefox/136.0" {
  "service": "beach-safety-api"
}
2025-07-19 09:10:00 [[32minfo[39m]: Client disconnected {
  "service": "beach-safety-api",
  "socketId": "4xeEvxIbW0deury2AAAG"
}
2025-07-19 09:10:06 [[32minfo[39m]: User logged in successfully {
  "service": "beach-safety-api",
  "userId": "0831e676-0b8f-463c-b182-2d3a062f5802",
  "email": "hammamet.lifeguard2@beachsafety.com",
  "role": "lifeguard"
}
2025-07-19 09:10:06 [[32minfo[39m]: ::ffff:127.0.0.1 - - [19/Jul/2025:08:10:06 +0000] "POST /api/v1/auth/login HTTP/1.1" 200 1043 "http://localhost:3000/" "Mozilla/5.0 (X11; Ubuntu; Linux x86_64; rv:136.0) Gecko/20100101 Firefox/136.0" {
  "service": "beach-safety-api"
}
2025-07-19 09:10:06 [[32minfo[39m]: Client connected {
  "service": "beach-safety-api",
  "socketId": "4MuL-qJBNVvDp7A0AAAJ"
}
2025-07-19 09:10:06 [[32minfo[39m]: Client joined center room {
  "service": "beach-safety-api",
  "socketId": "4MuL-qJBNVvDp7A0AAAJ",
  "centerId": "efe6b507-ecd3-4eac-bd21-82cbe1125cc0"
}
2025-07-19 09:10:06 [[32minfo[39m]: Retrieved lifeguard current shift {
  "service": "beach-safety-api",
  "lifeguardId": "a0ad886c-b5de-45de-8e03-bc60b4ab7c77",
  "userId": "0831e676-0b8f-463c-b182-2d3a062f5802",
  "shiftId": "de389681-a4be-473a-a389-8d641e5cd91f"
}
2025-07-19 09:10:06 [[32minfo[39m]: ::ffff:127.0.0.1 - - [19/Jul/2025:08:10:06 +0000] "GET /api/v1/shifts/current/a0ad886c-b5de-45de-8e03-bc60b4ab7c77 HTTP/1.1" 200 412 "http://localhost:3000/" "Mozilla/5.0 (X11; Ubuntu; Linux x86_64; rv:136.0) Gecko/20100101 Firefox/136.0" {
  "service": "beach-safety-api"
}
2025-07-19 09:10:06 [[32minfo[39m]: Retrieved lifeguard current shift {
  "service": "beach-safety-api",
  "lifeguardId": "a0ad886c-b5de-45de-8e03-bc60b4ab7c77",
  "userId": "0831e676-0b8f-463c-b182-2d3a062f5802",
  "shiftId": "de389681-a4be-473a-a389-8d641e5cd91f"
}
2025-07-19 09:10:06 [[32minfo[39m]: ::ffff:127.0.0.1 - - [19/Jul/2025:08:10:06 +0000] "GET /api/v1/shifts/current/a0ad886c-b5de-45de-8e03-bc60b4ab7c77 HTTP/1.1" 200 412 "http://localhost:3000/" "Mozilla/5.0 (X11; Ubuntu; Linux x86_64; rv:136.0) Gecko/20100101 Firefox/136.0" {
  "service": "beach-safety-api"
}
2025-07-19 09:10:06 [[32minfo[39m]: ::ffff:127.0.0.1 - - [19/Jul/2025:08:10:06 +0000] "GET /api/v1/alerts HTTP/1.1" 200 5911 "http://localhost:3000/" "Mozilla/5.0 (X11; Ubuntu; Linux x86_64; rv:136.0) Gecko/20100101 Firefox/136.0" {
  "service": "beach-safety-api"
}
2025-07-19 09:10:06 [[32minfo[39m]: ::ffff:127.0.0.1 - - [19/Jul/2025:08:10:06 +0000] "GET /api/v1/alerts HTTP/1.1" 200 5911 "http://localhost:3000/" "Mozilla/5.0 (X11; Ubuntu; Linux x86_64; rv:136.0) Gecko/20100101 Firefox/136.0" {
  "service": "beach-safety-api"
}
2025-07-19 09:10:06 [[32minfo[39m]: Client connected {
  "service": "beach-safety-api",
  "socketId": "iUa6dbRN_NnX3GB4AAAM"
}
2025-07-19 09:10:06 [[32minfo[39m]: Client connected {
  "service": "beach-safety-api",
  "socketId": "Y1xhYtQyWhRhQioiAAAN"
}
2025-07-19 09:10:06 [[32minfo[39m]: Client joined center room {
  "service": "beach-safety-api",
  "socketId": "iUa6dbRN_NnX3GB4AAAM",
  "centerId": "efe6b507-ecd3-4eac-bd21-82cbe1125cc0"
}
2025-07-19 09:10:07 [[32minfo[39m]: Raw OpenWeatherMap API response {
  "service": "beach-safety-api",
  "centerId": "efe6b507-ecd3-4eac-bd21-82cbe1125cc0",
  "centerName": "Hammamet Beach Safety Center",
  "coordinates": {
    "lat": 36.4,
    "lng": 10.6167
  },
  "visibility": 10000,
  "weather_condition": "Clear",
  "temperature": 28.2,
  "wind_speed": 4.17,
  "humidity": 67,
  "pressure": 1014,
  "raw_response": {
    "visibility": 10000,
    "weather": [
      {
        "id": 800,
        "main": "Clear",
        "description": "clear sky",
        "icon": "01d"
      }
    ],
    "main": {
      "temp": 28.2,
      "feels_like": 30.64,
      "temp_min": 28.2,
      "temp_max": 28.2,
      "pressure": 1014,
      "humidity": 67,
      "sea_level": 1014,
      "grnd_level": 1005
    },
    "wind": {
      "speed": 4.17,
      "deg": 180,
      "gust": 4.51
    }
  }
}
2025-07-19 09:10:07 [[32minfo[39m]: Simulated marine data {
  "service": "beach-safety-api",
  "wave_height": 0.52,
  "current_speed": 0.38
}
2025-07-19 09:10:07 [[32minfo[39m]: Transformed weather data {
  "service": "beach-safety-api",
  "centerId": "efe6b507-ecd3-4eac-bd21-82cbe1125cc0",
  "centerName": "Hammamet Beach Safety Center",
  "original_visibility_meters": 10000,
  "transformed_visibility_km": 10,
  "temperature": 28.2,
  "wind_speed": 4.17,
  "weather_condition": "Clear",
  "wave_height": 0.52,
  "current_speed": 0.38
}
2025-07-19 09:10:07 [[32minfo[39m]: Raw OpenWeatherMap API response {
  "service": "beach-safety-api",
  "centerId": "efe6b507-ecd3-4eac-bd21-82cbe1125cc0",
  "centerName": "Hammamet Beach Safety Center",
  "coordinates": {
    "lat": 36.4,
    "lng": 10.6167
  },
  "visibility": 10000,
  "weather_condition": "Clear",
  "temperature": 28.2,
  "wind_speed": 4.17,
  "humidity": 67,
  "pressure": 1014,
  "raw_response": {
    "visibility": 10000,
    "weather": [
      {
        "id": 800,
        "main": "Clear",
        "description": "clear sky",
        "icon": "01d"
      }
    ],
    "main": {
      "temp": 28.2,
      "feels_like": 30.64,
      "temp_min": 28.2,
      "temp_max": 28.2,
      "pressure": 1014,
      "humidity": 67,
      "sea_level": 1014,
      "grnd_level": 1005
    },
    "wind": {
      "speed": 4.17,
      "deg": 180,
      "gust": 4.51
    }
  }
}
2025-07-19 09:10:07 [[32minfo[39m]: Simulated marine data {
  "service": "beach-safety-api",
  "wave_height": 0.59,
  "current_speed": 0.25
}
2025-07-19 09:10:07 [[32minfo[39m]: Transformed weather data {
  "service": "beach-safety-api",
  "centerId": "efe6b507-ecd3-4eac-bd21-82cbe1125cc0",
  "centerName": "Hammamet Beach Safety Center",
  "original_visibility_meters": 10000,
  "transformed_visibility_km": 10,
  "temperature": 28.2,
  "wind_speed": 4.17,
  "weather_condition": "Clear",
  "wave_height": 0.59,
  "current_speed": 0.25
}
2025-07-19 09:10:07 [[32minfo[39m]: Current weather and marine data fetched and stored {
  "service": "beach-safety-api",
  "centerId": "efe6b507-ecd3-4eac-bd21-82cbe1125cc0",
  "centerName": "Hammamet Beach Safety Center",
  "temperature": 28.2,
  "condition": "Clear",
  "waveHeight": 0.52,
  "currentSpeed": 0.38
}
2025-07-19 09:10:07 [[32minfo[39m]: ::ffff:127.0.0.1 - - [19/Jul/2025:08:10:07 +0000] "GET /api/v1/weather/centers/efe6b507-ecd3-4eac-bd21-82cbe1125cc0/current HTTP/1.1" 200 570 "http://localhost:3000/" "Mozilla/5.0 (X11; Ubuntu; Linux x86_64; rv:136.0) Gecko/20100101 Firefox/136.0" {
  "service": "beach-safety-api"
}
2025-07-19 09:10:07 [[32minfo[39m]: Current weather and marine data fetched and stored {
  "service": "beach-safety-api",
  "centerId": "efe6b507-ecd3-4eac-bd21-82cbe1125cc0",
  "centerName": "Hammamet Beach Safety Center",
  "temperature": 28.2,
  "condition": "Clear",
  "waveHeight": 0.59,
  "currentSpeed": 0.25
}
2025-07-19 09:10:07 [[32minfo[39m]: ::ffff:127.0.0.1 - - [19/Jul/2025:08:10:07 +0000] "GET /api/v1/weather/centers/efe6b507-ecd3-4eac-bd21-82cbe1125cc0/current HTTP/1.1" 200 570 "http://localhost:3000/" "Mozilla/5.0 (X11; Ubuntu; Linux x86_64; rv:136.0) Gecko/20100101 Firefox/136.0" {
  "service": "beach-safety-api"
}
2025-07-19 09:10:08 [[32minfo[39m]: Weather forecast fetched and stored {
  "service": "beach-safety-api",
  "centerId": "efe6b507-ecd3-4eac-bd21-82cbe1125cc0",
  "centerName": "Hammamet Beach Safety Center",
  "forecastDays": 6
}
2025-07-19 09:10:08 [[32minfo[39m]: ::ffff:127.0.0.1 - - [19/Jul/2025:08:10:08 +0000] "GET /api/v1/weather/centers/efe6b507-ecd3-4eac-bd21-82cbe1125cc0/forecast HTTP/1.1" 200 943 "http://localhost:3000/" "Mozilla/5.0 (X11; Ubuntu; Linux x86_64; rv:136.0) Gecko/20100101 Firefox/136.0" {
  "service": "beach-safety-api"
}
2025-07-19 09:10:08 [[32minfo[39m]: Weather forecast fetched and stored {
  "service": "beach-safety-api",
  "centerId": "efe6b507-ecd3-4eac-bd21-82cbe1125cc0",
  "centerName": "Hammamet Beach Safety Center",
  "forecastDays": 6
}
2025-07-19 09:10:08 [[32minfo[39m]: ::ffff:127.0.0.1 - - [19/Jul/2025:08:10:08 +0000] "GET /api/v1/weather/centers/efe6b507-ecd3-4eac-bd21-82cbe1125cc0/forecast HTTP/1.1" 200 943 "http://localhost:3000/" "Mozilla/5.0 (X11; Ubuntu; Linux x86_64; rv:136.0) Gecko/20100101 Firefox/136.0" {
  "service": "beach-safety-api"
}
2025-07-19 09:10:13 [[32minfo[39m]: Client disconnected {
  "service": "beach-safety-api",
  "socketId": "iUa6dbRN_NnX3GB4AAAM"
}
2025-07-19 09:10:13 [[32minfo[39m]: Retrieved lifeguard own shifts {
  "service": "beach-safety-api",
  "lifeguardId": "a0ad886c-b5de-45de-8e03-bc60b4ab7c77",
  "userId": "0831e676-0b8f-463c-b182-2d3a062f5802",
  "count": 31
}
2025-07-19 09:10:13 [[32minfo[39m]: ::ffff:127.0.0.1 - - [19/Jul/2025:08:10:13 +0000] "GET /api/v1/shifts/my-shifts HTTP/1.1" 200 12346 "http://localhost:3000/" "Mozilla/5.0 (X11; Ubuntu; Linux x86_64; rv:136.0) Gecko/20100101 Firefox/136.0" {
  "service": "beach-safety-api"
}
2025-07-19 09:10:13 [[32minfo[39m]: Retrieved lifeguard own shifts {
  "service": "beach-safety-api",
  "lifeguardId": "a0ad886c-b5de-45de-8e03-bc60b4ab7c77",
  "userId": "0831e676-0b8f-463c-b182-2d3a062f5802",
  "count": 31
}
2025-07-19 09:10:13 [[32minfo[39m]: ::ffff:127.0.0.1 - - [19/Jul/2025:08:10:13 +0000] "GET /api/v1/shifts/my-shifts HTTP/1.1" 200 12346 "http://localhost:3000/" "Mozilla/5.0 (X11; Ubuntu; Linux x86_64; rv:136.0) Gecko/20100101 Firefox/136.0" {
  "service": "beach-safety-api"
}
2025-07-19 09:10:21 [[32minfo[39m]: ::ffff:127.0.0.1 - - [19/Jul/2025:08:10:21 +0000] "POST /api/v1/shifts/de389681-a4be-473a-a389-8d641e5cd91f/check-in HTTP/1.1" 400 96 "http://localhost:3000/" "Mozilla/5.0 (X11; Ubuntu; Linux x86_64; rv:136.0) Gecko/20100101 Firefox/136.0" {
  "service": "beach-safety-api"
}
2025-07-19 09:10:30 [[32minfo[39m]: ::ffff:127.0.0.1 - - [19/Jul/2025:08:10:30 +0000] "POST /api/v1/shifts/de389681-a4be-473a-a389-8d641e5cd91f/check-in HTTP/1.1" 400 96 "http://localhost:3000/" "Mozilla/5.0 (X11; Ubuntu; Linux x86_64; rv:136.0) Gecko/20100101 Firefox/136.0" {
  "service": "beach-safety-api"
}
2025-07-19 09:10:44 [[32minfo[39m]: User logged out {
  "service": "beach-safety-api",
  "userId": "0831e676-0b8f-463c-b182-2d3a062f5802"
}
2025-07-19 09:10:44 [[32minfo[39m]: ::ffff:127.0.0.1 - - [19/Jul/2025:08:10:44 +0000] "POST /api/v1/auth/logout HTTP/1.1" 200 52 "http://localhost:3000/" "Mozilla/5.0 (X11; Ubuntu; Linux x86_64; rv:136.0) Gecko/20100101 Firefox/136.0" {
  "service": "beach-safety-api"
}
2025-07-19 09:10:45 [[32minfo[39m]: Client disconnected {
  "service": "beach-safety-api",
  "socketId": "Y1xhYtQyWhRhQioiAAAN"
}
2025-07-19 09:10:53 [[32minfo[39m]: User logged in successfully {
  "service": "beach-safety-api",
  "userId": "ed748b3b-160e-4ab2-be0b-f6c973d65eba",
  "email": "hammamet.admin@beachsafety.com",
  "role": "center_admin"
}
2025-07-19 09:10:53 [[32minfo[39m]: ::ffff:127.0.0.1 - - [19/Jul/2025:08:10:53 +0000] "POST /api/v1/auth/login HTTP/1.1" 200 650 "http://localhost:3000/" "Mozilla/5.0 (X11; Ubuntu; Linux x86_64; rv:136.0) Gecko/20100101 Firefox/136.0" {
  "service": "beach-safety-api"
}
2025-07-19 09:10:54 [[32minfo[39m]: ::ffff:127.0.0.1 - - [19/Jul/2025:08:10:54 +0000] "GET /api/v1/centers/efe6b507-ecd3-4eac-bd21-82cbe1125cc0 HTTP/1.1" 304 - "http://localhost:3000/" "Mozilla/5.0 (X11; Ubuntu; Linux x86_64; rv:136.0) Gecko/20100101 Firefox/136.0" {
  "service": "beach-safety-api"
}
2025-07-19 09:10:54 [[32minfo[39m]: ::ffff:127.0.0.1 - - [19/Jul/2025:08:10:54 +0000] "GET /api/v1/centers/efe6b507-ecd3-4eac-bd21-82cbe1125cc0 HTTP/1.1" 304 - "http://localhost:3000/" "Mozilla/5.0 (X11; Ubuntu; Linux x86_64; rv:136.0) Gecko/20100101 Firefox/136.0" {
  "service": "beach-safety-api"
}
2025-07-19 09:10:54 [[32minfo[39m]: Client connected {
  "service": "beach-safety-api",
  "socketId": "Vrs0ynrDLF-MoFK7AAAQ"
}
2025-07-19 09:10:54 [[32minfo[39m]: Client connected {
  "service": "beach-safety-api",
  "socketId": "S0tjFjSJUDdJJ3-cAAAR"
}
2025-07-19 09:10:54 [[32minfo[39m]: Client joined center room {
  "service": "beach-safety-api",
  "socketId": "Vrs0ynrDLF-MoFK7AAAQ",
  "centerId": "efe6b507-ecd3-4eac-bd21-82cbe1125cc0"
}
2025-07-19 09:10:54 [[32minfo[39m]: Retrieved lifeguards for center {
  "service": "beach-safety-api",
  "centerId": "efe6b507-ecd3-4eac-bd21-82cbe1125cc0",
  "count": 3,
  "adminId": "ed748b3b-160e-4ab2-be0b-f6c973d65eba"
}
2025-07-19 09:10:54 [[32minfo[39m]: ::ffff:127.0.0.1 - - [19/Jul/2025:08:10:54 +0000] "GET /api/v1/lifeguards HTTP/1.1" 304 - "http://localhost:3000/" "Mozilla/5.0 (X11; Ubuntu; Linux x86_64; rv:136.0) Gecko/20100101 Firefox/136.0" {
  "service": "beach-safety-api"
}
2025-07-19 09:10:54 [[32minfo[39m]: Connected to PostgreSQL database {
  "service": "beach-safety-api"
}
2025-07-19 09:10:54 [[32minfo[39m]: Retrieved lifeguards for center {
  "service": "beach-safety-api",
  "centerId": "efe6b507-ecd3-4eac-bd21-82cbe1125cc0",
  "count": 3,
  "adminId": "ed748b3b-160e-4ab2-be0b-f6c973d65eba"
}
2025-07-19 09:10:54 [[32minfo[39m]: ::ffff:127.0.0.1 - - [19/Jul/2025:08:10:54 +0000] "GET /api/v1/lifeguards HTTP/1.1" 200 1837 "http://localhost:3000/" "Mozilla/5.0 (X11; Ubuntu; Linux x86_64; rv:136.0) Gecko/20100101 Firefox/136.0" {
  "service": "beach-safety-api"
}
2025-07-19 09:10:54 [[32minfo[39m]: Retrieved shifts for center {
  "service": "beach-safety-api",
  "centerId": "efe6b507-ecd3-4eac-bd21-82cbe1125cc0",
  "count": 55,
  "adminId": "ed748b3b-160e-4ab2-be0b-f6c973d65eba"
}
2025-07-19 09:10:54 [[32minfo[39m]: ::ffff:127.0.0.1 - - [19/Jul/2025:08:10:54 +0000] "GET /api/v1/shifts HTTP/1.1" 200 31287 "http://localhost:3000/" "Mozilla/5.0 (X11; Ubuntu; Linux x86_64; rv:136.0) Gecko/20100101 Firefox/136.0" {
  "service": "beach-safety-api"
}
2025-07-19 09:10:54 [[32minfo[39m]: Retrieved shifts for center {
  "service": "beach-safety-api",
  "centerId": "efe6b507-ecd3-4eac-bd21-82cbe1125cc0",
  "count": 55,
  "adminId": "ed748b3b-160e-4ab2-be0b-f6c973d65eba"
}
2025-07-19 09:10:54 [[32minfo[39m]: ::ffff:127.0.0.1 - - [19/Jul/2025:08:10:54 +0000] "GET /api/v1/shifts HTTP/1.1" 304 - "http://localhost:3000/" "Mozilla/5.0 (X11; Ubuntu; Linux x86_64; rv:136.0) Gecko/20100101 Firefox/136.0" {
  "service": "beach-safety-api"
}
2025-07-19 09:10:54 [[32minfo[39m]: ::ffff:127.0.0.1 - - [19/Jul/2025:08:10:54 +0000] "GET /api/v1/alerts HTTP/1.1" 304 - "http://localhost:3000/" "Mozilla/5.0 (X11; Ubuntu; Linux x86_64; rv:136.0) Gecko/20100101 Firefox/136.0" {
  "service": "beach-safety-api"
}
2025-07-19 09:10:54 [[32minfo[39m]: ::ffff:127.0.0.1 - - [19/Jul/2025:08:10:54 +0000] "GET /api/v1/alerts HTTP/1.1" 200 5911 "http://localhost:3000/" "Mozilla/5.0 (X11; Ubuntu; Linux x86_64; rv:136.0) Gecko/20100101 Firefox/136.0" {
  "service": "beach-safety-api"
}
2025-07-19 09:10:54 [[32minfo[39m]: ::ffff:127.0.0.1 - - [19/Jul/2025:08:10:54 +0000] "GET /api/v1/safety/centers/efe6b507-ecd3-4eac-bd21-82cbe1125cc0/history?page=1&limit=50 HTTP/1.1" 200 11317 "http://localhost:3000/" "Mozilla/5.0 (X11; Ubuntu; Linux x86_64; rv:136.0) Gecko/20100101 Firefox/136.0" {
  "service": "beach-safety-api"
}
2025-07-19 09:10:54 [[32minfo[39m]: ::ffff:127.0.0.1 - - [19/Jul/2025:08:10:54 +0000] "GET /api/v1/safety/centers/efe6b507-ecd3-4eac-bd21-82cbe1125cc0/history?page=1&limit=50 HTTP/1.1" 200 11317 "http://localhost:3000/" "Mozilla/5.0 (X11; Ubuntu; Linux x86_64; rv:136.0) Gecko/20100101 Firefox/136.0" {
  "service": "beach-safety-api"
}
2025-07-19 09:10:54 [[32minfo[39m]: Raw OpenWeatherMap API response {
  "service": "beach-safety-api",
  "centerId": "efe6b507-ecd3-4eac-bd21-82cbe1125cc0",
  "centerName": "Hammamet Beach Safety Center",
  "coordinates": {
    "lat": 36.4,
    "lng": 10.6167
  },
  "visibility": 10000,
  "weather_condition": "Clear",
  "temperature": 28.2,
  "wind_speed": 4.17,
  "humidity": 67,
  "pressure": 1014,
  "raw_response": {
    "visibility": 10000,
    "weather": [
      {
        "id": 800,
        "main": "Clear",
        "description": "clear sky",
        "icon": "01d"
      }
    ],
    "main": {
      "temp": 28.2,
      "feels_like": 30.64,
      "temp_min": 28.2,
      "temp_max": 28.2,
      "pressure": 1014,
      "humidity": 67,
      "sea_level": 1014,
      "grnd_level": 1005
    },
    "wind": {
      "speed": 4.17,
      "deg": 180,
      "gust": 4.51
    }
  }
}
2025-07-19 09:10:54 [[32minfo[39m]: Simulated marine data {
  "service": "beach-safety-api",
  "wave_height": 0.23,
  "current_speed": 0.51
}
2025-07-19 09:10:54 [[32minfo[39m]: Transformed weather data {
  "service": "beach-safety-api",
  "centerId": "efe6b507-ecd3-4eac-bd21-82cbe1125cc0",
  "centerName": "Hammamet Beach Safety Center",
  "original_visibility_meters": 10000,
  "transformed_visibility_km": 10,
  "temperature": 28.2,
  "wind_speed": 4.17,
  "weather_condition": "Clear",
  "wave_height": 0.23,
  "current_speed": 0.51
}
2025-07-19 09:10:54 [[32minfo[39m]: Raw OpenWeatherMap API response {
  "service": "beach-safety-api",
  "centerId": "efe6b507-ecd3-4eac-bd21-82cbe1125cc0",
  "centerName": "Hammamet Beach Safety Center",
  "coordinates": {
    "lat": 36.4,
    "lng": 10.6167
  },
  "visibility": 10000,
  "weather_condition": "Clear",
  "temperature": 28.2,
  "wind_speed": 4.17,
  "humidity": 67,
  "pressure": 1014,
  "raw_response": {
    "visibility": 10000,
    "weather": [
      {
        "id": 800,
        "main": "Clear",
        "description": "clear sky",
        "icon": "01d"
      }
    ],
    "main": {
      "temp": 28.2,
      "feels_like": 30.64,
      "temp_min": 28.2,
      "temp_max": 28.2,
      "pressure": 1014,
      "humidity": 67,
      "sea_level": 1014,
      "grnd_level": 1005
    },
    "wind": {
      "speed": 4.17,
      "deg": 180,
      "gust": 4.51
    }
  }
}
2025-07-19 09:10:54 [[32minfo[39m]: Simulated marine data {
  "service": "beach-safety-api",
  "wave_height": 0.1,
  "current_speed": 0.55
}
2025-07-19 09:10:54 [[32minfo[39m]: Transformed weather data {
  "service": "beach-safety-api",
  "centerId": "efe6b507-ecd3-4eac-bd21-82cbe1125cc0",
  "centerName": "Hammamet Beach Safety Center",
  "original_visibility_meters": 10000,
  "transformed_visibility_km": 10,
  "temperature": 28.2,
  "wind_speed": 4.17,
  "weather_condition": "Clear",
  "wave_height": 0.1,
  "current_speed": 0.55
}
2025-07-19 09:10:54 [[32minfo[39m]: Current weather and marine data fetched and stored {
  "service": "beach-safety-api",
  "centerId": "efe6b507-ecd3-4eac-bd21-82cbe1125cc0",
  "centerName": "Hammamet Beach Safety Center",
  "temperature": 28.2,
  "condition": "Clear",
  "waveHeight": 0.23,
  "currentSpeed": 0.51
}
2025-07-19 09:10:54 [[32minfo[39m]: ::ffff:127.0.0.1 - - [19/Jul/2025:08:10:54 +0000] "GET /api/v1/weather/centers/efe6b507-ecd3-4eac-bd21-82cbe1125cc0/current HTTP/1.1" 200 570 "http://localhost:3000/" "Mozilla/5.0 (X11; Ubuntu; Linux x86_64; rv:136.0) Gecko/20100101 Firefox/136.0" {
  "service": "beach-safety-api"
}
2025-07-19 09:10:54 [[32minfo[39m]: Current weather and marine data fetched and stored {
  "service": "beach-safety-api",
  "centerId": "efe6b507-ecd3-4eac-bd21-82cbe1125cc0",
  "centerName": "Hammamet Beach Safety Center",
  "temperature": 28.2,
  "condition": "Clear",
  "waveHeight": 0.1,
  "currentSpeed": 0.55
}
2025-07-19 09:10:54 [[32minfo[39m]: ::ffff:127.0.0.1 - - [19/Jul/2025:08:10:54 +0000] "GET /api/v1/weather/centers/efe6b507-ecd3-4eac-bd21-82cbe1125cc0/current HTTP/1.1" 200 570 "http://localhost:3000/" "Mozilla/5.0 (X11; Ubuntu; Linux x86_64; rv:136.0) Gecko/20100101 Firefox/136.0" {
  "service": "beach-safety-api"
}
2025-07-19 09:10:54 [[32minfo[39m]: Connected to PostgreSQL database {
  "service": "beach-safety-api"
}
2025-07-19 09:10:54 [[32minfo[39m]: Connected to PostgreSQL database {
  "service": "beach-safety-api"
}
2025-07-19 09:10:54 [[32minfo[39m]: Raw OpenWeatherMap API response {
  "service": "beach-safety-api",
  "centerId": "efe6b507-ecd3-4eac-bd21-82cbe1125cc0",
  "centerName": "Hammamet Beach Safety Center",
  "coordinates": {
    "lat": 36.4,
    "lng": 10.6167
  },
  "visibility": 10000,
  "weather_condition": "Clear",
  "temperature": 28.2,
  "wind_speed": 4.17,
  "humidity": 67,
  "pressure": 1014,
  "raw_response": {
    "visibility": 10000,
    "weather": [
      {
        "id": 800,
        "main": "Clear",
        "description": "clear sky",
        "icon": "01d"
      }
    ],
    "main": {
      "temp": 28.2,
      "feels_like": 30.64,
      "temp_min": 28.2,
      "temp_max": 28.2,
      "pressure": 1014,
      "humidity": 67,
      "sea_level": 1014,
      "grnd_level": 1005
    },
    "wind": {
      "speed": 4.17,
      "deg": 180,
      "gust": 4.51
    }
  }
}
2025-07-19 09:10:54 [[32minfo[39m]: Simulated marine data {
  "service": "beach-safety-api",
  "wave_height": 0.42,
  "current_speed": 0.45
}
2025-07-19 09:10:54 [[32minfo[39m]: Transformed weather data {
  "service": "beach-safety-api",
  "centerId": "efe6b507-ecd3-4eac-bd21-82cbe1125cc0",
  "centerName": "Hammamet Beach Safety Center",
  "original_visibility_meters": 10000,
  "transformed_visibility_km": 10,
  "temperature": 28.2,
  "wind_speed": 4.17,
  "weather_condition": "Clear",
  "wave_height": 0.42,
  "current_speed": 0.45
}
2025-07-19 09:10:54 [[32minfo[39m]: Raw OpenWeatherMap API response {
  "service": "beach-safety-api",
  "centerId": "efe6b507-ecd3-4eac-bd21-82cbe1125cc0",
  "centerName": "Hammamet Beach Safety Center",
  "coordinates": {
    "lat": 36.4,
    "lng": 10.6167
  },
  "visibility": 10000,
  "weather_condition": "Clear",
  "temperature": 28.2,
  "wind_speed": 4.17,
  "humidity": 67,
  "pressure": 1014,
  "raw_response": {
    "visibility": 10000,
    "weather": [
      {
        "id": 800,
        "main": "Clear",
        "description": "clear sky",
        "icon": "01d"
      }
    ],
    "main": {
      "temp": 28.2,
      "feels_like": 30.64,
      "temp_min": 28.2,
      "temp_max": 28.2,
      "pressure": 1014,
      "humidity": 67,
      "sea_level": 1014,
      "grnd_level": 1005
    },
    "wind": {
      "speed": 4.17,
      "deg": 180,
      "gust": 4.51
    }
  }
}
2025-07-19 09:10:54 [[32minfo[39m]: Simulated marine data {
  "service": "beach-safety-api",
  "wave_height": 0.12,
  "current_speed": 0.39
}
2025-07-19 09:10:54 [[32minfo[39m]: Transformed weather data {
  "service": "beach-safety-api",
  "centerId": "efe6b507-ecd3-4eac-bd21-82cbe1125cc0",
  "centerName": "Hammamet Beach Safety Center",
  "original_visibility_meters": 10000,
  "transformed_visibility_km": 10,
  "temperature": 28.2,
  "wind_speed": 4.17,
  "weather_condition": "Clear",
  "wave_height": 0.12,
  "current_speed": 0.39
}
2025-07-19 09:10:54 [[32minfo[39m]: Current weather and marine data fetched and stored {
  "service": "beach-safety-api",
  "centerId": "efe6b507-ecd3-4eac-bd21-82cbe1125cc0",
  "centerName": "Hammamet Beach Safety Center",
  "temperature": 28.2,
  "condition": "Clear",
  "waveHeight": 0.42,
  "currentSpeed": 0.45
}
2025-07-19 09:10:54 [[32minfo[39m]: ::ffff:127.0.0.1 - - [19/Jul/2025:08:10:54 +0000] "GET /api/v1/weather/centers/efe6b507-ecd3-4eac-bd21-82cbe1125cc0/current HTTP/1.1" 200 570 "http://localhost:3000/" "Mozilla/5.0 (X11; Ubuntu; Linux x86_64; rv:136.0) Gecko/20100101 Firefox/136.0" {
  "service": "beach-safety-api"
}
2025-07-19 09:10:54 [[32minfo[39m]: Current weather and marine data fetched and stored {
  "service": "beach-safety-api",
  "centerId": "efe6b507-ecd3-4eac-bd21-82cbe1125cc0",
  "centerName": "Hammamet Beach Safety Center",
  "temperature": 28.2,
  "condition": "Clear",
  "waveHeight": 0.12,
  "currentSpeed": 0.39
}
2025-07-19 09:10:54 [[32minfo[39m]: ::ffff:127.0.0.1 - - [19/Jul/2025:08:10:54 +0000] "GET /api/v1/weather/centers/efe6b507-ecd3-4eac-bd21-82cbe1125cc0/current HTTP/1.1" 200 570 "http://localhost:3000/" "Mozilla/5.0 (X11; Ubuntu; Linux x86_64; rv:136.0) Gecko/20100101 Firefox/136.0" {
  "service": "beach-safety-api"
}
2025-07-19 09:10:55 [[32minfo[39m]: Raw OpenWeatherMap API response {
  "service": "beach-safety-api",
  "centerId": "efe6b507-ecd3-4eac-bd21-82cbe1125cc0",
  "centerName": "Hammamet Beach Safety Center",
  "coordinates": {
    "lat": 36.4,
    "lng": 10.6167
  },
  "visibility": 10000,
  "weather_condition": "Clear",
  "temperature": 28.2,
  "wind_speed": 4.17,
  "humidity": 67,
  "pressure": 1014,
  "raw_response": {
    "visibility": 10000,
    "weather": [
      {
        "id": 800,
        "main": "Clear",
        "description": "clear sky",
        "icon": "01d"
      }
    ],
    "main": {
      "temp": 28.2,
      "feels_like": 30.64,
      "temp_min": 28.2,
      "temp_max": 28.2,
      "pressure": 1014,
      "humidity": 67,
      "sea_level": 1014,
      "grnd_level": 1005
    },
    "wind": {
      "speed": 4.17,
      "deg": 180,
      "gust": 4.51
    }
  }
}
2025-07-19 09:10:55 [[32minfo[39m]: Simulated marine data {
  "service": "beach-safety-api",
  "wave_height": 0.1,
  "current_speed": 0.37
}
2025-07-19 09:10:55 [[32minfo[39m]: Transformed weather data {
  "service": "beach-safety-api",
  "centerId": "efe6b507-ecd3-4eac-bd21-82cbe1125cc0",
  "centerName": "Hammamet Beach Safety Center",
  "original_visibility_meters": 10000,
  "transformed_visibility_km": 10,
  "temperature": 28.2,
  "wind_speed": 4.17,
  "weather_condition": "Clear",
  "wave_height": 0.1,
  "current_speed": 0.37
}
2025-07-19 09:10:55 [[32minfo[39m]: Raw OpenWeatherMap API response {
  "service": "beach-safety-api",
  "centerId": "efe6b507-ecd3-4eac-bd21-82cbe1125cc0",
  "centerName": "Hammamet Beach Safety Center",
  "coordinates": {
    "lat": 36.4,
    "lng": 10.6167
  },
  "visibility": 10000,
  "weather_condition": "Clear",
  "temperature": 28.2,
  "wind_speed": 4.17,
  "humidity": 67,
  "pressure": 1014,
  "raw_response": {
    "visibility": 10000,
    "weather": [
      {
        "id": 800,
        "main": "Clear",
        "description": "clear sky",
        "icon": "01d"
      }
    ],
    "main": {
      "temp": 28.2,
      "feels_like": 30.64,
      "temp_min": 28.2,
      "temp_max": 28.2,
      "pressure": 1014,
      "humidity": 67,
      "sea_level": 1014,
      "grnd_level": 1005
    },
    "wind": {
      "speed": 4.17,
      "deg": 180,
      "gust": 4.51
    }
  }
}
2025-07-19 09:10:55 [[32minfo[39m]: Simulated marine data {
  "service": "beach-safety-api",
  "wave_height": 0.34,
  "current_speed": 0.49
}
2025-07-19 09:10:55 [[32minfo[39m]: Transformed weather data {
  "service": "beach-safety-api",
  "centerId": "efe6b507-ecd3-4eac-bd21-82cbe1125cc0",
  "centerName": "Hammamet Beach Safety Center",
  "original_visibility_meters": 10000,
  "transformed_visibility_km": 10,
  "temperature": 28.2,
  "wind_speed": 4.17,
  "weather_condition": "Clear",
  "wave_height": 0.34,
  "current_speed": 0.49
}
2025-07-19 09:10:55 [[32minfo[39m]: Current weather and marine data fetched and stored {
  "service": "beach-safety-api",
  "centerId": "efe6b507-ecd3-4eac-bd21-82cbe1125cc0",
  "centerName": "Hammamet Beach Safety Center",
  "temperature": 28.2,
  "condition": "Clear",
  "waveHeight": 0.1,
  "currentSpeed": 0.37
}
2025-07-19 09:10:55 [[32minfo[39m]: ::ffff:127.0.0.1 - - [19/Jul/2025:08:10:55 +0000] "GET /api/v1/weather/centers/efe6b507-ecd3-4eac-bd21-82cbe1125cc0/current HTTP/1.1" 200 570 "http://localhost:3000/" "Mozilla/5.0 (X11; Ubuntu; Linux x86_64; rv:136.0) Gecko/20100101 Firefox/136.0" {
  "service": "beach-safety-api"
}
2025-07-19 09:10:55 [[32minfo[39m]: Current weather and marine data fetched and stored {
  "service": "beach-safety-api",
  "centerId": "efe6b507-ecd3-4eac-bd21-82cbe1125cc0",
  "centerName": "Hammamet Beach Safety Center",
  "temperature": 28.2,
  "condition": "Clear",
  "waveHeight": 0.34,
  "currentSpeed": 0.49
}
2025-07-19 09:10:55 [[32minfo[39m]: ::ffff:127.0.0.1 - - [19/Jul/2025:08:10:55 +0000] "GET /api/v1/weather/centers/efe6b507-ecd3-4eac-bd21-82cbe1125cc0/current HTTP/1.1" 200 570 "http://localhost:3000/" "Mozilla/5.0 (X11; Ubuntu; Linux x86_64; rv:136.0) Gecko/20100101 Firefox/136.0" {
  "service": "beach-safety-api"
}
2025-07-19 09:10:55 [[32minfo[39m]: Weather forecast fetched and stored {
  "service": "beach-safety-api",
  "centerId": "efe6b507-ecd3-4eac-bd21-82cbe1125cc0",
  "centerName": "Hammamet Beach Safety Center",
  "forecastDays": 6
}
2025-07-19 09:10:55 [[32minfo[39m]: ::ffff:127.0.0.1 - - [19/Jul/2025:08:10:55 +0000] "GET /api/v1/weather/centers/efe6b507-ecd3-4eac-bd21-82cbe1125cc0/forecast HTTP/1.1" 304 - "http://localhost:3000/" "Mozilla/5.0 (X11; Ubuntu; Linux x86_64; rv:136.0) Gecko/20100101 Firefox/136.0" {
  "service": "beach-safety-api"
}
2025-07-19 09:10:55 [[32minfo[39m]: Weather forecast fetched and stored {
  "service": "beach-safety-api",
  "centerId": "efe6b507-ecd3-4eac-bd21-82cbe1125cc0",
  "centerName": "Hammamet Beach Safety Center",
  "forecastDays": 6
}
2025-07-19 09:10:55 [[32minfo[39m]: ::ffff:127.0.0.1 - - [19/Jul/2025:08:10:55 +0000] "GET /api/v1/weather/centers/efe6b507-ecd3-4eac-bd21-82cbe1125cc0/forecast HTTP/1.1" 200 943 "http://localhost:3000/" "Mozilla/5.0 (X11; Ubuntu; Linux x86_64; rv:136.0) Gecko/20100101 Firefox/136.0" {
  "service": "beach-safety-api"
}
2025-07-19 09:11:21 [[32minfo[39m]: Client joined center room {
  "service": "beach-safety-api",
  "socketId": "S0tjFjSJUDdJJ3-cAAAR",
  "centerId": "efe6b507-ecd3-4eac-bd21-82cbe1125cc0"
}
2025-07-19 09:11:21 [[32minfo[39m]: Retrieved lifeguards for center {
  "service": "beach-safety-api",
  "centerId": "efe6b507-ecd3-4eac-bd21-82cbe1125cc0",
  "count": 3,
  "adminId": "ed748b3b-160e-4ab2-be0b-f6c973d65eba"
}
2025-07-19 09:11:21 [[32minfo[39m]: ::ffff:127.0.0.1 - - [19/Jul/2025:08:11:21 +0000] "GET /api/v1/lifeguards HTTP/1.1" 304 - "http://localhost:3000/" "Mozilla/5.0 (X11; Ubuntu; Linux x86_64; rv:136.0) Gecko/20100101 Firefox/136.0" {
  "service": "beach-safety-api"
}
2025-07-19 09:11:21 [[32minfo[39m]: Retrieved lifeguards for center {
  "service": "beach-safety-api",
  "centerId": "efe6b507-ecd3-4eac-bd21-82cbe1125cc0",
  "count": 3,
  "adminId": "ed748b3b-160e-4ab2-be0b-f6c973d65eba"
}
2025-07-19 09:11:21 [[32minfo[39m]: ::ffff:127.0.0.1 - - [19/Jul/2025:08:11:21 +0000] "GET /api/v1/lifeguards HTTP/1.1" 200 1837 "http://localhost:3000/" "Mozilla/5.0 (X11; Ubuntu; Linux x86_64; rv:136.0) Gecko/20100101 Firefox/136.0" {
  "service": "beach-safety-api"
}
2025-07-19 09:11:23 [[32minfo[39m]: ::ffff:127.0.0.1 - - [19/Jul/2025:08:11:23 +0000] "GET /api/v1/centers/efe6b507-ecd3-4eac-bd21-82cbe1125cc0 HTTP/1.1" 304 - "http://localhost:3000/" "Mozilla/5.0 (X11; Ubuntu; Linux x86_64; rv:136.0) Gecko/20100101 Firefox/136.0" {
  "service": "beach-safety-api"
}
2025-07-19 09:11:23 [[32minfo[39m]: ::ffff:127.0.0.1 - - [19/Jul/2025:08:11:23 +0000] "GET /api/v1/centers/efe6b507-ecd3-4eac-bd21-82cbe1125cc0 HTTP/1.1" 200 571 "http://localhost:3000/" "Mozilla/5.0 (X11; Ubuntu; Linux x86_64; rv:136.0) Gecko/20100101 Firefox/136.0" {
  "service": "beach-safety-api"
}
2025-07-19 09:11:23 [[32minfo[39m]: Retrieved lifeguards for center {
  "service": "beach-safety-api",
  "centerId": "efe6b507-ecd3-4eac-bd21-82cbe1125cc0",
  "count": 3,
  "adminId": "ed748b3b-160e-4ab2-be0b-f6c973d65eba"
}
2025-07-19 09:11:23 [[32minfo[39m]: ::ffff:127.0.0.1 - - [19/Jul/2025:08:11:23 +0000] "GET /api/v1/lifeguards HTTP/1.1" 304 - "http://localhost:3000/" "Mozilla/5.0 (X11; Ubuntu; Linux x86_64; rv:136.0) Gecko/20100101 Firefox/136.0" {
  "service": "beach-safety-api"
}
2025-07-19 09:11:23 [[32minfo[39m]: Retrieved lifeguards for center {
  "service": "beach-safety-api",
  "centerId": "efe6b507-ecd3-4eac-bd21-82cbe1125cc0",
  "count": 3,
  "adminId": "ed748b3b-160e-4ab2-be0b-f6c973d65eba"
}
2025-07-19 09:11:23 [[32minfo[39m]: ::ffff:127.0.0.1 - - [19/Jul/2025:08:11:23 +0000] "GET /api/v1/lifeguards HTTP/1.1" 200 1837 "http://localhost:3000/" "Mozilla/5.0 (X11; Ubuntu; Linux x86_64; rv:136.0) Gecko/20100101 Firefox/136.0" {
  "service": "beach-safety-api"
}
2025-07-19 09:11:23 [[32minfo[39m]: Retrieved shifts for center {
  "service": "beach-safety-api",
  "centerId": "efe6b507-ecd3-4eac-bd21-82cbe1125cc0",
  "count": 55,
  "adminId": "ed748b3b-160e-4ab2-be0b-f6c973d65eba"
}
2025-07-19 09:11:23 [[32minfo[39m]: ::ffff:127.0.0.1 - - [19/Jul/2025:08:11:23 +0000] "GET /api/v1/shifts HTTP/1.1" 200 31287 "http://localhost:3000/" "Mozilla/5.0 (X11; Ubuntu; Linux x86_64; rv:136.0) Gecko/20100101 Firefox/136.0" {
  "service": "beach-safety-api"
}
2025-07-19 09:11:23 [[32minfo[39m]: Retrieved shifts for center {
  "service": "beach-safety-api",
  "centerId": "efe6b507-ecd3-4eac-bd21-82cbe1125cc0",
  "count": 55,
  "adminId": "ed748b3b-160e-4ab2-be0b-f6c973d65eba"
}
2025-07-19 09:11:23 [[32minfo[39m]: ::ffff:127.0.0.1 - - [19/Jul/2025:08:11:23 +0000] "GET /api/v1/shifts HTTP/1.1" 304 - "http://localhost:3000/" "Mozilla/5.0 (X11; Ubuntu; Linux x86_64; rv:136.0) Gecko/20100101 Firefox/136.0" {
  "service": "beach-safety-api"
}
2025-07-19 09:11:23 [[32minfo[39m]: ::ffff:127.0.0.1 - - [19/Jul/2025:08:11:23 +0000] "GET /api/v1/alerts HTTP/1.1" 200 5911 "http://localhost:3000/" "Mozilla/5.0 (X11; Ubuntu; Linux x86_64; rv:136.0) Gecko/20100101 Firefox/136.0" {
  "service": "beach-safety-api"
}
2025-07-19 09:11:23 [[32minfo[39m]: ::ffff:127.0.0.1 - - [19/Jul/2025:08:11:23 +0000] "GET /api/v1/alerts HTTP/1.1" 304 - "http://localhost:3000/" "Mozilla/5.0 (X11; Ubuntu; Linux x86_64; rv:136.0) Gecko/20100101 Firefox/136.0" {
  "service": "beach-safety-api"
}
2025-07-19 09:11:23 [[32minfo[39m]: ::ffff:127.0.0.1 - - [19/Jul/2025:08:11:23 +0000] "GET /api/v1/safety/centers/efe6b507-ecd3-4eac-bd21-82cbe1125cc0/history?page=1&limit=50 HTTP/1.1" 304 - "http://localhost:3000/" "Mozilla/5.0 (X11; Ubuntu; Linux x86_64; rv:136.0) Gecko/20100101 Firefox/136.0" {
  "service": "beach-safety-api"
}
2025-07-19 09:11:23 [[32minfo[39m]: ::ffff:127.0.0.1 - - [19/Jul/2025:08:11:23 +0000] "GET /api/v1/safety/centers/efe6b507-ecd3-4eac-bd21-82cbe1125cc0/history?page=1&limit=50 HTTP/1.1" 200 11317 "http://localhost:3000/" "Mozilla/5.0 (X11; Ubuntu; Linux x86_64; rv:136.0) Gecko/20100101 Firefox/136.0" {
  "service": "beach-safety-api"
}
2025-07-19 09:11:23 [[32minfo[39m]: Raw OpenWeatherMap API response {
  "service": "beach-safety-api",
  "centerId": "efe6b507-ecd3-4eac-bd21-82cbe1125cc0",
  "centerName": "Hammamet Beach Safety Center",
  "coordinates": {
    "lat": 36.4,
    "lng": 10.6167
  },
  "visibility": 10000,
  "weather_condition": "Clear",
  "temperature": 28.2,
  "wind_speed": 4.17,
  "humidity": 67,
  "pressure": 1014,
  "raw_response": {
    "visibility": 10000,
    "weather": [
      {
        "id": 800,
        "main": "Clear",
        "description": "clear sky",
        "icon": "01d"
      }
    ],
    "main": {
      "temp": 28.2,
      "feels_like": 30.64,
      "temp_min": 28.2,
      "temp_max": 28.2,
      "pressure": 1014,
      "humidity": 67,
      "sea_level": 1014,
      "grnd_level": 1005
    },
    "wind": {
      "speed": 4.17,
      "deg": 180,
      "gust": 4.51
    }
  }
}
2025-07-19 09:11:23 [[32minfo[39m]: Simulated marine data {
  "service": "beach-safety-api",
  "wave_height": 0.58,
  "current_speed": 0.35
}
2025-07-19 09:11:23 [[32minfo[39m]: Transformed weather data {
  "service": "beach-safety-api",
  "centerId": "efe6b507-ecd3-4eac-bd21-82cbe1125cc0",
  "centerName": "Hammamet Beach Safety Center",
  "original_visibility_meters": 10000,
  "transformed_visibility_km": 10,
  "temperature": 28.2,
  "wind_speed": 4.17,
  "weather_condition": "Clear",
  "wave_height": 0.58,
  "current_speed": 0.35
}
2025-07-19 09:11:23 [[32minfo[39m]: Raw OpenWeatherMap API response {
  "service": "beach-safety-api",
  "centerId": "efe6b507-ecd3-4eac-bd21-82cbe1125cc0",
  "centerName": "Hammamet Beach Safety Center",
  "coordinates": {
    "lat": 36.4,
    "lng": 10.6167
  },
  "visibility": 10000,
  "weather_condition": "Clear",
  "temperature": 28.2,
  "wind_speed": 4.17,
  "humidity": 67,
  "pressure": 1014,
  "raw_response": {
    "visibility": 10000,
    "weather": [
      {
        "id": 800,
        "main": "Clear",
        "description": "clear sky",
        "icon": "01d"
      }
    ],
    "main": {
      "temp": 28.2,
      "feels_like": 30.64,
      "temp_min": 28.2,
      "temp_max": 28.2,
      "pressure": 1014,
      "humidity": 67,
      "sea_level": 1014,
      "grnd_level": 1005
    },
    "wind": {
      "speed": 4.17,
      "deg": 180,
      "gust": 4.51
    }
  }
}
2025-07-19 09:11:23 [[32minfo[39m]: Simulated marine data {
  "service": "beach-safety-api",
  "wave_height": 0.72,
  "current_speed": 0.38
}
2025-07-19 09:11:23 [[32minfo[39m]: Transformed weather data {
  "service": "beach-safety-api",
  "centerId": "efe6b507-ecd3-4eac-bd21-82cbe1125cc0",
  "centerName": "Hammamet Beach Safety Center",
  "original_visibility_meters": 10000,
  "transformed_visibility_km": 10,
  "temperature": 28.2,
  "wind_speed": 4.17,
  "weather_condition": "Clear",
  "wave_height": 0.72,
  "current_speed": 0.38
}
2025-07-19 09:11:23 [[32minfo[39m]: Current weather and marine data fetched and stored {
  "service": "beach-safety-api",
  "centerId": "efe6b507-ecd3-4eac-bd21-82cbe1125cc0",
  "centerName": "Hammamet Beach Safety Center",
  "temperature": 28.2,
  "condition": "Clear",
  "waveHeight": 0.58,
  "currentSpeed": 0.35
}
2025-07-19 09:11:23 [[32minfo[39m]: ::ffff:127.0.0.1 - - [19/Jul/2025:08:11:23 +0000] "GET /api/v1/weather/centers/efe6b507-ecd3-4eac-bd21-82cbe1125cc0/current HTTP/1.1" 200 570 "http://localhost:3000/" "Mozilla/5.0 (X11; Ubuntu; Linux x86_64; rv:136.0) Gecko/20100101 Firefox/136.0" {
  "service": "beach-safety-api"
}
2025-07-19 09:11:23 [[32minfo[39m]: Current weather and marine data fetched and stored {
  "service": "beach-safety-api",
  "centerId": "efe6b507-ecd3-4eac-bd21-82cbe1125cc0",
  "centerName": "Hammamet Beach Safety Center",
  "temperature": 28.2,
  "condition": "Clear",
  "waveHeight": 0.72,
  "currentSpeed": 0.38
}
2025-07-19 09:11:23 [[32minfo[39m]: ::ffff:127.0.0.1 - - [19/Jul/2025:08:11:23 +0000] "GET /api/v1/weather/centers/efe6b507-ecd3-4eac-bd21-82cbe1125cc0/current HTTP/1.1" 200 570 "http://localhost:3000/" "Mozilla/5.0 (X11; Ubuntu; Linux x86_64; rv:136.0) Gecko/20100101 Firefox/136.0" {
  "service": "beach-safety-api"
}
2025-07-19 09:11:23 [[32minfo[39m]: Raw OpenWeatherMap API response {
  "service": "beach-safety-api",
  "centerId": "efe6b507-ecd3-4eac-bd21-82cbe1125cc0",
  "centerName": "Hammamet Beach Safety Center",
  "coordinates": {
    "lat": 36.4,
    "lng": 10.6167
  },
  "visibility": 10000,
  "weather_condition": "Clear",
  "temperature": 28.2,
  "wind_speed": 4.17,
  "humidity": 67,
  "pressure": 1014,
  "raw_response": {
    "visibility": 10000,
    "weather": [
      {
        "id": 800,
        "main": "Clear",
        "description": "clear sky",
        "icon": "01d"
      }
    ],
    "main": {
      "temp": 28.2,
      "feels_like": 30.64,
      "temp_min": 28.2,
      "temp_max": 28.2,
      "pressure": 1014,
      "humidity": 67,
      "sea_level": 1014,
      "grnd_level": 1005
    },
    "wind": {
      "speed": 4.17,
      "deg": 180,
      "gust": 4.51
    }
  }
}
2025-07-19 09:11:23 [[32minfo[39m]: Simulated marine data {
  "service": "beach-safety-api",
  "wave_height": 0.7,
  "current_speed": 0.37
}
2025-07-19 09:11:23 [[32minfo[39m]: Transformed weather data {
  "service": "beach-safety-api",
  "centerId": "efe6b507-ecd3-4eac-bd21-82cbe1125cc0",
  "centerName": "Hammamet Beach Safety Center",
  "original_visibility_meters": 10000,
  "transformed_visibility_km": 10,
  "temperature": 28.2,
  "wind_speed": 4.17,
  "weather_condition": "Clear",
  "wave_height": 0.7,
  "current_speed": 0.37
}
2025-07-19 09:11:23 [[32minfo[39m]: Raw OpenWeatherMap API response {
  "service": "beach-safety-api",
  "centerId": "efe6b507-ecd3-4eac-bd21-82cbe1125cc0",
  "centerName": "Hammamet Beach Safety Center",
  "coordinates": {
    "lat": 36.4,
    "lng": 10.6167
  },
  "visibility": 10000,
  "weather_condition": "Clear",
  "temperature": 28.2,
  "wind_speed": 4.17,
  "humidity": 67,
  "pressure": 1014,
  "raw_response": {
    "visibility": 10000,
    "weather": [
      {
        "id": 800,
        "main": "Clear",
        "description": "clear sky",
        "icon": "01d"
      }
    ],
    "main": {
      "temp": 28.2,
      "feels_like": 30.64,
      "temp_min": 28.2,
      "temp_max": 28.2,
      "pressure": 1014,
      "humidity": 67,
      "sea_level": 1014,
      "grnd_level": 1005
    },
    "wind": {
      "speed": 4.17,
      "deg": 180,
      "gust": 4.51
    }
  }
}
2025-07-19 09:11:23 [[32minfo[39m]: Simulated marine data {
  "service": "beach-safety-api",
  "wave_height": 0.26,
  "current_speed": 0.28
}
2025-07-19 09:11:23 [[32minfo[39m]: Transformed weather data {
  "service": "beach-safety-api",
  "centerId": "efe6b507-ecd3-4eac-bd21-82cbe1125cc0",
  "centerName": "Hammamet Beach Safety Center",
  "original_visibility_meters": 10000,
  "transformed_visibility_km": 10,
  "temperature": 28.2,
  "wind_speed": 4.17,
  "weather_condition": "Clear",
  "wave_height": 0.26,
  "current_speed": 0.28
}
2025-07-19 09:11:23 [[32minfo[39m]: Current weather and marine data fetched and stored {
  "service": "beach-safety-api",
  "centerId": "efe6b507-ecd3-4eac-bd21-82cbe1125cc0",
  "centerName": "Hammamet Beach Safety Center",
  "temperature": 28.2,
  "condition": "Clear",
  "waveHeight": 0.7,
  "currentSpeed": 0.37
}
2025-07-19 09:11:23 [[32minfo[39m]: ::ffff:127.0.0.1 - - [19/Jul/2025:08:11:23 +0000] "GET /api/v1/weather/centers/efe6b507-ecd3-4eac-bd21-82cbe1125cc0/current HTTP/1.1" 200 570 "http://localhost:3000/" "Mozilla/5.0 (X11; Ubuntu; Linux x86_64; rv:136.0) Gecko/20100101 Firefox/136.0" {
  "service": "beach-safety-api"
}
2025-07-19 09:11:23 [[32minfo[39m]: Current weather and marine data fetched and stored {
  "service": "beach-safety-api",
  "centerId": "efe6b507-ecd3-4eac-bd21-82cbe1125cc0",
  "centerName": "Hammamet Beach Safety Center",
  "temperature": 28.2,
  "condition": "Clear",
  "waveHeight": 0.26,
  "currentSpeed": 0.28
}
2025-07-19 09:11:23 [[32minfo[39m]: ::ffff:127.0.0.1 - - [19/Jul/2025:08:11:23 +0000] "GET /api/v1/weather/centers/efe6b507-ecd3-4eac-bd21-82cbe1125cc0/current HTTP/1.1" 200 570 "http://localhost:3000/" "Mozilla/5.0 (X11; Ubuntu; Linux x86_64; rv:136.0) Gecko/20100101 Firefox/136.0" {
  "service": "beach-safety-api"
}
2025-07-19 09:11:24 [[32minfo[39m]: Weather forecast fetched and stored {
  "service": "beach-safety-api",
  "centerId": "efe6b507-ecd3-4eac-bd21-82cbe1125cc0",
  "centerName": "Hammamet Beach Safety Center",
  "forecastDays": 6
}
2025-07-19 09:11:24 [[32minfo[39m]: ::ffff:127.0.0.1 - - [19/Jul/2025:08:11:24 +0000] "GET /api/v1/weather/centers/efe6b507-ecd3-4eac-bd21-82cbe1125cc0/forecast HTTP/1.1" 304 - "http://localhost:3000/" "Mozilla/5.0 (X11; Ubuntu; Linux x86_64; rv:136.0) Gecko/20100101 Firefox/136.0" {
  "service": "beach-safety-api"
}
2025-07-19 09:11:24 [[32minfo[39m]: Raw OpenWeatherMap API response {
  "service": "beach-safety-api",
  "centerId": "efe6b507-ecd3-4eac-bd21-82cbe1125cc0",
  "centerName": "Hammamet Beach Safety Center",
  "coordinates": {
    "lat": 36.4,
    "lng": 10.6167
  },
  "visibility": 10000,
  "weather_condition": "Clear",
  "temperature": 28.2,
  "wind_speed": 4.17,
  "humidity": 67,
  "pressure": 1014,
  "raw_response": {
    "visibility": 10000,
    "weather": [
      {
        "id": 800,
        "main": "Clear",
        "description": "clear sky",
        "icon": "01d"
      }
    ],
    "main": {
      "temp": 28.2,
      "feels_like": 30.64,
      "temp_min": 28.2,
      "temp_max": 28.2,
      "pressure": 1014,
      "humidity": 67,
      "sea_level": 1014,
      "grnd_level": 1005
    },
    "wind": {
      "speed": 4.17,
      "deg": 180,
      "gust": 4.51
    }
  }
}
2025-07-19 09:11:24 [[32minfo[39m]: Simulated marine data {
  "service": "beach-safety-api",
  "wave_height": 0.1,
  "current_speed": 0.43
}
2025-07-19 09:11:24 [[32minfo[39m]: Transformed weather data {
  "service": "beach-safety-api",
  "centerId": "efe6b507-ecd3-4eac-bd21-82cbe1125cc0",
  "centerName": "Hammamet Beach Safety Center",
  "original_visibility_meters": 10000,
  "transformed_visibility_km": 10,
  "temperature": 28.2,
  "wind_speed": 4.17,
  "weather_condition": "Clear",
  "wave_height": 0.1,
  "current_speed": 0.43
}
2025-07-19 09:11:24 [[32minfo[39m]: Current weather and marine data fetched and stored {
  "service": "beach-safety-api",
  "centerId": "efe6b507-ecd3-4eac-bd21-82cbe1125cc0",
  "centerName": "Hammamet Beach Safety Center",
  "temperature": 28.2,
  "condition": "Clear",
  "waveHeight": 0.1,
  "currentSpeed": 0.43
}
2025-07-19 09:11:24 [[32minfo[39m]: ::ffff:127.0.0.1 - - [19/Jul/2025:08:11:24 +0000] "GET /api/v1/weather/centers/efe6b507-ecd3-4eac-bd21-82cbe1125cc0/current HTTP/1.1" 200 570 "http://localhost:3000/" "Mozilla/5.0 (X11; Ubuntu; Linux x86_64; rv:136.0) Gecko/20100101 Firefox/136.0" {
  "service": "beach-safety-api"
}
2025-07-19 09:11:24 [[32minfo[39m]: Raw OpenWeatherMap API response {
  "service": "beach-safety-api",
  "centerId": "efe6b507-ecd3-4eac-bd21-82cbe1125cc0",
  "centerName": "Hammamet Beach Safety Center",
  "coordinates": {
    "lat": 36.4,
    "lng": 10.6167
  },
  "visibility": 10000,
  "weather_condition": "Clear",
  "temperature": 28.2,
  "wind_speed": 4.17,
  "humidity": 67,
  "pressure": 1014,
  "raw_response": {
    "visibility": 10000,
    "weather": [
      {
        "id": 800,
        "main": "Clear",
        "description": "clear sky",
        "icon": "01d"
      }
    ],
    "main": {
      "temp": 28.2,
      "feels_like": 30.64,
      "temp_min": 28.2,
      "temp_max": 28.2,
      "pressure": 1014,
      "humidity": 67,
      "sea_level": 1014,
      "grnd_level": 1005
    },
    "wind": {
      "speed": 4.17,
      "deg": 180,
      "gust": 4.51
    }
  }
}
2025-07-19 09:11:24 [[32minfo[39m]: Simulated marine data {
  "service": "beach-safety-api",
  "wave_height": 0.29,
  "current_speed": 0.46
}
2025-07-19 09:11:24 [[32minfo[39m]: Transformed weather data {
  "service": "beach-safety-api",
  "centerId": "efe6b507-ecd3-4eac-bd21-82cbe1125cc0",
  "centerName": "Hammamet Beach Safety Center",
  "original_visibility_meters": 10000,
  "transformed_visibility_km": 10,
  "temperature": 28.2,
  "wind_speed": 4.17,
  "weather_condition": "Clear",
  "wave_height": 0.29,
  "current_speed": 0.46
}
2025-07-19 09:11:24 [[32minfo[39m]: Current weather and marine data fetched and stored {
  "service": "beach-safety-api",
  "centerId": "efe6b507-ecd3-4eac-bd21-82cbe1125cc0",
  "centerName": "Hammamet Beach Safety Center",
  "temperature": 28.2,
  "condition": "Clear",
  "waveHeight": 0.29,
  "currentSpeed": 0.46
}
2025-07-19 09:11:24 [[32minfo[39m]: ::ffff:127.0.0.1 - - [19/Jul/2025:08:11:24 +0000] "GET /api/v1/weather/centers/efe6b507-ecd3-4eac-bd21-82cbe1125cc0/current HTTP/1.1" 200 570 "http://localhost:3000/" "Mozilla/5.0 (X11; Ubuntu; Linux x86_64; rv:136.0) Gecko/20100101 Firefox/136.0" {
  "service": "beach-safety-api"
}
2025-07-19 09:11:24 [[32minfo[39m]: Weather forecast fetched and stored {
  "service": "beach-safety-api",
  "centerId": "efe6b507-ecd3-4eac-bd21-82cbe1125cc0",
  "centerName": "Hammamet Beach Safety Center",
  "forecastDays": 6
}
2025-07-19 09:11:24 [[32minfo[39m]: ::ffff:127.0.0.1 - - [19/Jul/2025:08:11:24 +0000] "GET /api/v1/weather/centers/efe6b507-ecd3-4eac-bd21-82cbe1125cc0/forecast HTTP/1.1" 304 - "http://localhost:3000/" "Mozilla/5.0 (X11; Ubuntu; Linux x86_64; rv:136.0) Gecko/20100101 Firefox/136.0" {
  "service": "beach-safety-api"
}
2025-07-19 09:11:27 [[32minfo[39m]: Retrieved shifts for center {
  "service": "beach-safety-api",
  "centerId": "efe6b507-ecd3-4eac-bd21-82cbe1125cc0",
  "count": 55,
  "adminId": "ed748b3b-160e-4ab2-be0b-f6c973d65eba"
}
2025-07-19 09:11:27 [[32minfo[39m]: ::ffff:127.0.0.1 - - [19/Jul/2025:08:11:27 +0000] "GET /api/v1/shifts HTTP/1.1" 304 - "http://localhost:3000/" "Mozilla/5.0 (X11; Ubuntu; Linux x86_64; rv:136.0) Gecko/20100101 Firefox/136.0" {
  "service": "beach-safety-api"
}
2025-07-19 09:11:27 [[32minfo[39m]: Retrieved shifts for center {
  "service": "beach-safety-api",
  "centerId": "efe6b507-ecd3-4eac-bd21-82cbe1125cc0",
  "count": 55,
  "adminId": "ed748b3b-160e-4ab2-be0b-f6c973d65eba"
}
2025-07-19 09:11:27 [[32minfo[39m]: ::ffff:127.0.0.1 - - [19/Jul/2025:08:11:27 +0000] "GET /api/v1/shifts HTTP/1.1" 200 31287 "http://localhost:3000/" "Mozilla/5.0 (X11; Ubuntu; Linux x86_64; rv:136.0) Gecko/20100101 Firefox/136.0" {
  "service": "beach-safety-api"
}
2025-07-19 09:11:27 [[32minfo[39m]: Retrieved lifeguards for center {
  "service": "beach-safety-api",
  "centerId": "efe6b507-ecd3-4eac-bd21-82cbe1125cc0",
  "count": 3,
  "adminId": "ed748b3b-160e-4ab2-be0b-f6c973d65eba"
}
2025-07-19 09:11:27 [[32minfo[39m]: ::ffff:127.0.0.1 - - [19/Jul/2025:08:11:27 +0000] "GET /api/v1/lifeguards HTTP/1.1" 304 - "http://localhost:3000/" "Mozilla/5.0 (X11; Ubuntu; Linux x86_64; rv:136.0) Gecko/20100101 Firefox/136.0" {
  "service": "beach-safety-api"
}
2025-07-19 09:11:27 [[32minfo[39m]: ::ffff:127.0.0.1 - - [19/Jul/2025:08:11:27 +0000] "GET /api/v1/centers/efe6b507-ecd3-4eac-bd21-82cbe1125cc0/location-check-in HTTP/1.1" 304 - "http://localhost:3000/" "Mozilla/5.0 (X11; Ubuntu; Linux x86_64; rv:136.0) Gecko/20100101 Firefox/136.0" {
  "service": "beach-safety-api"
}
2025-07-19 09:11:27 [[32minfo[39m]: Retrieved lifeguards for center {
  "service": "beach-safety-api",
  "centerId": "efe6b507-ecd3-4eac-bd21-82cbe1125cc0",
  "count": 3,
  "adminId": "ed748b3b-160e-4ab2-be0b-f6c973d65eba"
}
2025-07-19 09:11:27 [[32minfo[39m]: ::ffff:127.0.0.1 - - [19/Jul/2025:08:11:27 +0000] "GET /api/v1/lifeguards HTTP/1.1" 200 1837 "http://localhost:3000/" "Mozilla/5.0 (X11; Ubuntu; Linux x86_64; rv:136.0) Gecko/20100101 Firefox/136.0" {
  "service": "beach-safety-api"
}
2025-07-19 09:11:27 [[32minfo[39m]: ::ffff:127.0.0.1 - - [19/Jul/2025:08:11:27 +0000] "GET /api/v1/centers/efe6b507-ecd3-4eac-bd21-82cbe1125cc0/location-check-in HTTP/1.1" 200 141 "http://localhost:3000/" "Mozilla/5.0 (X11; Ubuntu; Linux x86_64; rv:136.0) Gecko/20100101 Firefox/136.0" {
  "service": "beach-safety-api"
}
2025-07-19 09:12:21 [[32minfo[39m]: Connected to PostgreSQL database {
  "service": "beach-safety-api"
}
2025-07-19 09:12:21 [[32minfo[39m]: Updated shift {
  "service": "beach-safety-api",
  "shiftId": "de389681-a4be-473a-a389-8d641e5cd91f",
  "centerId": "efe6b507-ecd3-4eac-bd21-82cbe1125cc0",
  "adminId": "ed748b3b-160e-4ab2-be0b-f6c973d65eba"
}
2025-07-19 09:12:21 [[32minfo[39m]: ::ffff:127.0.0.1 - - [19/Jul/2025:08:12:21 +0000] "PUT /api/v1/shifts/de389681-a4be-473a-a389-8d641e5cd91f HTTP/1.1" 200 621 "http://localhost:3000/" "Mozilla/5.0 (X11; Ubuntu; Linux x86_64; rv:136.0) Gecko/20100101 Firefox/136.0" {
  "service": "beach-safety-api"
}
2025-07-19 09:12:22 [[32minfo[39m]: Retrieved shifts for center {
  "service": "beach-safety-api",
  "centerId": "efe6b507-ecd3-4eac-bd21-82cbe1125cc0",
  "count": 55,
  "adminId": "ed748b3b-160e-4ab2-be0b-f6c973d65eba"
}
2025-07-19 09:12:22 [[32minfo[39m]: ::ffff:127.0.0.1 - - [19/Jul/2025:08:12:22 +0000] "GET /api/v1/shifts HTTP/1.1" 200 31287 "http://localhost:3000/" "Mozilla/5.0 (X11; Ubuntu; Linux x86_64; rv:136.0) Gecko/20100101 Firefox/136.0" {
  "service": "beach-safety-api"
}
2025-07-19 09:12:22 [[32minfo[39m]: Connected to PostgreSQL database {
  "service": "beach-safety-api"
}
2025-07-19 09:12:22 [[32minfo[39m]: Retrieved lifeguards for center {
  "service": "beach-safety-api",
  "centerId": "efe6b507-ecd3-4eac-bd21-82cbe1125cc0",
  "count": 3,
  "adminId": "ed748b3b-160e-4ab2-be0b-f6c973d65eba"
}
2025-07-19 09:12:22 [[32minfo[39m]: ::ffff:127.0.0.1 - - [19/Jul/2025:08:12:22 +0000] "GET /api/v1/lifeguards HTTP/1.1" 304 - "http://localhost:3000/" "Mozilla/5.0 (X11; Ubuntu; Linux x86_64; rv:136.0) Gecko/20100101 Firefox/136.0" {
  "service": "beach-safety-api"
}
2025-07-19 09:12:26 [[32minfo[39m]: User logged out {
  "service": "beach-safety-api",
  "userId": "ed748b3b-160e-4ab2-be0b-f6c973d65eba"
}
2025-07-19 09:12:26 [[32minfo[39m]: ::ffff:127.0.0.1 - - [19/Jul/2025:08:12:26 +0000] "POST /api/v1/auth/logout HTTP/1.1" 200 52 "http://localhost:3000/" "Mozilla/5.0 (X11; Ubuntu; Linux x86_64; rv:136.0) Gecko/20100101 Firefox/136.0" {
  "service": "beach-safety-api"
}
2025-07-19 09:12:26 [[32minfo[39m]: Client disconnected {
  "service": "beach-safety-api",
  "socketId": "Vrs0ynrDLF-MoFK7AAAQ"
}
2025-07-19 09:12:26 [[32minfo[39m]: Client disconnected {
  "service": "beach-safety-api",
  "socketId": "S0tjFjSJUDdJJ3-cAAAR"
}
2025-07-19 09:12:32 [[32minfo[39m]: User logged in successfully {
  "service": "beach-safety-api",
  "userId": "0831e676-0b8f-463c-b182-2d3a062f5802",
  "email": "hammamet.lifeguard2@beachsafety.com",
  "role": "lifeguard"
}
2025-07-19 09:12:32 [[32minfo[39m]: ::ffff:127.0.0.1 - - [19/Jul/2025:08:12:32 +0000] "POST /api/v1/auth/login HTTP/1.1" 200 1043 "http://localhost:3000/" "Mozilla/5.0 (X11; Ubuntu; Linux x86_64; rv:136.0) Gecko/20100101 Firefox/136.0" {
  "service": "beach-safety-api"
}
2025-07-19 09:12:32 [[32minfo[39m]: Client connected {
  "service": "beach-safety-api",
  "socketId": "rpaXPm90IdHyvO3IAAAU"
}
2025-07-19 09:12:32 [[32minfo[39m]: Retrieved lifeguard current shift {
  "service": "beach-safety-api",
  "lifeguardId": "a0ad886c-b5de-45de-8e03-bc60b4ab7c77",
  "userId": "0831e676-0b8f-463c-b182-2d3a062f5802",
  "shiftId": "de389681-a4be-473a-a389-8d641e5cd91f"
}
2025-07-19 09:12:32 [[32minfo[39m]: ::ffff:127.0.0.1 - - [19/Jul/2025:08:12:32 +0000] "GET /api/v1/shifts/current/a0ad886c-b5de-45de-8e03-bc60b4ab7c77 HTTP/1.1" 200 412 "http://localhost:3000/" "Mozilla/5.0 (X11; Ubuntu; Linux x86_64; rv:136.0) Gecko/20100101 Firefox/136.0" {
  "service": "beach-safety-api"
}
2025-07-19 09:12:32 [[32minfo[39m]: Retrieved lifeguard current shift {
  "service": "beach-safety-api",
  "lifeguardId": "a0ad886c-b5de-45de-8e03-bc60b4ab7c77",
  "userId": "0831e676-0b8f-463c-b182-2d3a062f5802",
  "shiftId": "de389681-a4be-473a-a389-8d641e5cd91f"
}
2025-07-19 09:12:32 [[32minfo[39m]: ::ffff:127.0.0.1 - - [19/Jul/2025:08:12:32 +0000] "GET /api/v1/shifts/current/a0ad886c-b5de-45de-8e03-bc60b4ab7c77 HTTP/1.1" 200 412 "http://localhost:3000/" "Mozilla/5.0 (X11; Ubuntu; Linux x86_64; rv:136.0) Gecko/20100101 Firefox/136.0" {
  "service": "beach-safety-api"
}
2025-07-19 09:12:32 [[32minfo[39m]: Client joined center room {
  "service": "beach-safety-api",
  "socketId": "rpaXPm90IdHyvO3IAAAU",
  "centerId": "efe6b507-ecd3-4eac-bd21-82cbe1125cc0"
}
2025-07-19 09:12:32 [[32minfo[39m]: ::ffff:127.0.0.1 - - [19/Jul/2025:08:12:32 +0000] "GET /api/v1/alerts HTTP/1.1" 200 5911 "http://localhost:3000/" "Mozilla/5.0 (X11; Ubuntu; Linux x86_64; rv:136.0) Gecko/20100101 Firefox/136.0" {
  "service": "beach-safety-api"
}
2025-07-19 09:12:32 [[32minfo[39m]: ::ffff:127.0.0.1 - - [19/Jul/2025:08:12:32 +0000] "GET /api/v1/alerts HTTP/1.1" 304 - "http://localhost:3000/" "Mozilla/5.0 (X11; Ubuntu; Linux x86_64; rv:136.0) Gecko/20100101 Firefox/136.0" {
  "service": "beach-safety-api"
}
2025-07-19 09:12:32 [[32minfo[39m]: Client connected {
  "service": "beach-safety-api",
  "socketId": "nUTm5xEY_ffBV_jnAAAW"
}
2025-07-19 09:12:32 [[32minfo[39m]: Client joined center room {
  "service": "beach-safety-api",
  "socketId": "nUTm5xEY_ffBV_jnAAAW",
  "centerId": "efe6b507-ecd3-4eac-bd21-82cbe1125cc0"
}
2025-07-19 09:12:33 [[32minfo[39m]: Client connected {
  "service": "beach-safety-api",
  "socketId": "cM6jc7TkaGklSgI5AAAY"
}
2025-07-19 09:12:33 [[32minfo[39m]: Raw OpenWeatherMap API response {
  "service": "beach-safety-api",
  "centerId": "efe6b507-ecd3-4eac-bd21-82cbe1125cc0",
  "centerName": "Hammamet Beach Safety Center",
  "coordinates": {
    "lat": 36.4,
    "lng": 10.6167
  },
  "visibility": 10000,
  "weather_condition": "Clear",
  "temperature": 28.2,
  "wind_speed": 4.17,
  "humidity": 67,
  "pressure": 1014,
  "raw_response": {
    "visibility": 10000,
    "weather": [
      {
        "id": 800,
        "main": "Clear",
        "description": "clear sky",
        "icon": "01d"
      }
    ],
    "main": {
      "temp": 28.2,
      "feels_like": 30.64,
      "temp_min": 28.2,
      "temp_max": 28.2,
      "pressure": 1014,
      "humidity": 67,
      "sea_level": 1014,
      "grnd_level": 1005
    },
    "wind": {
      "speed": 4.17,
      "deg": 180,
      "gust": 4.51
    }
  }
}
2025-07-19 09:12:33 [[32minfo[39m]: Simulated marine data {
  "service": "beach-safety-api",
  "wave_height": 0.1,
  "current_speed": 0.37
}
2025-07-19 09:12:33 [[32minfo[39m]: Transformed weather data {
  "service": "beach-safety-api",
  "centerId": "efe6b507-ecd3-4eac-bd21-82cbe1125cc0",
  "centerName": "Hammamet Beach Safety Center",
  "original_visibility_meters": 10000,
  "transformed_visibility_km": 10,
  "temperature": 28.2,
  "wind_speed": 4.17,
  "weather_condition": "Clear",
  "wave_height": 0.1,
  "current_speed": 0.37
}
2025-07-19 09:12:33 [[32minfo[39m]: Raw OpenWeatherMap API response {
  "service": "beach-safety-api",
  "centerId": "efe6b507-ecd3-4eac-bd21-82cbe1125cc0",
  "centerName": "Hammamet Beach Safety Center",
  "coordinates": {
    "lat": 36.4,
    "lng": 10.6167
  },
  "visibility": 10000,
  "weather_condition": "Clear",
  "temperature": 28.2,
  "wind_speed": 4.17,
  "humidity": 67,
  "pressure": 1014,
  "raw_response": {
    "visibility": 10000,
    "weather": [
      {
        "id": 800,
        "main": "Clear",
        "description": "clear sky",
        "icon": "01d"
      }
    ],
    "main": {
      "temp": 28.2,
      "feels_like": 30.64,
      "temp_min": 28.2,
      "temp_max": 28.2,
      "pressure": 1014,
      "humidity": 67,
      "sea_level": 1014,
      "grnd_level": 1005
    },
    "wind": {
      "speed": 4.17,
      "deg": 180,
      "gust": 4.51
    }
  }
}
2025-07-19 09:12:33 [[32minfo[39m]: Simulated marine data {
  "service": "beach-safety-api",
  "wave_height": 0.54,
  "current_speed": 0.4
}
2025-07-19 09:12:33 [[32minfo[39m]: Transformed weather data {
  "service": "beach-safety-api",
  "centerId": "efe6b507-ecd3-4eac-bd21-82cbe1125cc0",
  "centerName": "Hammamet Beach Safety Center",
  "original_visibility_meters": 10000,
  "transformed_visibility_km": 10,
  "temperature": 28.2,
  "wind_speed": 4.17,
  "weather_condition": "Clear",
  "wave_height": 0.54,
  "current_speed": 0.4
}
2025-07-19 09:12:33 [[32minfo[39m]: Current weather and marine data fetched and stored {
  "service": "beach-safety-api",
  "centerId": "efe6b507-ecd3-4eac-bd21-82cbe1125cc0",
  "centerName": "Hammamet Beach Safety Center",
  "temperature": 28.2,
  "condition": "Clear",
  "waveHeight": 0.1,
  "currentSpeed": 0.37
}
2025-07-19 09:12:33 [[32minfo[39m]: ::ffff:127.0.0.1 - - [19/Jul/2025:08:12:33 +0000] "GET /api/v1/weather/centers/efe6b507-ecd3-4eac-bd21-82cbe1125cc0/current HTTP/1.1" 200 570 "http://localhost:3000/" "Mozilla/5.0 (X11; Ubuntu; Linux x86_64; rv:136.0) Gecko/20100101 Firefox/136.0" {
  "service": "beach-safety-api"
}
2025-07-19 09:12:33 [[32minfo[39m]: Current weather and marine data fetched and stored {
  "service": "beach-safety-api",
  "centerId": "efe6b507-ecd3-4eac-bd21-82cbe1125cc0",
  "centerName": "Hammamet Beach Safety Center",
  "temperature": 28.2,
  "condition": "Clear",
  "waveHeight": 0.54,
  "currentSpeed": 0.4
}
2025-07-19 09:12:33 [[32minfo[39m]: ::ffff:127.0.0.1 - - [19/Jul/2025:08:12:33 +0000] "GET /api/v1/weather/centers/efe6b507-ecd3-4eac-bd21-82cbe1125cc0/current HTTP/1.1" 200 570 "http://localhost:3000/" "Mozilla/5.0 (X11; Ubuntu; Linux x86_64; rv:136.0) Gecko/20100101 Firefox/136.0" {
  "service": "beach-safety-api"
}
2025-07-19 09:12:33 [[32minfo[39m]: Weather forecast fetched and stored {
  "service": "beach-safety-api",
  "centerId": "efe6b507-ecd3-4eac-bd21-82cbe1125cc0",
  "centerName": "Hammamet Beach Safety Center",
  "forecastDays": 6
}
2025-07-19 09:12:33 [[32minfo[39m]: ::ffff:127.0.0.1 - - [19/Jul/2025:08:12:33 +0000] "GET /api/v1/weather/centers/efe6b507-ecd3-4eac-bd21-82cbe1125cc0/forecast HTTP/1.1" 200 943 "http://localhost:3000/" "Mozilla/5.0 (X11; Ubuntu; Linux x86_64; rv:136.0) Gecko/20100101 Firefox/136.0" {
  "service": "beach-safety-api"
}
2025-07-19 09:12:33 [[32minfo[39m]: Weather forecast fetched and stored {
  "service": "beach-safety-api",
  "centerId": "efe6b507-ecd3-4eac-bd21-82cbe1125cc0",
  "centerName": "Hammamet Beach Safety Center",
  "forecastDays": 6
}
2025-07-19 09:12:33 [[32minfo[39m]: ::ffff:127.0.0.1 - - [19/Jul/2025:08:12:33 +0000] "GET /api/v1/weather/centers/efe6b507-ecd3-4eac-bd21-82cbe1125cc0/forecast HTTP/1.1" 304 - "http://localhost:3000/" "Mozilla/5.0 (X11; Ubuntu; Linux x86_64; rv:136.0) Gecko/20100101 Firefox/136.0" {
  "service": "beach-safety-api"
}
2025-07-19 09:12:36 [[32minfo[39m]: Client disconnected {
  "service": "beach-safety-api",
  "socketId": "nUTm5xEY_ffBV_jnAAAW"
}
2025-07-19 09:12:36 [[32minfo[39m]: Retrieved lifeguard own shifts {
  "service": "beach-safety-api",
  "lifeguardId": "a0ad886c-b5de-45de-8e03-bc60b4ab7c77",
  "userId": "0831e676-0b8f-463c-b182-2d3a062f5802",
  "count": 31
}
2025-07-19 09:12:36 [[32minfo[39m]: ::ffff:127.0.0.1 - - [19/Jul/2025:08:12:36 +0000] "GET /api/v1/shifts/my-shifts HTTP/1.1" 200 12346 "http://localhost:3000/" "Mozilla/5.0 (X11; Ubuntu; Linux x86_64; rv:136.0) Gecko/20100101 Firefox/136.0" {
  "service": "beach-safety-api"
}
2025-07-19 09:12:36 [[32minfo[39m]: Retrieved lifeguard own shifts {
  "service": "beach-safety-api",
  "lifeguardId": "a0ad886c-b5de-45de-8e03-bc60b4ab7c77",
  "userId": "0831e676-0b8f-463c-b182-2d3a062f5802",
  "count": 31
}
2025-07-19 09:12:36 [[32minfo[39m]: ::ffff:127.0.0.1 - - [19/Jul/2025:08:12:36 +0000] "GET /api/v1/shifts/my-shifts HTTP/1.1" 200 12346 "http://localhost:3000/" "Mozilla/5.0 (X11; Ubuntu; Linux x86_64; rv:136.0) Gecko/20100101 Firefox/136.0" {
  "service": "beach-safety-api"
}
2025-07-19 09:12:38 [[32minfo[39m]: Lifeguard checked in to shift {
  "service": "beach-safety-api",
  "shiftId": "de389681-a4be-473a-a389-8d641e5cd91f",
  "lifeguardId": "a0ad886c-b5de-45de-8e03-bc60b4ab7c77"
}
2025-07-19 09:12:38 [[32minfo[39m]: ::ffff:127.0.0.1 - - [19/Jul/2025:08:12:38 +0000] "POST /api/v1/shifts/de389681-a4be-473a-a389-8d641e5cd91f/check-in HTTP/1.1" 200 533 "http://localhost:3000/" "Mozilla/5.0 (X11; Ubuntu; Linux x86_64; rv:136.0) Gecko/20100101 Firefox/136.0" {
  "service": "beach-safety-api"
}
2025-07-19 09:12:38 [[32minfo[39m]: Retrieved lifeguard own shifts {
  "service": "beach-safety-api",
  "lifeguardId": "a0ad886c-b5de-45de-8e03-bc60b4ab7c77",
  "userId": "0831e676-0b8f-463c-b182-2d3a062f5802",
  "count": 31
}
2025-07-19 09:12:38 [[32minfo[39m]: ::ffff:127.0.0.1 - - [19/Jul/2025:08:12:38 +0000] "GET /api/v1/shifts/my-shifts HTTP/1.1" 200 12413 "http://localhost:3000/" "Mozilla/5.0 (X11; Ubuntu; Linux x86_64; rv:136.0) Gecko/20100101 Firefox/136.0" {
  "service": "beach-safety-api"
}
2025-07-19 09:12:40 [[32minfo[39m]: Retrieved lifeguard current shift {
  "service": "beach-safety-api",
  "lifeguardId": "a0ad886c-b5de-45de-8e03-bc60b4ab7c77",
  "userId": "0831e676-0b8f-463c-b182-2d3a062f5802",
  "shiftId": "de389681-a4be-473a-a389-8d641e5cd91f"
}
2025-07-19 09:12:40 [[32minfo[39m]: ::ffff:127.0.0.1 - - [19/Jul/2025:08:12:40 +0000] "GET /api/v1/shifts/current/a0ad886c-b5de-45de-8e03-bc60b4ab7c77 HTTP/1.1" 200 479 "http://localhost:3000/" "Mozilla/5.0 (X11; Ubuntu; Linux x86_64; rv:136.0) Gecko/20100101 Firefox/136.0" {
  "service": "beach-safety-api"
}
2025-07-19 09:12:40 [[32minfo[39m]: Retrieved lifeguard current shift {
  "service": "beach-safety-api",
  "lifeguardId": "a0ad886c-b5de-45de-8e03-bc60b4ab7c77",
  "userId": "0831e676-0b8f-463c-b182-2d3a062f5802",
  "shiftId": "de389681-a4be-473a-a389-8d641e5cd91f"
}
2025-07-19 09:12:40 [[32minfo[39m]: ::ffff:127.0.0.1 - - [19/Jul/2025:08:12:40 +0000] "GET /api/v1/shifts/current/a0ad886c-b5de-45de-8e03-bc60b4ab7c77 HTTP/1.1" 200 479 "http://localhost:3000/" "Mozilla/5.0 (X11; Ubuntu; Linux x86_64; rv:136.0) Gecko/20100101 Firefox/136.0" {
  "service": "beach-safety-api"
}
2025-07-19 09:12:40 [[32minfo[39m]: ::ffff:127.0.0.1 - - [19/Jul/2025:08:12:40 +0000] "GET /api/v1/alerts HTTP/1.1" 200 5911 "http://localhost:3000/" "Mozilla/5.0 (X11; Ubuntu; Linux x86_64; rv:136.0) Gecko/20100101 Firefox/136.0" {
  "service": "beach-safety-api"
}
2025-07-19 09:12:40 [[32minfo[39m]: ::ffff:127.0.0.1 - - [19/Jul/2025:08:12:40 +0000] "GET /api/v1/alerts HTTP/1.1" 304 - "http://localhost:3000/" "Mozilla/5.0 (X11; Ubuntu; Linux x86_64; rv:136.0) Gecko/20100101 Firefox/136.0" {
  "service": "beach-safety-api"
}
2025-07-19 09:12:41 [[32minfo[39m]: Client connected {
  "service": "beach-safety-api",
  "socketId": "uLjddd1Yt_w-EE4bAAAb"
}
2025-07-19 09:12:41 [[32minfo[39m]: Client joined center room {
  "service": "beach-safety-api",
  "socketId": "uLjddd1Yt_w-EE4bAAAb",
  "centerId": "efe6b507-ecd3-4eac-bd21-82cbe1125cc0"
}
2025-07-19 09:12:41 [[32minfo[39m]: Raw OpenWeatherMap API response {
  "service": "beach-safety-api",
  "centerId": "efe6b507-ecd3-4eac-bd21-82cbe1125cc0",
  "centerName": "Hammamet Beach Safety Center",
  "coordinates": {
    "lat": 36.4,
    "lng": 10.6167
  },
  "visibility": 10000,
  "weather_condition": "Clear",
  "temperature": 28.2,
  "wind_speed": 4.17,
  "humidity": 67,
  "pressure": 1014,
  "raw_response": {
    "visibility": 10000,
    "weather": [
      {
        "id": 800,
        "main": "Clear",
        "description": "clear sky",
        "icon": "01d"
      }
    ],
    "main": {
      "temp": 28.2,
      "feels_like": 30.64,
      "temp_min": 28.2,
      "temp_max": 28.2,
      "pressure": 1014,
      "humidity": 67,
      "sea_level": 1014,
      "grnd_level": 1005
    },
    "wind": {
      "speed": 4.17,
      "deg": 180,
      "gust": 4.51
    }
  }
}
2025-07-19 09:12:41 [[32minfo[39m]: Simulated marine data {
  "service": "beach-safety-api",
  "wave_height": 0.8,
  "current_speed": 0.52
}
2025-07-19 09:12:41 [[32minfo[39m]: Transformed weather data {
  "service": "beach-safety-api",
  "centerId": "efe6b507-ecd3-4eac-bd21-82cbe1125cc0",
  "centerName": "Hammamet Beach Safety Center",
  "original_visibility_meters": 10000,
  "transformed_visibility_km": 10,
  "temperature": 28.2,
  "wind_speed": 4.17,
  "weather_condition": "Clear",
  "wave_height": 0.8,
  "current_speed": 0.52
}
2025-07-19 09:12:41 [[32minfo[39m]: Raw OpenWeatherMap API response {
  "service": "beach-safety-api",
  "centerId": "efe6b507-ecd3-4eac-bd21-82cbe1125cc0",
  "centerName": "Hammamet Beach Safety Center",
  "coordinates": {
    "lat": 36.4,
    "lng": 10.6167
  },
  "visibility": 10000,
  "weather_condition": "Clear",
  "temperature": 28.2,
  "wind_speed": 4.17,
  "humidity": 67,
  "pressure": 1014,
  "raw_response": {
    "visibility": 10000,
    "weather": [
      {
        "id": 800,
        "main": "Clear",
        "description": "clear sky",
        "icon": "01d"
      }
    ],
    "main": {
      "temp": 28.2,
      "feels_like": 30.64,
      "temp_min": 28.2,
      "temp_max": 28.2,
      "pressure": 1014,
      "humidity": 67,
      "sea_level": 1014,
      "grnd_level": 1005
    },
    "wind": {
      "speed": 4.17,
      "deg": 180,
      "gust": 4.51
    }
  }
}
2025-07-19 09:12:41 [[32minfo[39m]: Simulated marine data {
  "service": "beach-safety-api",
  "wave_height": 0.67,
  "current_speed": 0.32
}
2025-07-19 09:12:41 [[32minfo[39m]: Transformed weather data {
  "service": "beach-safety-api",
  "centerId": "efe6b507-ecd3-4eac-bd21-82cbe1125cc0",
  "centerName": "Hammamet Beach Safety Center",
  "original_visibility_meters": 10000,
  "transformed_visibility_km": 10,
  "temperature": 28.2,
  "wind_speed": 4.17,
  "weather_condition": "Clear",
  "wave_height": 0.67,
  "current_speed": 0.32
}
2025-07-19 09:12:41 [[32minfo[39m]: Current weather and marine data fetched and stored {
  "service": "beach-safety-api",
  "centerId": "efe6b507-ecd3-4eac-bd21-82cbe1125cc0",
  "centerName": "Hammamet Beach Safety Center",
  "temperature": 28.2,
  "condition": "Clear",
  "waveHeight": 0.8,
  "currentSpeed": 0.52
}
2025-07-19 09:12:41 [[32minfo[39m]: ::ffff:127.0.0.1 - - [19/Jul/2025:08:12:41 +0000] "GET /api/v1/weather/centers/efe6b507-ecd3-4eac-bd21-82cbe1125cc0/current HTTP/1.1" 200 570 "http://localhost:3000/" "Mozilla/5.0 (X11; Ubuntu; Linux x86_64; rv:136.0) Gecko/20100101 Firefox/136.0" {
  "service": "beach-safety-api"
}
2025-07-19 09:12:41 [[32minfo[39m]: Current weather and marine data fetched and stored {
  "service": "beach-safety-api",
  "centerId": "efe6b507-ecd3-4eac-bd21-82cbe1125cc0",
  "centerName": "Hammamet Beach Safety Center",
  "temperature": 28.2,
  "condition": "Clear",
  "waveHeight": 0.67,
  "currentSpeed": 0.32
}
2025-07-19 09:12:41 [[32minfo[39m]: ::ffff:127.0.0.1 - - [19/Jul/2025:08:12:41 +0000] "GET /api/v1/weather/centers/efe6b507-ecd3-4eac-bd21-82cbe1125cc0/current HTTP/1.1" 200 570 "http://localhost:3000/" "Mozilla/5.0 (X11; Ubuntu; Linux x86_64; rv:136.0) Gecko/20100101 Firefox/136.0" {
  "service": "beach-safety-api"
}
2025-07-19 09:12:41 [[32minfo[39m]: Weather forecast fetched and stored {
  "service": "beach-safety-api",
  "centerId": "efe6b507-ecd3-4eac-bd21-82cbe1125cc0",
  "centerName": "Hammamet Beach Safety Center",
  "forecastDays": 6
}
2025-07-19 09:12:41 [[32minfo[39m]: ::ffff:127.0.0.1 - - [19/Jul/2025:08:12:41 +0000] "GET /api/v1/weather/centers/efe6b507-ecd3-4eac-bd21-82cbe1125cc0/forecast HTTP/1.1" 200 943 "http://localhost:3000/" "Mozilla/5.0 (X11; Ubuntu; Linux x86_64; rv:136.0) Gecko/20100101 Firefox/136.0" {
  "service": "beach-safety-api"
}
2025-07-19 09:12:41 [[32minfo[39m]: Weather forecast fetched and stored {
  "service": "beach-safety-api",
  "centerId": "efe6b507-ecd3-4eac-bd21-82cbe1125cc0",
  "centerName": "Hammamet Beach Safety Center",
  "forecastDays": 6
}
2025-07-19 09:12:41 [[32minfo[39m]: ::ffff:127.0.0.1 - - [19/Jul/2025:08:12:41 +0000] "GET /api/v1/weather/centers/efe6b507-ecd3-4eac-bd21-82cbe1125cc0/forecast HTTP/1.1" 304 - "http://localhost:3000/" "Mozilla/5.0 (X11; Ubuntu; Linux x86_64; rv:136.0) Gecko/20100101 Firefox/136.0" {
  "service": "beach-safety-api"
}
2025-07-19 09:12:49 [[32minfo[39m]: User logged out {
  "service": "beach-safety-api",
  "userId": "0831e676-0b8f-463c-b182-2d3a062f5802"
}
2025-07-19 09:12:49 [[32minfo[39m]: ::ffff:127.0.0.1 - - [19/Jul/2025:08:12:49 +0000] "POST /api/v1/auth/logout HTTP/1.1" 200 52 "http://localhost:3000/" "Mozilla/5.0 (X11; Ubuntu; Linux x86_64; rv:136.0) Gecko/20100101 Firefox/136.0" {
  "service": "beach-safety-api"
}
2025-07-19 09:12:49 [[32minfo[39m]: Client disconnected {
  "service": "beach-safety-api",
  "socketId": "uLjddd1Yt_w-EE4bAAAb"
}
2025-07-19 09:12:49 [[32minfo[39m]: Client disconnected {
  "service": "beach-safety-api",
  "socketId": "cM6jc7TkaGklSgI5AAAY"
}
2025-07-19 09:12:59 [[32minfo[39m]: User logged in successfully {
  "service": "beach-safety-api",
  "userId": "feda5168-4ce2-4ec5-a48f-9632b7a4f2e5",
  "email": "maamoura.admin@beachsafety.com",
  "role": "center_admin"
}
2025-07-19 09:12:59 [[32minfo[39m]: ::ffff:127.0.0.1 - - [19/Jul/2025:08:12:59 +0000] "POST /api/v1/auth/login HTTP/1.1" 200 631 "http://localhost:3000/" "Mozilla/5.0 (X11; Ubuntu; Linux x86_64; rv:136.0) Gecko/20100101 Firefox/136.0" {
  "service": "beach-safety-api"
}
2025-07-19 09:12:59 [[32minfo[39m]: ::ffff:127.0.0.1 - - [19/Jul/2025:08:12:59 +0000] "GET /api/v1/centers/2c140dc1-5fac-4efe-80e3-2ad63dea6b8f HTTP/1.1" 200 412 "http://localhost:3000/" "Mozilla/5.0 (X11; Ubuntu; Linux x86_64; rv:136.0) Gecko/20100101 Firefox/136.0" {
  "service": "beach-safety-api"
}
2025-07-19 09:12:59 [[32minfo[39m]: ::ffff:127.0.0.1 - - [19/Jul/2025:08:12:59 +0000] "GET /api/v1/centers/2c140dc1-5fac-4efe-80e3-2ad63dea6b8f HTTP/1.1" 200 412 "http://localhost:3000/" "Mozilla/5.0 (X11; Ubuntu; Linux x86_64; rv:136.0) Gecko/20100101 Firefox/136.0" {
  "service": "beach-safety-api"
}
2025-07-19 09:12:59 [[32minfo[39m]: Client connected {
  "service": "beach-safety-api",
  "socketId": "WWSCJbiv6t7gm6WKAAAe"
}
2025-07-19 09:12:59 [[32minfo[39m]: Client connected {
  "service": "beach-safety-api",
  "socketId": "8pLwjL-y4Fq0QxPKAAAf"
}
2025-07-19 09:12:59 [[32minfo[39m]: Client joined center room {
  "service": "beach-safety-api",
  "socketId": "WWSCJbiv6t7gm6WKAAAe",
  "centerId": "2c140dc1-5fac-4efe-80e3-2ad63dea6b8f"
}
2025-07-19 09:13:00 [[32minfo[39m]: Retrieved lifeguards for center {
  "service": "beach-safety-api",
  "centerId": "2c140dc1-5fac-4efe-80e3-2ad63dea6b8f",
  "count": 1,
  "adminId": "feda5168-4ce2-4ec5-a48f-9632b7a4f2e5"
}
2025-07-19 09:13:00 [[32minfo[39m]: ::ffff:127.0.0.1 - - [19/Jul/2025:08:13:00 +0000] "GET /api/v1/lifeguards HTTP/1.1" 200 487 "http://localhost:3000/" "Mozilla/5.0 (X11; Ubuntu; Linux x86_64; rv:136.0) Gecko/20100101 Firefox/136.0" {
  "service": "beach-safety-api"
}
2025-07-19 09:13:00 [[32minfo[39m]: Retrieved lifeguards for center {
  "service": "beach-safety-api",
  "centerId": "2c140dc1-5fac-4efe-80e3-2ad63dea6b8f",
  "count": 1,
  "adminId": "feda5168-4ce2-4ec5-a48f-9632b7a4f2e5"
}
2025-07-19 09:13:00 [[32minfo[39m]: ::ffff:127.0.0.1 - - [19/Jul/2025:08:13:00 +0000] "GET /api/v1/lifeguards HTTP/1.1" 200 487 "http://localhost:3000/" "Mozilla/5.0 (X11; Ubuntu; Linux x86_64; rv:136.0) Gecko/20100101 Firefox/136.0" {
  "service": "beach-safety-api"
}
2025-07-19 09:13:00 [[32minfo[39m]: Retrieved shifts for center {
  "service": "beach-safety-api",
  "centerId": "2c140dc1-5fac-4efe-80e3-2ad63dea6b8f",
  "count": 12,
  "adminId": "feda5168-4ce2-4ec5-a48f-9632b7a4f2e5"
}
2025-07-19 09:13:00 [[32minfo[39m]: ::ffff:127.0.0.1 - - [19/Jul/2025:08:13:00 +0000] "GET /api/v1/shifts HTTP/1.1" 200 6152 "http://localhost:3000/" "Mozilla/5.0 (X11; Ubuntu; Linux x86_64; rv:136.0) Gecko/20100101 Firefox/136.0" {
  "service": "beach-safety-api"
}
2025-07-19 09:13:00 [[32minfo[39m]: Retrieved shifts for center {
  "service": "beach-safety-api",
  "centerId": "2c140dc1-5fac-4efe-80e3-2ad63dea6b8f",
  "count": 12,
  "adminId": "feda5168-4ce2-4ec5-a48f-9632b7a4f2e5"
}
2025-07-19 09:13:00 [[32minfo[39m]: ::ffff:127.0.0.1 - - [19/Jul/2025:08:13:00 +0000] "GET /api/v1/shifts HTTP/1.1" 200 6152 "http://localhost:3000/" "Mozilla/5.0 (X11; Ubuntu; Linux x86_64; rv:136.0) Gecko/20100101 Firefox/136.0" {
  "service": "beach-safety-api"
}
2025-07-19 09:13:00 [[32minfo[39m]: ::ffff:127.0.0.1 - - [19/Jul/2025:08:13:00 +0000] "GET /api/v1/alerts HTTP/1.1" 200 4439 "http://localhost:3000/" "Mozilla/5.0 (X11; Ubuntu; Linux x86_64; rv:136.0) Gecko/20100101 Firefox/136.0" {
  "service": "beach-safety-api"
}
2025-07-19 09:13:00 [[32minfo[39m]: ::ffff:127.0.0.1 - - [19/Jul/2025:08:13:00 +0000] "GET /api/v1/alerts HTTP/1.1" 200 4439 "http://localhost:3000/" "Mozilla/5.0 (X11; Ubuntu; Linux x86_64; rv:136.0) Gecko/20100101 Firefox/136.0" {
  "service": "beach-safety-api"
}
2025-07-19 09:13:00 [[32minfo[39m]: ::ffff:127.0.0.1 - - [19/Jul/2025:08:13:00 +0000] "GET /api/v1/safety/centers/2c140dc1-5fac-4efe-80e3-2ad63dea6b8f/history?page=1&limit=50 HTTP/1.1" 200 10996 "http://localhost:3000/" "Mozilla/5.0 (X11; Ubuntu; Linux x86_64; rv:136.0) Gecko/20100101 Firefox/136.0" {
  "service": "beach-safety-api"
}
2025-07-19 09:13:00 [[32minfo[39m]: ::ffff:127.0.0.1 - - [19/Jul/2025:08:13:00 +0000] "GET /api/v1/safety/centers/2c140dc1-5fac-4efe-80e3-2ad63dea6b8f/history?page=1&limit=50 HTTP/1.1" 200 10996 "http://localhost:3000/" "Mozilla/5.0 (X11; Ubuntu; Linux x86_64; rv:136.0) Gecko/20100101 Firefox/136.0" {
  "service": "beach-safety-api"
}
2025-07-19 09:13:00 [[32minfo[39m]: Raw OpenWeatherMap API response {
  "service": "beach-safety-api",
  "centerId": "2c140dc1-5fac-4efe-80e3-2ad63dea6b8f",
  "centerName": "maamoura",
  "coordinates": {
    "lat": 36.50415378724642,
    "lng": 10.810546875000002
  },
  "visibility": 10000,
  "weather_condition": "Clear",
  "temperature": 28.12,
  "wind_speed": 4.41,
  "humidity": 71,
  "pressure": 1014,
  "raw_response": {
    "visibility": 10000,
    "weather": [
      {
        "id": 800,
        "main": "Clear",
        "description": "clear sky",
        "icon": "01d"
      }
    ],
    "main": {
      "temp": 28.12,
      "feels_like": 31.04,
      "temp_min": 28.12,
      "temp_max": 28.12,
      "pressure": 1014,
      "humidity": 71,
      "sea_level": 1014,
      "grnd_level": 1008
    },
    "wind": {
      "speed": 4.41,
      "deg": 180,
      "gust": 4.51
    }
  }
}
2025-07-19 09:13:00 [[32minfo[39m]: Simulated marine data {
  "service": "beach-safety-api",
  "wave_height": 0.66,
  "current_speed": 0.54
}
2025-07-19 09:13:00 [[32minfo[39m]: Transformed weather data {
  "service": "beach-safety-api",
  "centerId": "2c140dc1-5fac-4efe-80e3-2ad63dea6b8f",
  "centerName": "maamoura",
  "original_visibility_meters": 10000,
  "transformed_visibility_km": 10,
  "temperature": 28.12,
  "wind_speed": 4.41,
  "weather_condition": "Clear",
  "wave_height": 0.66,
  "current_speed": 0.54
}
2025-07-19 09:13:00 [[32minfo[39m]: Raw OpenWeatherMap API response {
  "service": "beach-safety-api",
  "centerId": "2c140dc1-5fac-4efe-80e3-2ad63dea6b8f",
  "centerName": "maamoura",
  "coordinates": {
    "lat": 36.50415378724642,
    "lng": 10.810546875000002
  },
  "visibility": 10000,
  "weather_condition": "Clear",
  "temperature": 28.12,
  "wind_speed": 4.41,
  "humidity": 71,
  "pressure": 1014,
  "raw_response": {
    "visibility": 10000,
    "weather": [
      {
        "id": 800,
        "main": "Clear",
        "description": "clear sky",
        "icon": "01d"
      }
    ],
    "main": {
      "temp": 28.12,
      "feels_like": 31.04,
      "temp_min": 28.12,
      "temp_max": 28.12,
      "pressure": 1014,
      "humidity": 71,
      "sea_level": 1014,
      "grnd_level": 1008
    },
    "wind": {
      "speed": 4.41,
      "deg": 180,
      "gust": 4.51
    }
  }
}
2025-07-19 09:13:00 [[32minfo[39m]: Simulated marine data {
  "service": "beach-safety-api",
  "wave_height": 0.58,
  "current_speed": 0.25
}
2025-07-19 09:13:00 [[32minfo[39m]: Transformed weather data {
  "service": "beach-safety-api",
  "centerId": "2c140dc1-5fac-4efe-80e3-2ad63dea6b8f",
  "centerName": "maamoura",
  "original_visibility_meters": 10000,
  "transformed_visibility_km": 10,
  "temperature": 28.12,
  "wind_speed": 4.41,
  "weather_condition": "Clear",
  "wave_height": 0.58,
  "current_speed": 0.25
}
2025-07-19 09:13:00 [[32minfo[39m]: Current weather and marine data fetched and stored {
  "service": "beach-safety-api",
  "centerId": "2c140dc1-5fac-4efe-80e3-2ad63dea6b8f",
  "centerName": "maamoura",
  "temperature": 28.12,
  "condition": "Clear",
  "waveHeight": 0.66,
  "currentSpeed": 0.54
}
2025-07-19 09:13:00 [[32minfo[39m]: ::ffff:127.0.0.1 - - [19/Jul/2025:08:13:00 +0000] "GET /api/v1/weather/centers/2c140dc1-5fac-4efe-80e3-2ad63dea6b8f/current HTTP/1.1" 200 570 "http://localhost:3000/" "Mozilla/5.0 (X11; Ubuntu; Linux x86_64; rv:136.0) Gecko/20100101 Firefox/136.0" {
  "service": "beach-safety-api"
}
2025-07-19 09:13:00 [[32minfo[39m]: Current weather and marine data fetched and stored {
  "service": "beach-safety-api",
  "centerId": "2c140dc1-5fac-4efe-80e3-2ad63dea6b8f",
  "centerName": "maamoura",
  "temperature": 28.12,
  "condition": "Clear",
  "waveHeight": 0.58,
  "currentSpeed": 0.25
}
2025-07-19 09:13:00 [[32minfo[39m]: ::ffff:127.0.0.1 - - [19/Jul/2025:08:13:00 +0000] "GET /api/v1/weather/centers/2c140dc1-5fac-4efe-80e3-2ad63dea6b8f/current HTTP/1.1" 200 570 "http://localhost:3000/" "Mozilla/5.0 (X11; Ubuntu; Linux x86_64; rv:136.0) Gecko/20100101 Firefox/136.0" {
  "service": "beach-safety-api"
}
2025-07-19 09:13:00 [[32minfo[39m]: Connected to PostgreSQL database {
  "service": "beach-safety-api"
}
2025-07-19 09:13:00 [[32minfo[39m]: Raw OpenWeatherMap API response {
  "service": "beach-safety-api",
  "centerId": "2c140dc1-5fac-4efe-80e3-2ad63dea6b8f",
  "centerName": "maamoura",
  "coordinates": {
    "lat": 36.50415378724642,
    "lng": 10.810546875000002
  },
  "visibility": 10000,
  "weather_condition": "Clear",
  "temperature": 28.12,
  "wind_speed": 4.41,
  "humidity": 71,
  "pressure": 1014,
  "raw_response": {
    "visibility": 10000,
    "weather": [
      {
        "id": 800,
        "main": "Clear",
        "description": "clear sky",
        "icon": "01d"
      }
    ],
    "main": {
      "temp": 28.12,
      "feels_like": 31.04,
      "temp_min": 28.12,
      "temp_max": 28.12,
      "pressure": 1014,
      "humidity": 71,
      "sea_level": 1014,
      "grnd_level": 1008
    },
    "wind": {
      "speed": 4.41,
      "deg": 180,
      "gust": 4.51
    }
  }
}
2025-07-19 09:13:00 [[32minfo[39m]: Simulated marine data {
  "service": "beach-safety-api",
  "wave_height": 0.28,
  "current_speed": 0.21
}
2025-07-19 09:13:00 [[32minfo[39m]: Transformed weather data {
  "service": "beach-safety-api",
  "centerId": "2c140dc1-5fac-4efe-80e3-2ad63dea6b8f",
  "centerName": "maamoura",
  "original_visibility_meters": 10000,
  "transformed_visibility_km": 10,
  "temperature": 28.12,
  "wind_speed": 4.41,
  "weather_condition": "Clear",
  "wave_height": 0.28,
  "current_speed": 0.21
}
2025-07-19 09:13:00 [[32minfo[39m]: Raw OpenWeatherMap API response {
  "service": "beach-safety-api",
  "centerId": "2c140dc1-5fac-4efe-80e3-2ad63dea6b8f",
  "centerName": "maamoura",
  "coordinates": {
    "lat": 36.50415378724642,
    "lng": 10.810546875000002
  },
  "visibility": 10000,
  "weather_condition": "Clear",
  "temperature": 28.12,
  "wind_speed": 4.41,
  "humidity": 71,
  "pressure": 1014,
  "raw_response": {
    "visibility": 10000,
    "weather": [
      {
        "id": 800,
        "main": "Clear",
        "description": "clear sky",
        "icon": "01d"
      }
    ],
    "main": {
      "temp": 28.12,
      "feels_like": 31.04,
      "temp_min": 28.12,
      "temp_max": 28.12,
      "pressure": 1014,
      "humidity": 71,
      "sea_level": 1014,
      "grnd_level": 1008
    },
    "wind": {
      "speed": 4.41,
      "deg": 180,
      "gust": 4.51
    }
  }
}
2025-07-19 09:13:00 [[32minfo[39m]: Simulated marine data {
  "service": "beach-safety-api",
  "wave_height": 0.11,
  "current_speed": 0.45
}
2025-07-19 09:13:00 [[32minfo[39m]: Transformed weather data {
  "service": "beach-safety-api",
  "centerId": "2c140dc1-5fac-4efe-80e3-2ad63dea6b8f",
  "centerName": "maamoura",
  "original_visibility_meters": 10000,
  "transformed_visibility_km": 10,
  "temperature": 28.12,
  "wind_speed": 4.41,
  "weather_condition": "Clear",
  "wave_height": 0.11,
  "current_speed": 0.45
}
2025-07-19 09:13:00 [[32minfo[39m]: Current weather and marine data fetched and stored {
  "service": "beach-safety-api",
  "centerId": "2c140dc1-5fac-4efe-80e3-2ad63dea6b8f",
  "centerName": "maamoura",
  "temperature": 28.12,
  "condition": "Clear",
  "waveHeight": 0.11,
  "currentSpeed": 0.45
}
2025-07-19 09:13:00 [[32minfo[39m]: ::ffff:127.0.0.1 - - [19/Jul/2025:08:13:00 +0000] "GET /api/v1/weather/centers/2c140dc1-5fac-4efe-80e3-2ad63dea6b8f/current HTTP/1.1" 200 570 "http://localhost:3000/" "Mozilla/5.0 (X11; Ubuntu; Linux x86_64; rv:136.0) Gecko/20100101 Firefox/136.0" {
  "service": "beach-safety-api"
}
2025-07-19 09:13:00 [[32minfo[39m]: Current weather and marine data fetched and stored {
  "service": "beach-safety-api",
  "centerId": "2c140dc1-5fac-4efe-80e3-2ad63dea6b8f",
  "centerName": "maamoura",
  "temperature": 28.12,
  "condition": "Clear",
  "waveHeight": 0.28,
  "currentSpeed": 0.21
}
2025-07-19 09:13:00 [[32minfo[39m]: ::ffff:127.0.0.1 - - [19/Jul/2025:08:13:00 +0000] "GET /api/v1/weather/centers/2c140dc1-5fac-4efe-80e3-2ad63dea6b8f/current HTTP/1.1" 200 570 "http://localhost:3000/" "Mozilla/5.0 (X11; Ubuntu; Linux x86_64; rv:136.0) Gecko/20100101 Firefox/136.0" {
  "service": "beach-safety-api"
}
2025-07-19 09:13:01 [[32minfo[39m]: Weather forecast fetched and stored {
  "service": "beach-safety-api",
  "centerId": "2c140dc1-5fac-4efe-80e3-2ad63dea6b8f",
  "centerName": "maamoura",
  "forecastDays": 6
}
2025-07-19 09:13:01 [[32minfo[39m]: ::ffff:127.0.0.1 - - [19/Jul/2025:08:13:01 +0000] "GET /api/v1/weather/centers/2c140dc1-5fac-4efe-80e3-2ad63dea6b8f/forecast HTTP/1.1" 200 946 "http://localhost:3000/" "Mozilla/5.0 (X11; Ubuntu; Linux x86_64; rv:136.0) Gecko/20100101 Firefox/136.0" {
  "service": "beach-safety-api"
}
2025-07-19 09:13:01 [[32minfo[39m]: Raw OpenWeatherMap API response {
  "service": "beach-safety-api",
  "centerId": "2c140dc1-5fac-4efe-80e3-2ad63dea6b8f",
  "centerName": "maamoura",
  "coordinates": {
    "lat": 36.50415378724642,
    "lng": 10.810546875000002
  },
  "visibility": 10000,
  "weather_condition": "Clear",
  "temperature": 28.12,
  "wind_speed": 4.41,
  "humidity": 71,
  "pressure": 1014,
  "raw_response": {
    "visibility": 10000,
    "weather": [
      {
        "id": 800,
        "main": "Clear",
        "description": "clear sky",
        "icon": "01d"
      }
    ],
    "main": {
      "temp": 28.12,
      "feels_like": 31.04,
      "temp_min": 28.12,
      "temp_max": 28.12,
      "pressure": 1014,
      "humidity": 71,
      "sea_level": 1014,
      "grnd_level": 1008
    },
    "wind": {
      "speed": 4.41,
      "deg": 180,
      "gust": 4.51
    }
  }
}
2025-07-19 09:13:01 [[32minfo[39m]: Simulated marine data {
  "service": "beach-safety-api",
  "wave_height": 0.13,
  "current_speed": 0.29
}
2025-07-19 09:13:01 [[32minfo[39m]: Transformed weather data {
  "service": "beach-safety-api",
  "centerId": "2c140dc1-5fac-4efe-80e3-2ad63dea6b8f",
  "centerName": "maamoura",
  "original_visibility_meters": 10000,
  "transformed_visibility_km": 10,
  "temperature": 28.12,
  "wind_speed": 4.41,
  "weather_condition": "Clear",
  "wave_height": 0.13,
  "current_speed": 0.29
}
2025-07-19 09:13:01 [[32minfo[39m]: Raw OpenWeatherMap API response {
  "service": "beach-safety-api",
  "centerId": "2c140dc1-5fac-4efe-80e3-2ad63dea6b8f",
  "centerName": "maamoura",
  "coordinates": {
    "lat": 36.50415378724642,
    "lng": 10.810546875000002
  },
  "visibility": 10000,
  "weather_condition": "Clear",
  "temperature": 28.12,
  "wind_speed": 4.41,
  "humidity": 71,
  "pressure": 1014,
  "raw_response": {
    "visibility": 10000,
    "weather": [
      {
        "id": 800,
        "main": "Clear",
        "description": "clear sky",
        "icon": "01d"
      }
    ],
    "main": {
      "temp": 28.12,
      "feels_like": 31.04,
      "temp_min": 28.12,
      "temp_max": 28.12,
      "pressure": 1014,
      "humidity": 71,
      "sea_level": 1014,
      "grnd_level": 1008
    },
    "wind": {
      "speed": 4.41,
      "deg": 180,
      "gust": 4.51
    }
  }
}
2025-07-19 09:13:01 [[32minfo[39m]: Simulated marine data {
  "service": "beach-safety-api",
  "wave_height": 0.1,
  "current_speed": 0.34
}
2025-07-19 09:13:01 [[32minfo[39m]: Transformed weather data {
  "service": "beach-safety-api",
  "centerId": "2c140dc1-5fac-4efe-80e3-2ad63dea6b8f",
  "centerName": "maamoura",
  "original_visibility_meters": 10000,
  "transformed_visibility_km": 10,
  "temperature": 28.12,
  "wind_speed": 4.41,
  "weather_condition": "Clear",
  "wave_height": 0.1,
  "current_speed": 0.34
}
2025-07-19 09:13:01 [[32minfo[39m]: Current weather and marine data fetched and stored {
  "service": "beach-safety-api",
  "centerId": "2c140dc1-5fac-4efe-80e3-2ad63dea6b8f",
  "centerName": "maamoura",
  "temperature": 28.12,
  "condition": "Clear",
  "waveHeight": 0.13,
  "currentSpeed": 0.29
}
2025-07-19 09:13:01 [[32minfo[39m]: ::ffff:127.0.0.1 - - [19/Jul/2025:08:13:01 +0000] "GET /api/v1/weather/centers/2c140dc1-5fac-4efe-80e3-2ad63dea6b8f/current HTTP/1.1" 200 570 "http://localhost:3000/" "Mozilla/5.0 (X11; Ubuntu; Linux x86_64; rv:136.0) Gecko/20100101 Firefox/136.0" {
  "service": "beach-safety-api"
}
2025-07-19 09:13:01 [[32minfo[39m]: Current weather and marine data fetched and stored {
  "service": "beach-safety-api",
  "centerId": "2c140dc1-5fac-4efe-80e3-2ad63dea6b8f",
  "centerName": "maamoura",
  "temperature": 28.12,
  "condition": "Clear",
  "waveHeight": 0.1,
  "currentSpeed": 0.34
}
2025-07-19 09:13:01 [[32minfo[39m]: ::ffff:127.0.0.1 - - [19/Jul/2025:08:13:01 +0000] "GET /api/v1/weather/centers/2c140dc1-5fac-4efe-80e3-2ad63dea6b8f/current HTTP/1.1" 200 570 "http://localhost:3000/" "Mozilla/5.0 (X11; Ubuntu; Linux x86_64; rv:136.0) Gecko/20100101 Firefox/136.0" {
  "service": "beach-safety-api"
}
2025-07-19 09:13:01 [[32minfo[39m]: Weather forecast fetched and stored {
  "service": "beach-safety-api",
  "centerId": "2c140dc1-5fac-4efe-80e3-2ad63dea6b8f",
  "centerName": "maamoura",
  "forecastDays": 6
}
2025-07-19 09:13:01 [[32minfo[39m]: ::ffff:127.0.0.1 - - [19/Jul/2025:08:13:01 +0000] "GET /api/v1/weather/centers/2c140dc1-5fac-4efe-80e3-2ad63dea6b8f/forecast HTTP/1.1" 304 - "http://localhost:3000/" "Mozilla/5.0 (X11; Ubuntu; Linux x86_64; rv:136.0) Gecko/20100101 Firefox/136.0" {
  "service": "beach-safety-api"
}
2025-07-19 09:13:11 [[32minfo[39m]: Client joined center room {
  "service": "beach-safety-api",
  "socketId": "8pLwjL-y4Fq0QxPKAAAf",
  "centerId": "2c140dc1-5fac-4efe-80e3-2ad63dea6b8f"
}
2025-07-19 09:13:11 [[32minfo[39m]: Retrieved shifts for center {
  "service": "beach-safety-api",
  "centerId": "2c140dc1-5fac-4efe-80e3-2ad63dea6b8f",
  "count": 12,
  "adminId": "feda5168-4ce2-4ec5-a48f-9632b7a4f2e5"
}
2025-07-19 09:13:11 [[32minfo[39m]: ::ffff:127.0.0.1 - - [19/Jul/2025:08:13:11 +0000] "GET /api/v1/shifts HTTP/1.1" 304 - "http://localhost:3000/" "Mozilla/5.0 (X11; Ubuntu; Linux x86_64; rv:136.0) Gecko/20100101 Firefox/136.0" {
  "service": "beach-safety-api"
}
2025-07-19 09:13:11 [[32minfo[39m]: ::ffff:127.0.0.1 - - [19/Jul/2025:08:13:11 +0000] "GET /api/v1/centers/2c140dc1-5fac-4efe-80e3-2ad63dea6b8f/location-check-in HTTP/1.1" 200 121 "http://localhost:3000/" "Mozilla/5.0 (X11; Ubuntu; Linux x86_64; rv:136.0) Gecko/20100101 Firefox/136.0" {
  "service": "beach-safety-api"
}
2025-07-19 09:13:11 [[32minfo[39m]: Retrieved lifeguards for center {
  "service": "beach-safety-api",
  "centerId": "2c140dc1-5fac-4efe-80e3-2ad63dea6b8f",
  "count": 1,
  "adminId": "feda5168-4ce2-4ec5-a48f-9632b7a4f2e5"
}
2025-07-19 09:13:11 [[32minfo[39m]: ::ffff:127.0.0.1 - - [19/Jul/2025:08:13:11 +0000] "GET /api/v1/lifeguards HTTP/1.1" 304 - "http://localhost:3000/" "Mozilla/5.0 (X11; Ubuntu; Linux x86_64; rv:136.0) Gecko/20100101 Firefox/136.0" {
  "service": "beach-safety-api"
}
2025-07-19 09:13:11 [[32minfo[39m]: Connected to PostgreSQL database {
  "service": "beach-safety-api"
}
2025-07-19 09:13:11 [[32minfo[39m]: Connected to PostgreSQL database {
  "service": "beach-safety-api"
}
2025-07-19 09:13:11 [[32minfo[39m]: Connected to PostgreSQL database {
  "service": "beach-safety-api"
}
2025-07-19 09:13:11 [[32minfo[39m]: Retrieved lifeguards for center {
  "service": "beach-safety-api",
  "centerId": "2c140dc1-5fac-4efe-80e3-2ad63dea6b8f",
  "count": 1,
  "adminId": "feda5168-4ce2-4ec5-a48f-9632b7a4f2e5"
}
2025-07-19 09:13:11 [[32minfo[39m]: ::ffff:127.0.0.1 - - [19/Jul/2025:08:13:11 +0000] "GET /api/v1/lifeguards HTTP/1.1" 200 487 "http://localhost:3000/" "Mozilla/5.0 (X11; Ubuntu; Linux x86_64; rv:136.0) Gecko/20100101 Firefox/136.0" {
  "service": "beach-safety-api"
}
2025-07-19 09:13:11 [[32minfo[39m]: ::ffff:127.0.0.1 - - [19/Jul/2025:08:13:11 +0000] "GET /api/v1/centers/2c140dc1-5fac-4efe-80e3-2ad63dea6b8f/location-check-in HTTP/1.1" 200 121 "http://localhost:3000/" "Mozilla/5.0 (X11; Ubuntu; Linux x86_64; rv:136.0) Gecko/20100101 Firefox/136.0" {
  "service": "beach-safety-api"
}
2025-07-19 09:13:11 [[32minfo[39m]: Retrieved shifts for center {
  "service": "beach-safety-api",
  "centerId": "2c140dc1-5fac-4efe-80e3-2ad63dea6b8f",
  "count": 12,
  "adminId": "feda5168-4ce2-4ec5-a48f-9632b7a4f2e5"
}
2025-07-19 09:13:11 [[32minfo[39m]: ::ffff:127.0.0.1 - - [19/Jul/2025:08:13:11 +0000] "GET /api/v1/shifts HTTP/1.1" 200 6152 "http://localhost:3000/" "Mozilla/5.0 (X11; Ubuntu; Linux x86_64; rv:136.0) Gecko/20100101 Firefox/136.0" {
  "service": "beach-safety-api"
}
2025-07-19 09:13:52 [[32minfo[39m]: Connected to PostgreSQL database {
  "service": "beach-safety-api"
}
2025-07-19 09:13:52 [[32minfo[39m]: Created weekly schedule {
  "service": "beach-safety-api",
  "lifeguardId": "0efaf533-8533-4d70-84e0-4498f2f5bdd4",
  "centerId": "2c140dc1-5fac-4efe-80e3-2ad63dea6b8f",
  "adminId": "feda5168-4ce2-4ec5-a48f-9632b7a4f2e5",
  "startTime": "09:00",
  "endTime": "18:00",
  "daysOfWeek": [
    0,
    1,
    2,
    3,
    4,
    5,
    6
  ],
  "weeksCount": 4,
  "createdShifts": 22,
  "skippedShifts": 6
}
2025-07-19 09:13:52 [[32minfo[39m]: ::ffff:127.0.0.1 - - [19/Jul/2025:08:13:52 +0000] "POST /api/v1/shifts/weekly HTTP/1.1" 201 7829 "http://localhost:3000/" "Mozilla/5.0 (X11; Ubuntu; Linux x86_64; rv:136.0) Gecko/20100101 Firefox/136.0" {
  "service": "beach-safety-api"
}
2025-07-19 09:13:52 [[32minfo[39m]: Connected to PostgreSQL database {
  "service": "beach-safety-api"
}
2025-07-19 09:13:52 [[32minfo[39m]: Retrieved lifeguards for center {
  "service": "beach-safety-api",
  "centerId": "2c140dc1-5fac-4efe-80e3-2ad63dea6b8f",
  "count": 1,
  "adminId": "feda5168-4ce2-4ec5-a48f-9632b7a4f2e5"
}
2025-07-19 09:13:52 [[32minfo[39m]: ::ffff:127.0.0.1 - - [19/Jul/2025:08:13:52 +0000] "GET /api/v1/lifeguards HTTP/1.1" 304 - "http://localhost:3000/" "Mozilla/5.0 (X11; Ubuntu; Linux x86_64; rv:136.0) Gecko/20100101 Firefox/136.0" {
  "service": "beach-safety-api"
}
2025-07-19 09:13:52 [[32minfo[39m]: Retrieved shifts for center {
  "service": "beach-safety-api",
  "centerId": "2c140dc1-5fac-4efe-80e3-2ad63dea6b8f",
  "count": 34,
  "adminId": "feda5168-4ce2-4ec5-a48f-9632b7a4f2e5"
}
2025-07-19 09:13:52 [[32minfo[39m]: ::ffff:127.0.0.1 - - [19/Jul/2025:08:13:52 +0000] "GET /api/v1/shifts HTTP/1.1" 200 17196 "http://localhost:3000/" "Mozilla/5.0 (X11; Ubuntu; Linux x86_64; rv:136.0) Gecko/20100101 Firefox/136.0" {
  "service": "beach-safety-api"
}
2025-07-19 09:13:56 [[32minfo[39m]: ::ffff:127.0.0.1 - - [19/Jul/2025:08:13:56 +0000] "GET /api/v1/centers/2c140dc1-5fac-4efe-80e3-2ad63dea6b8f HTTP/1.1" 304 - "http://localhost:3000/" "Mozilla/5.0 (X11; Ubuntu; Linux x86_64; rv:136.0) Gecko/20100101 Firefox/136.0" {
  "service": "beach-safety-api"
}
2025-07-19 09:13:56 [[32minfo[39m]: ::ffff:127.0.0.1 - - [19/Jul/2025:08:13:56 +0000] "GET /api/v1/centers/2c140dc1-5fac-4efe-80e3-2ad63dea6b8f HTTP/1.1" 200 412 "http://localhost:3000/" "Mozilla/5.0 (X11; Ubuntu; Linux x86_64; rv:136.0) Gecko/20100101 Firefox/136.0" {
  "service": "beach-safety-api"
}
2025-07-19 09:13:56 [[32minfo[39m]: Retrieved lifeguards for center {
  "service": "beach-safety-api",
  "centerId": "2c140dc1-5fac-4efe-80e3-2ad63dea6b8f",
  "count": 1,
  "adminId": "feda5168-4ce2-4ec5-a48f-9632b7a4f2e5"
}
2025-07-19 09:13:56 [[32minfo[39m]: ::ffff:127.0.0.1 - - [19/Jul/2025:08:13:56 +0000] "GET /api/v1/lifeguards HTTP/1.1" 304 - "http://localhost:3000/" "Mozilla/5.0 (X11; Ubuntu; Linux x86_64; rv:136.0) Gecko/20100101 Firefox/136.0" {
  "service": "beach-safety-api"
}
2025-07-19 09:13:56 [[32minfo[39m]: Retrieved lifeguards for center {
  "service": "beach-safety-api",
  "centerId": "2c140dc1-5fac-4efe-80e3-2ad63dea6b8f",
  "count": 1,
  "adminId": "feda5168-4ce2-4ec5-a48f-9632b7a4f2e5"
}
2025-07-19 09:13:56 [[32minfo[39m]: ::ffff:127.0.0.1 - - [19/Jul/2025:08:13:56 +0000] "GET /api/v1/lifeguards HTTP/1.1" 304 - "http://localhost:3000/" "Mozilla/5.0 (X11; Ubuntu; Linux x86_64; rv:136.0) Gecko/20100101 Firefox/136.0" {
  "service": "beach-safety-api"
}
2025-07-19 09:13:56 [[32minfo[39m]: Retrieved shifts for center {
  "service": "beach-safety-api",
  "centerId": "2c140dc1-5fac-4efe-80e3-2ad63dea6b8f",
  "count": 34,
  "adminId": "feda5168-4ce2-4ec5-a48f-9632b7a4f2e5"
}
2025-07-19 09:13:56 [[32minfo[39m]: ::ffff:127.0.0.1 - - [19/Jul/2025:08:13:56 +0000] "GET /api/v1/shifts HTTP/1.1" 304 - "http://localhost:3000/" "Mozilla/5.0 (X11; Ubuntu; Linux x86_64; rv:136.0) Gecko/20100101 Firefox/136.0" {
  "service": "beach-safety-api"
}
2025-07-19 09:13:56 [[32minfo[39m]: Retrieved shifts for center {
  "service": "beach-safety-api",
  "centerId": "2c140dc1-5fac-4efe-80e3-2ad63dea6b8f",
  "count": 34,
  "adminId": "feda5168-4ce2-4ec5-a48f-9632b7a4f2e5"
}
2025-07-19 09:13:56 [[32minfo[39m]: ::ffff:127.0.0.1 - - [19/Jul/2025:08:13:56 +0000] "GET /api/v1/shifts HTTP/1.1" 304 - "http://localhost:3000/" "Mozilla/5.0 (X11; Ubuntu; Linux x86_64; rv:136.0) Gecko/20100101 Firefox/136.0" {
  "service": "beach-safety-api"
}
2025-07-19 09:13:56 [[32minfo[39m]: ::ffff:127.0.0.1 - - [19/Jul/2025:08:13:56 +0000] "GET /api/v1/alerts HTTP/1.1" 304 - "http://localhost:3000/" "Mozilla/5.0 (X11; Ubuntu; Linux x86_64; rv:136.0) Gecko/20100101 Firefox/136.0" {
  "service": "beach-safety-api"
}
2025-07-19 09:13:56 [[32minfo[39m]: ::ffff:127.0.0.1 - - [19/Jul/2025:08:13:56 +0000] "GET /api/v1/alerts HTTP/1.1" 200 4439 "http://localhost:3000/" "Mozilla/5.0 (X11; Ubuntu; Linux x86_64; rv:136.0) Gecko/20100101 Firefox/136.0" {
  "service": "beach-safety-api"
}
2025-07-19 09:13:56 [[32minfo[39m]: ::ffff:127.0.0.1 - - [19/Jul/2025:08:13:56 +0000] "GET /api/v1/safety/centers/2c140dc1-5fac-4efe-80e3-2ad63dea6b8f/history?page=1&limit=50 HTTP/1.1" 304 - "http://localhost:3000/" "Mozilla/5.0 (X11; Ubuntu; Linux x86_64; rv:136.0) Gecko/20100101 Firefox/136.0" {
  "service": "beach-safety-api"
}
2025-07-19 09:13:56 [[32minfo[39m]: ::ffff:127.0.0.1 - - [19/Jul/2025:08:13:56 +0000] "GET /api/v1/safety/centers/2c140dc1-5fac-4efe-80e3-2ad63dea6b8f/history?page=1&limit=50 HTTP/1.1" 200 10996 "http://localhost:3000/" "Mozilla/5.0 (X11; Ubuntu; Linux x86_64; rv:136.0) Gecko/20100101 Firefox/136.0" {
  "service": "beach-safety-api"
}
2025-07-19 09:13:57 [[32minfo[39m]: Raw OpenWeatherMap API response {
  "service": "beach-safety-api",
  "centerId": "2c140dc1-5fac-4efe-80e3-2ad63dea6b8f",
  "centerName": "maamoura",
  "coordinates": {
    "lat": 36.50415378724642,
    "lng": 10.810546875000002
  },
  "visibility": 10000,
  "weather_condition": "Clear",
  "temperature": 28.12,
  "wind_speed": 4.41,
  "humidity": 71,
  "pressure": 1014,
  "raw_response": {
    "visibility": 10000,
    "weather": [
      {
        "id": 800,
        "main": "Clear",
        "description": "clear sky",
        "icon": "01d"
      }
    ],
    "main": {
      "temp": 28.12,
      "feels_like": 31.04,
      "temp_min": 28.12,
      "temp_max": 28.12,
      "pressure": 1014,
      "humidity": 71,
      "sea_level": 1014,
      "grnd_level": 1008
    },
    "wind": {
      "speed": 4.41,
      "deg": 180,
      "gust": 4.51
    }
  }
}
2025-07-19 09:13:57 [[32minfo[39m]: Simulated marine data {
  "service": "beach-safety-api",
  "wave_height": 0.14,
  "current_speed": 0.48
}
2025-07-19 09:13:57 [[32minfo[39m]: Transformed weather data {
  "service": "beach-safety-api",
  "centerId": "2c140dc1-5fac-4efe-80e3-2ad63dea6b8f",
  "centerName": "maamoura",
  "original_visibility_meters": 10000,
  "transformed_visibility_km": 10,
  "temperature": 28.12,
  "wind_speed": 4.41,
  "weather_condition": "Clear",
  "wave_height": 0.14,
  "current_speed": 0.48
}
2025-07-19 09:13:57 [[32minfo[39m]: Current weather and marine data fetched and stored {
  "service": "beach-safety-api",
  "centerId": "2c140dc1-5fac-4efe-80e3-2ad63dea6b8f",
  "centerName": "maamoura",
  "temperature": 28.12,
  "condition": "Clear",
  "waveHeight": 0.14,
  "currentSpeed": 0.48
}
2025-07-19 09:13:57 [[32minfo[39m]: ::ffff:127.0.0.1 - - [19/Jul/2025:08:13:57 +0000] "GET /api/v1/weather/centers/2c140dc1-5fac-4efe-80e3-2ad63dea6b8f/current HTTP/1.1" 200 570 "http://localhost:3000/" "Mozilla/5.0 (X11; Ubuntu; Linux x86_64; rv:136.0) Gecko/20100101 Firefox/136.0" {
  "service": "beach-safety-api"
}
2025-07-19 09:13:57 [[32minfo[39m]: Raw OpenWeatherMap API response {
  "service": "beach-safety-api",
  "centerId": "2c140dc1-5fac-4efe-80e3-2ad63dea6b8f",
  "centerName": "maamoura",
  "coordinates": {
    "lat": 36.50415378724642,
    "lng": 10.810546875000002
  },
  "visibility": 10000,
  "weather_condition": "Clear",
  "temperature": 28.12,
  "wind_speed": 4.41,
  "humidity": 71,
  "pressure": 1014,
  "raw_response": {
    "visibility": 10000,
    "weather": [
      {
        "id": 800,
        "main": "Clear",
        "description": "clear sky",
        "icon": "01d"
      }
    ],
    "main": {
      "temp": 28.12,
      "feels_like": 31.04,
      "temp_min": 28.12,
      "temp_max": 28.12,
      "pressure": 1014,
      "humidity": 71,
      "sea_level": 1014,
      "grnd_level": 1008
    },
    "wind": {
      "speed": 4.41,
      "deg": 180,
      "gust": 4.51
    }
  }
}
2025-07-19 09:13:57 [[32minfo[39m]: Simulated marine data {
  "service": "beach-safety-api",
  "wave_height": 0.15,
  "current_speed": 0.44
}
2025-07-19 09:13:57 [[32minfo[39m]: Transformed weather data {
  "service": "beach-safety-api",
  "centerId": "2c140dc1-5fac-4efe-80e3-2ad63dea6b8f",
  "centerName": "maamoura",
  "original_visibility_meters": 10000,
  "transformed_visibility_km": 10,
  "temperature": 28.12,
  "wind_speed": 4.41,
  "weather_condition": "Clear",
  "wave_height": 0.15,
  "current_speed": 0.44
}
2025-07-19 09:13:57 [[32minfo[39m]: Current weather and marine data fetched and stored {
  "service": "beach-safety-api",
  "centerId": "2c140dc1-5fac-4efe-80e3-2ad63dea6b8f",
  "centerName": "maamoura",
  "temperature": 28.12,
  "condition": "Clear",
  "waveHeight": 0.15,
  "currentSpeed": 0.44
}
2025-07-19 09:13:57 [[32minfo[39m]: ::ffff:127.0.0.1 - - [19/Jul/2025:08:13:57 +0000] "GET /api/v1/weather/centers/2c140dc1-5fac-4efe-80e3-2ad63dea6b8f/current HTTP/1.1" 200 570 "http://localhost:3000/" "Mozilla/5.0 (X11; Ubuntu; Linux x86_64; rv:136.0) Gecko/20100101 Firefox/136.0" {
  "service": "beach-safety-api"
}
2025-07-19 09:13:57 [[32minfo[39m]: Connected to PostgreSQL database {
  "service": "beach-safety-api"
}
2025-07-19 09:13:57 [[32minfo[39m]: Connected to PostgreSQL database {
  "service": "beach-safety-api"
}
2025-07-19 09:13:57 [[32minfo[39m]: Raw OpenWeatherMap API response {
  "service": "beach-safety-api",
  "centerId": "2c140dc1-5fac-4efe-80e3-2ad63dea6b8f",
  "centerName": "maamoura",
  "coordinates": {
    "lat": 36.50415378724642,
    "lng": 10.810546875000002
  },
  "visibility": 10000,
  "weather_condition": "Clear",
  "temperature": 28.12,
  "wind_speed": 4.41,
  "humidity": 71,
  "pressure": 1014,
  "raw_response": {
    "visibility": 10000,
    "weather": [
      {
        "id": 800,
        "main": "Clear",
        "description": "clear sky",
        "icon": "01d"
      }
    ],
    "main": {
      "temp": 28.12,
      "feels_like": 31.04,
      "temp_min": 28.12,
      "temp_max": 28.12,
      "pressure": 1014,
      "humidity": 71,
      "sea_level": 1014,
      "grnd_level": 1008
    },
    "wind": {
      "speed": 4.41,
      "deg": 180,
      "gust": 4.51
    }
  }
}
2025-07-19 09:13:57 [[32minfo[39m]: Simulated marine data {
  "service": "beach-safety-api",
  "wave_height": 0.47,
  "current_speed": 0.17
}
2025-07-19 09:13:57 [[32minfo[39m]: Transformed weather data {
  "service": "beach-safety-api",
  "centerId": "2c140dc1-5fac-4efe-80e3-2ad63dea6b8f",
  "centerName": "maamoura",
  "original_visibility_meters": 10000,
  "transformed_visibility_km": 10,
  "temperature": 28.12,
  "wind_speed": 4.41,
  "weather_condition": "Clear",
  "wave_height": 0.47,
  "current_speed": 0.17
}
2025-07-19 09:13:57 [[32minfo[39m]: Raw OpenWeatherMap API response {
  "service": "beach-safety-api",
  "centerId": "2c140dc1-5fac-4efe-80e3-2ad63dea6b8f",
  "centerName": "maamoura",
  "coordinates": {
    "lat": 36.50415378724642,
    "lng": 10.810546875000002
  },
  "visibility": 10000,
  "weather_condition": "Clear",
  "temperature": 28.12,
  "wind_speed": 4.41,
  "humidity": 71,
  "pressure": 1014,
  "raw_response": {
    "visibility": 10000,
    "weather": [
      {
        "id": 800,
        "main": "Clear",
        "description": "clear sky",
        "icon": "01d"
      }
    ],
    "main": {
      "temp": 28.12,
      "feels_like": 31.04,
      "temp_min": 28.12,
      "temp_max": 28.12,
      "pressure": 1014,
      "humidity": 71,
      "sea_level": 1014,
      "grnd_level": 1008
    },
    "wind": {
      "speed": 4.41,
      "deg": 180,
      "gust": 4.51
    }
  }
}
2025-07-19 09:13:57 [[32minfo[39m]: Simulated marine data {
  "service": "beach-safety-api",
  "wave_height": 0.7,
  "current_speed": 0.2
}
2025-07-19 09:13:57 [[32minfo[39m]: Transformed weather data {
  "service": "beach-safety-api",
  "centerId": "2c140dc1-5fac-4efe-80e3-2ad63dea6b8f",
  "centerName": "maamoura",
  "original_visibility_meters": 10000,
  "transformed_visibility_km": 10,
  "temperature": 28.12,
  "wind_speed": 4.41,
  "weather_condition": "Clear",
  "wave_height": 0.7,
  "current_speed": 0.2
}
2025-07-19 09:13:57 [[32minfo[39m]: Current weather and marine data fetched and stored {
  "service": "beach-safety-api",
  "centerId": "2c140dc1-5fac-4efe-80e3-2ad63dea6b8f",
  "centerName": "maamoura",
  "temperature": 28.12,
  "condition": "Clear",
  "waveHeight": 0.47,
  "currentSpeed": 0.17
}
2025-07-19 09:13:57 [[32minfo[39m]: ::ffff:127.0.0.1 - - [19/Jul/2025:08:13:57 +0000] "GET /api/v1/weather/centers/2c140dc1-5fac-4efe-80e3-2ad63dea6b8f/current HTTP/1.1" 200 570 "http://localhost:3000/" "Mozilla/5.0 (X11; Ubuntu; Linux x86_64; rv:136.0) Gecko/20100101 Firefox/136.0" {
  "service": "beach-safety-api"
}
2025-07-19 09:13:57 [[32minfo[39m]: Current weather and marine data fetched and stored {
  "service": "beach-safety-api",
  "centerId": "2c140dc1-5fac-4efe-80e3-2ad63dea6b8f",
  "centerName": "maamoura",
  "temperature": 28.12,
  "condition": "Clear",
  "waveHeight": 0.7,
  "currentSpeed": 0.2
}
2025-07-19 09:13:57 [[32minfo[39m]: ::ffff:127.0.0.1 - - [19/Jul/2025:08:13:57 +0000] "GET /api/v1/weather/centers/2c140dc1-5fac-4efe-80e3-2ad63dea6b8f/current HTTP/1.1" 200 570 "http://localhost:3000/" "Mozilla/5.0 (X11; Ubuntu; Linux x86_64; rv:136.0) Gecko/20100101 Firefox/136.0" {
  "service": "beach-safety-api"
}
2025-07-19 09:13:57 [[32minfo[39m]: Retrieved lifeguards for center {
  "service": "beach-safety-api",
  "centerId": "2c140dc1-5fac-4efe-80e3-2ad63dea6b8f",
  "count": 1,
  "adminId": "feda5168-4ce2-4ec5-a48f-9632b7a4f2e5"
}
2025-07-19 09:13:57 [[32minfo[39m]: ::ffff:127.0.0.1 - - [19/Jul/2025:08:13:57 +0000] "GET /api/v1/lifeguards HTTP/1.1" 304 - "http://localhost:3000/" "Mozilla/5.0 (X11; Ubuntu; Linux x86_64; rv:136.0) Gecko/20100101 Firefox/136.0" {
  "service": "beach-safety-api"
}
2025-07-19 09:13:57 [[32minfo[39m]: Retrieved lifeguards for center {
  "service": "beach-safety-api",
  "centerId": "2c140dc1-5fac-4efe-80e3-2ad63dea6b8f",
  "count": 1,
  "adminId": "feda5168-4ce2-4ec5-a48f-9632b7a4f2e5"
}
2025-07-19 09:13:57 [[32minfo[39m]: ::ffff:127.0.0.1 - - [19/Jul/2025:08:13:57 +0000] "GET /api/v1/lifeguards HTTP/1.1" 200 487 "http://localhost:3000/" "Mozilla/5.0 (X11; Ubuntu; Linux x86_64; rv:136.0) Gecko/20100101 Firefox/136.0" {
  "service": "beach-safety-api"
}
2025-07-19 09:13:57 [[32minfo[39m]: Raw OpenWeatherMap API response {
  "service": "beach-safety-api",
  "centerId": "2c140dc1-5fac-4efe-80e3-2ad63dea6b8f",
  "centerName": "maamoura",
  "coordinates": {
    "lat": 36.50415378724642,
    "lng": 10.810546875000002
  },
  "visibility": 10000,
  "weather_condition": "Clear",
  "temperature": 28.12,
  "wind_speed": 4.41,
  "humidity": 71,
  "pressure": 1014,
  "raw_response": {
    "visibility": 10000,
    "weather": [
      {
        "id": 800,
        "main": "Clear",
        "description": "clear sky",
        "icon": "01d"
      }
    ],
    "main": {
      "temp": 28.12,
      "feels_like": 31.04,
      "temp_min": 28.12,
      "temp_max": 28.12,
      "pressure": 1014,
      "humidity": 71,
      "sea_level": 1014,
      "grnd_level": 1008
    },
    "wind": {
      "speed": 4.41,
      "deg": 180,
      "gust": 4.51
    }
  }
}
2025-07-19 09:13:57 [[32minfo[39m]: Simulated marine data {
  "service": "beach-safety-api",
  "wave_height": 0.13,
  "current_speed": 0.27
}
2025-07-19 09:13:57 [[32minfo[39m]: Transformed weather data {
  "service": "beach-safety-api",
  "centerId": "2c140dc1-5fac-4efe-80e3-2ad63dea6b8f",
  "centerName": "maamoura",
  "original_visibility_meters": 10000,
  "transformed_visibility_km": 10,
  "temperature": 28.12,
  "wind_speed": 4.41,
  "weather_condition": "Clear",
  "wave_height": 0.13,
  "current_speed": 0.27
}
2025-07-19 09:13:57 [[32minfo[39m]: Raw OpenWeatherMap API response {
  "service": "beach-safety-api",
  "centerId": "2c140dc1-5fac-4efe-80e3-2ad63dea6b8f",
  "centerName": "maamoura",
  "coordinates": {
    "lat": 36.50415378724642,
    "lng": 10.810546875000002
  },
  "visibility": 10000,
  "weather_condition": "Clear",
  "temperature": 28.12,
  "wind_speed": 4.41,
  "humidity": 71,
  "pressure": 1014,
  "raw_response": {
    "visibility": 10000,
    "weather": [
      {
        "id": 800,
        "main": "Clear",
        "description": "clear sky",
        "icon": "01d"
      }
    ],
    "main": {
      "temp": 28.12,
      "feels_like": 31.04,
      "temp_min": 28.12,
      "temp_max": 28.12,
      "pressure": 1014,
      "humidity": 71,
      "sea_level": 1014,
      "grnd_level": 1008
    },
    "wind": {
      "speed": 4.41,
      "deg": 180,
      "gust": 4.51
    }
  }
}
2025-07-19 09:13:57 [[32minfo[39m]: Simulated marine data {
  "service": "beach-safety-api",
  "wave_height": 0.29,
  "current_speed": 0.38
}
2025-07-19 09:13:57 [[32minfo[39m]: Transformed weather data {
  "service": "beach-safety-api",
  "centerId": "2c140dc1-5fac-4efe-80e3-2ad63dea6b8f",
  "centerName": "maamoura",
  "original_visibility_meters": 10000,
  "transformed_visibility_km": 10,
  "temperature": 28.12,
  "wind_speed": 4.41,
  "weather_condition": "Clear",
  "wave_height": 0.29,
  "current_speed": 0.38
}
2025-07-19 09:13:57 [[32minfo[39m]: Current weather and marine data fetched and stored {
  "service": "beach-safety-api",
  "centerId": "2c140dc1-5fac-4efe-80e3-2ad63dea6b8f",
  "centerName": "maamoura",
  "temperature": 28.12,
  "condition": "Clear",
  "waveHeight": 0.13,
  "currentSpeed": 0.27
}
2025-07-19 09:13:57 [[32minfo[39m]: ::ffff:127.0.0.1 - - [19/Jul/2025:08:13:57 +0000] "GET /api/v1/weather/centers/2c140dc1-5fac-4efe-80e3-2ad63dea6b8f/current HTTP/1.1" 200 570 "http://localhost:3000/" "Mozilla/5.0 (X11; Ubuntu; Linux x86_64; rv:136.0) Gecko/20100101 Firefox/136.0" {
  "service": "beach-safety-api"
}
2025-07-19 09:13:57 [[32minfo[39m]: Current weather and marine data fetched and stored {
  "service": "beach-safety-api",
  "centerId": "2c140dc1-5fac-4efe-80e3-2ad63dea6b8f",
  "centerName": "maamoura",
  "temperature": 28.12,
  "condition": "Clear",
  "waveHeight": 0.29,
  "currentSpeed": 0.38
}
2025-07-19 09:13:57 [[32minfo[39m]: ::ffff:127.0.0.1 - - [19/Jul/2025:08:13:57 +0000] "GET /api/v1/weather/centers/2c140dc1-5fac-4efe-80e3-2ad63dea6b8f/current HTTP/1.1" 200 570 "http://localhost:3000/" "Mozilla/5.0 (X11; Ubuntu; Linux x86_64; rv:136.0) Gecko/20100101 Firefox/136.0" {
  "service": "beach-safety-api"
}
2025-07-19 09:13:57 [[32minfo[39m]: Weather forecast fetched and stored {
  "service": "beach-safety-api",
  "centerId": "2c140dc1-5fac-4efe-80e3-2ad63dea6b8f",
  "centerName": "maamoura",
  "forecastDays": 6
}
2025-07-19 09:13:57 [[32minfo[39m]: ::ffff:127.0.0.1 - - [19/Jul/2025:08:13:57 +0000] "GET /api/v1/weather/centers/2c140dc1-5fac-4efe-80e3-2ad63dea6b8f/forecast HTTP/1.1" 304 - "http://localhost:3000/" "Mozilla/5.0 (X11; Ubuntu; Linux x86_64; rv:136.0) Gecko/20100101 Firefox/136.0" {
  "service": "beach-safety-api"
}
2025-07-19 09:13:57 [[32minfo[39m]: Weather forecast fetched and stored {
  "service": "beach-safety-api",
  "centerId": "2c140dc1-5fac-4efe-80e3-2ad63dea6b8f",
  "centerName": "maamoura",
  "forecastDays": 6
}
2025-07-19 09:13:57 [[32minfo[39m]: ::ffff:127.0.0.1 - - [19/Jul/2025:08:13:57 +0000] "GET /api/v1/weather/centers/2c140dc1-5fac-4efe-80e3-2ad63dea6b8f/forecast HTTP/1.1" 200 946 "http://localhost:3000/" "Mozilla/5.0 (X11; Ubuntu; Linux x86_64; rv:136.0) Gecko/20100101 Firefox/136.0" {
  "service": "beach-safety-api"
}
2025-07-19 09:14:04 [[32minfo[39m]: User logged out {
  "service": "beach-safety-api",
  "userId": "feda5168-4ce2-4ec5-a48f-9632b7a4f2e5"
}
2025-07-19 09:14:04 [[32minfo[39m]: ::ffff:127.0.0.1 - - [19/Jul/2025:08:14:04 +0000] "POST /api/v1/auth/logout HTTP/1.1" 200 52 "http://localhost:3000/" "Mozilla/5.0 (X11; Ubuntu; Linux x86_64; rv:136.0) Gecko/20100101 Firefox/136.0" {
  "service": "beach-safety-api"
}
2025-07-19 09:14:04 [[32minfo[39m]: Client disconnected {
  "service": "beach-safety-api",
  "socketId": "WWSCJbiv6t7gm6WKAAAe"
}
2025-07-19 09:14:04 [[32minfo[39m]: Client disconnected {
  "service": "beach-safety-api",
  "socketId": "8pLwjL-y4Fq0QxPKAAAf"
}
2025-07-19 09:14:08 [[32minfo[39m]: User logged in successfully {
  "service": "beach-safety-api",
  "userId": "ab620add-57d5-447e-a2a4-6f661146545b",
  "email": "lgtest@test.com",
  "role": "lifeguard"
}
2025-07-19 09:14:08 [[32minfo[39m]: ::ffff:127.0.0.1 - - [19/Jul/2025:08:14:08 +0000] "POST /api/v1/auth/login HTTP/1.1" 200 909 "http://localhost:3000/" "Mozilla/5.0 (X11; Ubuntu; Linux x86_64; rv:136.0) Gecko/20100101 Firefox/136.0" {
  "service": "beach-safety-api"
}
2025-07-19 09:14:08 [[32minfo[39m]: Retrieved lifeguard current shift {
  "service": "beach-safety-api",
  "lifeguardId": "0efaf533-8533-4d70-84e0-4498f2f5bdd4",
  "userId": "ab620add-57d5-447e-a2a4-6f661146545b",
  "shiftId": "7d1770a3-4a51-4866-84d4-13de7e0e57b5"
}
2025-07-19 09:14:08 [[32minfo[39m]: ::ffff:127.0.0.1 - - [19/Jul/2025:08:14:08 +0000] "GET /api/v1/shifts/current/0efaf533-8533-4d70-84e0-4498f2f5bdd4 HTTP/1.1" 200 392 "http://localhost:3000/" "Mozilla/5.0 (X11; Ubuntu; Linux x86_64; rv:136.0) Gecko/20100101 Firefox/136.0" {
  "service": "beach-safety-api"
}
2025-07-19 09:14:08 [[32minfo[39m]: Retrieved lifeguard current shift {
  "service": "beach-safety-api",
  "lifeguardId": "0efaf533-8533-4d70-84e0-4498f2f5bdd4",
  "userId": "ab620add-57d5-447e-a2a4-6f661146545b",
  "shiftId": "7d1770a3-4a51-4866-84d4-13de7e0e57b5"
}
2025-07-19 09:14:08 [[32minfo[39m]: ::ffff:127.0.0.1 - - [19/Jul/2025:08:14:08 +0000] "GET /api/v1/shifts/current/0efaf533-8533-4d70-84e0-4498f2f5bdd4 HTTP/1.1" 200 392 "http://localhost:3000/" "Mozilla/5.0 (X11; Ubuntu; Linux x86_64; rv:136.0) Gecko/20100101 Firefox/136.0" {
  "service": "beach-safety-api"
}
2025-07-19 09:14:08 [[32minfo[39m]: Client connected {
  "service": "beach-safety-api",
  "socketId": "Rj4xuS-sp9S9PEQ1AAAi"
}
2025-07-19 09:14:08 [[32minfo[39m]: Client joined center room {
  "service": "beach-safety-api",
  "socketId": "Rj4xuS-sp9S9PEQ1AAAi",
  "centerId": "2c140dc1-5fac-4efe-80e3-2ad63dea6b8f"
}
2025-07-19 09:14:08 [[32minfo[39m]: ::ffff:127.0.0.1 - - [19/Jul/2025:08:14:08 +0000] "GET /api/v1/alerts HTTP/1.1" 200 4439 "http://localhost:3000/" "Mozilla/5.0 (X11; Ubuntu; Linux x86_64; rv:136.0) Gecko/20100101 Firefox/136.0" {
  "service": "beach-safety-api"
}
2025-07-19 09:14:08 [[32minfo[39m]: ::ffff:127.0.0.1 - - [19/Jul/2025:08:14:08 +0000] "GET /api/v1/alerts HTTP/1.1" 304 - "http://localhost:3000/" "Mozilla/5.0 (X11; Ubuntu; Linux x86_64; rv:136.0) Gecko/20100101 Firefox/136.0" {
  "service": "beach-safety-api"
}
2025-07-19 09:14:08 [[32minfo[39m]: Client connected {
  "service": "beach-safety-api",
  "socketId": "BTEgEK4_CqBl0CnEAAAk"
}
2025-07-19 09:14:08 [[32minfo[39m]: Client joined center room {
  "service": "beach-safety-api",
  "socketId": "BTEgEK4_CqBl0CnEAAAk",
  "centerId": "2c140dc1-5fac-4efe-80e3-2ad63dea6b8f"
}
2025-07-19 09:14:09 [[32minfo[39m]: Client connected {
  "service": "beach-safety-api",
  "socketId": "TbQGsDjQmSY-oeHlAAAm"
}
2025-07-19 09:14:09 [[32minfo[39m]: Raw OpenWeatherMap API response {
  "service": "beach-safety-api",
  "centerId": "2c140dc1-5fac-4efe-80e3-2ad63dea6b8f",
  "centerName": "maamoura",
  "coordinates": {
    "lat": 36.50415378724642,
    "lng": 10.810546875000002
  },
  "visibility": 10000,
  "weather_condition": "Clear",
  "temperature": 28.12,
  "wind_speed": 4.41,
  "humidity": 71,
  "pressure": 1014,
  "raw_response": {
    "visibility": 10000,
    "weather": [
      {
        "id": 800,
        "main": "Clear",
        "description": "clear sky",
        "icon": "01d"
      }
    ],
    "main": {
      "temp": 28.12,
      "feels_like": 31.04,
      "temp_min": 28.12,
      "temp_max": 28.12,
      "pressure": 1014,
      "humidity": 71,
      "sea_level": 1014,
      "grnd_level": 1008
    },
    "wind": {
      "speed": 4.41,
      "deg": 180,
      "gust": 4.51
    }
  }
}
2025-07-19 09:14:09 [[32minfo[39m]: Simulated marine data {
  "service": "beach-safety-api",
  "wave_height": 0.67,
  "current_speed": 0.54
}
2025-07-19 09:14:09 [[32minfo[39m]: Transformed weather data {
  "service": "beach-safety-api",
  "centerId": "2c140dc1-5fac-4efe-80e3-2ad63dea6b8f",
  "centerName": "maamoura",
  "original_visibility_meters": 10000,
  "transformed_visibility_km": 10,
  "temperature": 28.12,
  "wind_speed": 4.41,
  "weather_condition": "Clear",
  "wave_height": 0.67,
  "current_speed": 0.54
}
2025-07-19 09:14:09 [[32minfo[39m]: Raw OpenWeatherMap API response {
  "service": "beach-safety-api",
  "centerId": "2c140dc1-5fac-4efe-80e3-2ad63dea6b8f",
  "centerName": "maamoura",
  "coordinates": {
    "lat": 36.50415378724642,
    "lng": 10.810546875000002
  },
  "visibility": 10000,
  "weather_condition": "Clear",
  "temperature": 28.12,
  "wind_speed": 4.41,
  "humidity": 71,
  "pressure": 1014,
  "raw_response": {
    "visibility": 10000,
    "weather": [
      {
        "id": 800,
        "main": "Clear",
        "description": "clear sky",
        "icon": "01d"
      }
    ],
    "main": {
      "temp": 28.12,
      "feels_like": 31.04,
      "temp_min": 28.12,
      "temp_max": 28.12,
      "pressure": 1014,
      "humidity": 71,
      "sea_level": 1014,
      "grnd_level": 1008
    },
    "wind": {
      "speed": 4.41,
      "deg": 180,
      "gust": 4.51
    }
  }
}
2025-07-19 09:14:09 [[32minfo[39m]: Simulated marine data {
  "service": "beach-safety-api",
  "wave_height": 0.3,
  "current_speed": 0.25
}
2025-07-19 09:14:09 [[32minfo[39m]: Transformed weather data {
  "service": "beach-safety-api",
  "centerId": "2c140dc1-5fac-4efe-80e3-2ad63dea6b8f",
  "centerName": "maamoura",
  "original_visibility_meters": 10000,
  "transformed_visibility_km": 10,
  "temperature": 28.12,
  "wind_speed": 4.41,
  "weather_condition": "Clear",
  "wave_height": 0.3,
  "current_speed": 0.25
}
2025-07-19 09:14:09 [[32minfo[39m]: Current weather and marine data fetched and stored {
  "service": "beach-safety-api",
  "centerId": "2c140dc1-5fac-4efe-80e3-2ad63dea6b8f",
  "centerName": "maamoura",
  "temperature": 28.12,
  "condition": "Clear",
  "waveHeight": 0.3,
  "currentSpeed": 0.25
}
2025-07-19 09:14:09 [[32minfo[39m]: ::ffff:127.0.0.1 - - [19/Jul/2025:08:14:09 +0000] "GET /api/v1/weather/centers/2c140dc1-5fac-4efe-80e3-2ad63dea6b8f/current HTTP/1.1" 200 570 "http://localhost:3000/" "Mozilla/5.0 (X11; Ubuntu; Linux x86_64; rv:136.0) Gecko/20100101 Firefox/136.0" {
  "service": "beach-safety-api"
}
2025-07-19 09:14:09 [[32minfo[39m]: Current weather and marine data fetched and stored {
  "service": "beach-safety-api",
  "centerId": "2c140dc1-5fac-4efe-80e3-2ad63dea6b8f",
  "centerName": "maamoura",
  "temperature": 28.12,
  "condition": "Clear",
  "waveHeight": 0.67,
  "currentSpeed": 0.54
}
2025-07-19 09:14:09 [[32minfo[39m]: ::ffff:127.0.0.1 - - [19/Jul/2025:08:14:09 +0000] "GET /api/v1/weather/centers/2c140dc1-5fac-4efe-80e3-2ad63dea6b8f/current HTTP/1.1" 200 570 "http://localhost:3000/" "Mozilla/5.0 (X11; Ubuntu; Linux x86_64; rv:136.0) Gecko/20100101 Firefox/136.0" {
  "service": "beach-safety-api"
}
2025-07-19 09:14:09 [[32minfo[39m]: Weather forecast fetched and stored {
  "service": "beach-safety-api",
  "centerId": "2c140dc1-5fac-4efe-80e3-2ad63dea6b8f",
  "centerName": "maamoura",
  "forecastDays": 6
}
2025-07-19 09:14:09 [[32minfo[39m]: ::ffff:127.0.0.1 - - [19/Jul/2025:08:14:09 +0000] "GET /api/v1/weather/centers/2c140dc1-5fac-4efe-80e3-2ad63dea6b8f/forecast HTTP/1.1" 200 946 "http://localhost:3000/" "Mozilla/5.0 (X11; Ubuntu; Linux x86_64; rv:136.0) Gecko/20100101 Firefox/136.0" {
  "service": "beach-safety-api"
}
2025-07-19 09:14:09 [[32minfo[39m]: Weather forecast fetched and stored {
  "service": "beach-safety-api",
  "centerId": "2c140dc1-5fac-4efe-80e3-2ad63dea6b8f",
  "centerName": "maamoura",
  "forecastDays": 6
}
2025-07-19 09:14:09 [[32minfo[39m]: ::ffff:127.0.0.1 - - [19/Jul/2025:08:14:09 +0000] "GET /api/v1/weather/centers/2c140dc1-5fac-4efe-80e3-2ad63dea6b8f/forecast HTTP/1.1" 304 - "http://localhost:3000/" "Mozilla/5.0 (X11; Ubuntu; Linux x86_64; rv:136.0) Gecko/20100101 Firefox/136.0" {
  "service": "beach-safety-api"
}
2025-07-19 09:14:11 [[32minfo[39m]: Client disconnected {
  "service": "beach-safety-api",
  "socketId": "BTEgEK4_CqBl0CnEAAAk"
}
2025-07-19 09:14:11 [[32minfo[39m]: ::ffff:127.0.0.1 - - [19/Jul/2025:08:14:11 +0000] "GET /api/v1/alerts HTTP/1.1" 304 - "http://localhost:3000/" "Mozilla/5.0 (X11; Ubuntu; Linux x86_64; rv:136.0) Gecko/20100101 Firefox/136.0" {
  "service": "beach-safety-api"
}
2025-07-19 09:14:11 [[32minfo[39m]: ::ffff:127.0.0.1 - - [19/Jul/2025:08:14:11 +0000] "GET /api/v1/alerts HTTP/1.1" 200 4439 "http://localhost:3000/" "Mozilla/5.0 (X11; Ubuntu; Linux x86_64; rv:136.0) Gecko/20100101 Firefox/136.0" {
  "service": "beach-safety-api"
}
2025-07-19 09:22:02 [[32minfo[39m]: Connected to PostgreSQL database {
  "service": "beach-safety-api"
}
2025-07-19 09:22:02 [[32minfo[39m]: Connected to PostgreSQL database {
  "service": "beach-safety-api"
}
2025-07-19 09:22:02 [[32minfo[39m]: Connected to PostgreSQL database {
  "service": "beach-safety-api"
}
2025-07-19 09:22:02 [[32minfo[39m]: ::1 - - [19/Jul/2025:08:22:02 +0000] "GET /api/v1/public/safety/flags HTTP/1.1" 200 1795 "http://localhost:3000/" "Mozilla/5.0 (X11; Linux x86_64) AppleWebKit/537.36 (KHTML, like Gecko) Chrome/138.0.0.0 Safari/537.36" {
  "service": "beach-safety-api"
}
2025-07-19 09:22:02 [[32minfo[39m]: Connected to PostgreSQL database {
  "service": "beach-safety-api"
}
2025-07-19 09:22:02 [[32minfo[39m]: Connected to PostgreSQL database {
  "service": "beach-safety-api"
}
2025-07-19 09:22:02 [[32minfo[39m]: ::1 - - [19/Jul/2025:08:22:02 +0000] "GET /api/v1/public/lifeguards/counts HTTP/1.1" 304 - "http://localhost:3000/" "Mozilla/5.0 (X11; Linux x86_64) AppleWebKit/537.36 (KHTML, like Gecko) Chrome/138.0.0.0 Safari/537.36" {
  "service": "beach-safety-api"
}
2025-07-19 09:22:02 [[32minfo[39m]: ::1 - - [19/Jul/2025:08:22:02 +0000] "GET /api/v1/public/safety/flags HTTP/1.1" 304 - "http://localhost:3000/" "Mozilla/5.0 (X11; Linux x86_64) AppleWebKit/537.36 (KHTML, like Gecko) Chrome/138.0.0.0 Safari/537.36" {
  "service": "beach-safety-api"
}
2025-07-19 09:22:02 [[32minfo[39m]: ::1 - - [19/Jul/2025:08:22:02 +0000] "GET /api/v1/public/lifeguards/counts HTTP/1.1" 304 - "http://localhost:3000/" "Mozilla/5.0 (X11; Linux x86_64) AppleWebKit/537.36 (KHTML, like Gecko) Chrome/138.0.0.0 Safari/537.36" {
  "service": "beach-safety-api"
}
2025-07-19 09:22:02 [[32minfo[39m]: ::1 - - [19/Jul/2025:08:22:02 +0000] "GET /api/v1/public/centers HTTP/1.1" 304 - "http://localhost:3000/" "Mozilla/5.0 (X11; Linux x86_64) AppleWebKit/537.36 (KHTML, like Gecko) Chrome/138.0.0.0 Safari/537.36" {
  "service": "beach-safety-api"
}
2025-07-19 09:22:02 [[32minfo[39m]: Public weather query result: {
  "service": "beach-safety-api",
  "totalRows": 50,
  "centers": [
    {
      "center_id": "2c140dc1-5fac-4efe-80e3-2ad63dea6b8f",
      "center_name": "maamoura",
      "recorded_at": "2025-07-19T08:14:09.197Z"
    },
    {
      "center_id": "2c140dc1-5fac-4efe-80e3-2ad63dea6b8f",
      "center_name": "maamoura",
      "recorded_at": "2025-07-19T08:14:09.196Z"
    },
    {
      "center_id": "2c140dc1-5fac-4efe-80e3-2ad63dea6b8f",
      "center_name": "maamoura",
      "recorded_at": "2025-07-19T08:13:57.619Z"
    },
    {
      "center_id": "2c140dc1-5fac-4efe-80e3-2ad63dea6b8f",
      "center_name": "maamoura",
      "recorded_at": "2025-07-19T08:13:57.616Z"
    },
    {
      "center_id": "2c140dc1-5fac-4efe-80e3-2ad63dea6b8f",
      "center_name": "maamoura",
      "recorded_at": "2025-07-19T08:13:57.342Z"
    },
    {
      "center_id": "2c140dc1-5fac-4efe-80e3-2ad63dea6b8f",
      "center_name": "maamoura",
      "recorded_at": "2025-07-19T08:13:57.341Z"
    },
    {
      "center_id": "2c140dc1-5fac-4efe-80e3-2ad63dea6b8f",
      "center_name": "maamoura",
      "recorded_at": "2025-07-19T08:13:57.241Z"
    },
    {
      "center_id": "2c140dc1-5fac-4efe-80e3-2ad63dea6b8f",
      "center_name": "maamoura",
      "recorded_at": "2025-07-19T08:13:57.194Z"
    },
    {
      "center_id": "2c140dc1-5fac-4efe-80e3-2ad63dea6b8f",
      "center_name": "maamoura",
      "recorded_at": "2025-07-19T08:13:01.018Z"
    },
    {
      "center_id": "2c140dc1-5fac-4efe-80e3-2ad63dea6b8f",
      "center_name": "maamoura",
      "recorded_at": "2025-07-19T08:13:01.016Z"
    },
    {
      "center_id": "2c140dc1-5fac-4efe-80e3-2ad63dea6b8f",
      "center_name": "maamoura",
      "recorded_at": "2025-07-19T08:13:00.688Z"
    },
    {
      "center_id": "2c140dc1-5fac-4efe-80e3-2ad63dea6b8f",
      "center_name": "maamoura",
      "recorded_at": "2025-07-19T08:13:00.687Z"
    },
    {
      "center_id": "2c140dc1-5fac-4efe-80e3-2ad63dea6b8f",
      "center_name": "maamoura",
      "recorded_at": "2025-07-19T08:13:00.511Z"
    },
    {
      "center_id": "2c140dc1-5fac-4efe-80e3-2ad63dea6b8f",
      "center_name": "maamoura",
      "recorded_at": "2025-07-19T08:13:00.509Z"
    },
    {
      "center_id": "efe6b507-ecd3-4eac-bd21-82cbe1125cc0",
      "center_name": "Hammamet Beach Safety Center",
      "recorded_at": "2025-07-19T08:12:41.343Z"
    },
    {
      "center_id": "efe6b507-ecd3-4eac-bd21-82cbe1125cc0",
      "center_name": "Hammamet Beach Safety Center",
      "recorded_at": "2025-07-19T08:12:41.341Z"
    },
    {
      "center_id": "efe6b507-ecd3-4eac-bd21-82cbe1125cc0",
      "center_name": "Hammamet Beach Safety Center",
      "recorded_at": "2025-07-19T08:12:33.106Z"
    },
    {
      "center_id": "efe6b507-ecd3-4eac-bd21-82cbe1125cc0",
      "center_name": "Hammamet Beach Safety Center",
      "recorded_at": "2025-07-19T08:12:33.105Z"
    },
    {
      "center_id": "efe6b507-ecd3-4eac-bd21-82cbe1125cc0",
      "center_name": "Hammamet Beach Safety Center",
      "recorded_at": "2025-07-19T08:11:24.227Z"
    },
    {
      "center_id": "efe6b507-ecd3-4eac-bd21-82cbe1125cc0",
      "center_name": "Hammamet Beach Safety Center",
      "recorded_at": "2025-07-19T08:11:24.195Z"
    },
    {
      "center_id": "efe6b507-ecd3-4eac-bd21-82cbe1125cc0",
      "center_name": "Hammamet Beach Safety Center",
      "recorded_at": "2025-07-19T08:11:23.864Z"
    },
    {
      "center_id": "efe6b507-ecd3-4eac-bd21-82cbe1125cc0",
      "center_name": "Hammamet Beach Safety Center",
      "recorded_at": "2025-07-19T08:11:23.863Z"
    },
    {
      "center_id": "efe6b507-ecd3-4eac-bd21-82cbe1125cc0",
      "center_name": "Hammamet Beach Safety Center",
      "recorded_at": "2025-07-19T08:11:23.731Z"
    },
    {
      "center_id": "efe6b507-ecd3-4eac-bd21-82cbe1125cc0",
      "center_name": "Hammamet Beach Safety Center",
      "recorded_at": "2025-07-19T08:11:23.729Z"
    },
    {
      "center_id": "efe6b507-ecd3-4eac-bd21-82cbe1125cc0",
      "center_name": "Hammamet Beach Safety Center",
      "recorded_at": "2025-07-19T08:10:55.310Z"
    },
    {
      "center_id": "efe6b507-ecd3-4eac-bd21-82cbe1125cc0",
      "center_name": "Hammamet Beach Safety Center",
      "recorded_at": "2025-07-19T08:10:55.307Z"
    },
    {
      "center_id": "efe6b507-ecd3-4eac-bd21-82cbe1125cc0",
      "center_name": "Hammamet Beach Safety Center",
      "recorded_at": "2025-07-19T08:10:54.959Z"
    },
    {
      "center_id": "efe6b507-ecd3-4eac-bd21-82cbe1125cc0",
      "center_name": "Hammamet Beach Safety Center",
      "recorded_at": "2025-07-19T08:10:54.957Z"
    },
    {
      "center_id": "efe6b507-ecd3-4eac-bd21-82cbe1125cc0",
      "center_name": "Hammamet Beach Safety Center",
      "recorded_at": "2025-07-19T08:10:54.687Z"
    },
    {
      "center_id": "efe6b507-ecd3-4eac-bd21-82cbe1125cc0",
      "center_name": "Hammamet Beach Safety Center",
      "recorded_at": "2025-07-19T08:10:54.684Z"
    },
    {
      "center_id": "efe6b507-ecd3-4eac-bd21-82cbe1125cc0",
      "center_name": "Hammamet Beach Safety Center",
      "recorded_at": "2025-07-19T08:10:07.794Z"
    },
    {
      "center_id": "efe6b507-ecd3-4eac-bd21-82cbe1125cc0",
      "center_name": "Hammamet Beach Safety Center",
      "recorded_at": "2025-07-19T08:10:07.792Z"
    },
    {
      "center_id": "5897994c-3d0f-4bcf-9624-3103ddffdcf4",
      "center_name": "Monastir Beach Safety Center",
      "recorded_at": "2025-07-19T08:09:51.715Z"
    },
    {
      "center_id": "5897994c-3d0f-4bcf-9624-3103ddffdcf4",
      "center_name": "Monastir Beach Safety Center",
      "recorded_at": "2025-07-19T08:09:51.650Z"
    },
    {
      "center_id": "2c140dc1-5fac-4efe-80e3-2ad63dea6b8f",
      "center_name": "maamoura",
      "recorded_at": "2025-07-19T08:08:50.011Z"
    },
    {
      "center_id": "6091fcc3-3b14-430e-8d28-0907aa1db98d",
      "center_name": "Takelsa",
      "recorded_at": "2025-07-19T08:08:50.010Z"
    },
    {
      "center_id": "6c847017-e5ab-4e48-b987-328d742f7562",
      "center_name": "Sounine",
      "recorded_at": "2025-07-19T08:08:49.953Z"
    },
    {
      "center_id": "f350b731-2da6-4e3d-9a9d-5fa3c8c985ab",
      "center_name": "Djerba Beach Safety Center",
      "recorded_at": "2025-07-19T08:08:49.936Z"
    },
    {
      "center_id": "6091fcc3-3b14-430e-8d28-0907aa1db98d",
      "center_name": "Takelsa",
      "recorded_at": "2025-07-19T08:08:49.892Z"
    },
    {
      "center_id": "5897994c-3d0f-4bcf-9624-3103ddffdcf4",
      "center_name": "Monastir Beach Safety Center",
      "recorded_at": "2025-07-19T08:08:49.875Z"
    },
    {
      "center_id": "f350b731-2da6-4e3d-9a9d-5fa3c8c985ab",
      "center_name": "Djerba Beach Safety Center",
      "recorded_at": "2025-07-19T08:08:49.711Z"
    },
    {
      "center_id": "a1f85c07-8c14-4616-8199-a1c9c46d9b48",
      "center_name": "Tabarka Beach Safety Center",
      "recorded_at": "2025-07-19T08:08:49.687Z"
    },
    {
      "center_id": "5897994c-3d0f-4bcf-9624-3103ddffdcf4",
      "center_name": "Monastir Beach Safety Center",
      "recorded_at": "2025-07-19T08:08:49.639Z"
    },
    {
      "center_id": "6c847017-e5ab-4e48-b987-328d742f7562",
      "center_name": "Sounine",
      "recorded_at": "2025-07-19T08:08:49.637Z"
    },
    {
      "center_id": "efe6b507-ecd3-4eac-bd21-82cbe1125cc0",
      "center_name": "Hammamet Beach Safety Center",
      "recorded_at": "2025-07-19T08:08:49.623Z"
    },
    {
      "center_id": "a42d64f5-73d9-41cb-97c7-c020fd1fe520",
      "center_name": "Sousse Beach Safety Center",
      "recorded_at": "2025-07-19T08:08:49.594Z"
    },
    {
      "center_id": "2c140dc1-5fac-4efe-80e3-2ad63dea6b8f",
      "center_name": "maamoura",
      "recorded_at": "2025-07-19T08:08:49.532Z"
    },
    {
      "center_id": "a1f85c07-8c14-4616-8199-a1c9c46d9b48",
      "center_name": "Tabarka Beach Safety Center",
      "recorded_at": "2025-07-19T08:08:49.527Z"
    },
    {
      "center_id": "efe6b507-ecd3-4eac-bd21-82cbe1125cc0",
      "center_name": "Hammamet Beach Safety Center",
      "recorded_at": "2025-07-19T08:08:49.378Z"
    },
    {
      "center_id": "a42d64f5-73d9-41cb-97c7-c020fd1fe520",
      "center_name": "Sousse Beach Safety Center",
      "recorded_at": "2025-07-19T08:08:49.358Z"
    }
  ]
}
2025-07-19 09:22:02 [[32minfo[39m]: ::1 - - [19/Jul/2025:08:22:02 +0000] "GET /api/v1/public/weather/current HTTP/1.1" 200 32302 "http://localhost:3000/" "Mozilla/5.0 (X11; Linux x86_64) AppleWebKit/537.36 (KHTML, like Gecko) Chrome/138.0.0.0 Safari/537.36" {
  "service": "beach-safety-api"
}
2025-07-19 09:22:02 [[32minfo[39m]: ::1 - - [19/Jul/2025:08:22:02 +0000] "GET /api/v1/safety-zones/public HTTP/1.1" 304 - "http://localhost:3000/" "Mozilla/5.0 (X11; Linux x86_64) AppleWebKit/537.36 (KHTML, like Gecko) Chrome/138.0.0.0 Safari/537.36" {
  "service": "beach-safety-api"
}
2025-07-19 09:22:02 [[32minfo[39m]: ::1 - - [19/Jul/2025:08:22:02 +0000] "GET /api/v1/public/centers HTTP/1.1" 304 - "http://localhost:3000/" "Mozilla/5.0 (X11; Linux x86_64) AppleWebKit/537.36 (KHTML, like Gecko) Chrome/138.0.0.0 Safari/537.36" {
  "service": "beach-safety-api"
}
2025-07-19 09:22:02 [[32minfo[39m]: Public weather query result: {
  "service": "beach-safety-api",
  "totalRows": 50,
  "centers": [
    {
      "center_id": "2c140dc1-5fac-4efe-80e3-2ad63dea6b8f",
      "center_name": "maamoura",
      "recorded_at": "2025-07-19T08:14:09.197Z"
    },
    {
      "center_id": "2c140dc1-5fac-4efe-80e3-2ad63dea6b8f",
      "center_name": "maamoura",
      "recorded_at": "2025-07-19T08:14:09.196Z"
    },
    {
      "center_id": "2c140dc1-5fac-4efe-80e3-2ad63dea6b8f",
      "center_name": "maamoura",
      "recorded_at": "2025-07-19T08:13:57.619Z"
    },
    {
      "center_id": "2c140dc1-5fac-4efe-80e3-2ad63dea6b8f",
      "center_name": "maamoura",
      "recorded_at": "2025-07-19T08:13:57.616Z"
    },
    {
      "center_id": "2c140dc1-5fac-4efe-80e3-2ad63dea6b8f",
      "center_name": "maamoura",
      "recorded_at": "2025-07-19T08:13:57.342Z"
    },
    {
      "center_id": "2c140dc1-5fac-4efe-80e3-2ad63dea6b8f",
      "center_name": "maamoura",
      "recorded_at": "2025-07-19T08:13:57.341Z"
    },
    {
      "center_id": "2c140dc1-5fac-4efe-80e3-2ad63dea6b8f",
      "center_name": "maamoura",
      "recorded_at": "2025-07-19T08:13:57.241Z"
    },
    {
      "center_id": "2c140dc1-5fac-4efe-80e3-2ad63dea6b8f",
      "center_name": "maamoura",
      "recorded_at": "2025-07-19T08:13:57.194Z"
    },
    {
      "center_id": "2c140dc1-5fac-4efe-80e3-2ad63dea6b8f",
      "center_name": "maamoura",
      "recorded_at": "2025-07-19T08:13:01.018Z"
    },
    {
      "center_id": "2c140dc1-5fac-4efe-80e3-2ad63dea6b8f",
      "center_name": "maamoura",
      "recorded_at": "2025-07-19T08:13:01.016Z"
    },
    {
      "center_id": "2c140dc1-5fac-4efe-80e3-2ad63dea6b8f",
      "center_name": "maamoura",
      "recorded_at": "2025-07-19T08:13:00.688Z"
    },
    {
      "center_id": "2c140dc1-5fac-4efe-80e3-2ad63dea6b8f",
      "center_name": "maamoura",
      "recorded_at": "2025-07-19T08:13:00.687Z"
    },
    {
      "center_id": "2c140dc1-5fac-4efe-80e3-2ad63dea6b8f",
      "center_name": "maamoura",
      "recorded_at": "2025-07-19T08:13:00.511Z"
    },
    {
      "center_id": "2c140dc1-5fac-4efe-80e3-2ad63dea6b8f",
      "center_name": "maamoura",
      "recorded_at": "2025-07-19T08:13:00.509Z"
    },
    {
      "center_id": "efe6b507-ecd3-4eac-bd21-82cbe1125cc0",
      "center_name": "Hammamet Beach Safety Center",
      "recorded_at": "2025-07-19T08:12:41.343Z"
    },
    {
      "center_id": "efe6b507-ecd3-4eac-bd21-82cbe1125cc0",
      "center_name": "Hammamet Beach Safety Center",
      "recorded_at": "2025-07-19T08:12:41.341Z"
    },
    {
      "center_id": "efe6b507-ecd3-4eac-bd21-82cbe1125cc0",
      "center_name": "Hammamet Beach Safety Center",
      "recorded_at": "2025-07-19T08:12:33.106Z"
    },
    {
      "center_id": "efe6b507-ecd3-4eac-bd21-82cbe1125cc0",
      "center_name": "Hammamet Beach Safety Center",
      "recorded_at": "2025-07-19T08:12:33.105Z"
    },
    {
      "center_id": "efe6b507-ecd3-4eac-bd21-82cbe1125cc0",
      "center_name": "Hammamet Beach Safety Center",
      "recorded_at": "2025-07-19T08:11:24.227Z"
    },
    {
      "center_id": "efe6b507-ecd3-4eac-bd21-82cbe1125cc0",
      "center_name": "Hammamet Beach Safety Center",
      "recorded_at": "2025-07-19T08:11:24.195Z"
    },
    {
      "center_id": "efe6b507-ecd3-4eac-bd21-82cbe1125cc0",
      "center_name": "Hammamet Beach Safety Center",
      "recorded_at": "2025-07-19T08:11:23.864Z"
    },
    {
      "center_id": "efe6b507-ecd3-4eac-bd21-82cbe1125cc0",
      "center_name": "Hammamet Beach Safety Center",
      "recorded_at": "2025-07-19T08:11:23.863Z"
    },
    {
      "center_id": "efe6b507-ecd3-4eac-bd21-82cbe1125cc0",
      "center_name": "Hammamet Beach Safety Center",
      "recorded_at": "2025-07-19T08:11:23.731Z"
    },
    {
      "center_id": "efe6b507-ecd3-4eac-bd21-82cbe1125cc0",
      "center_name": "Hammamet Beach Safety Center",
      "recorded_at": "2025-07-19T08:11:23.729Z"
    },
    {
      "center_id": "efe6b507-ecd3-4eac-bd21-82cbe1125cc0",
      "center_name": "Hammamet Beach Safety Center",
      "recorded_at": "2025-07-19T08:10:55.310Z"
    },
    {
      "center_id": "efe6b507-ecd3-4eac-bd21-82cbe1125cc0",
      "center_name": "Hammamet Beach Safety Center",
      "recorded_at": "2025-07-19T08:10:55.307Z"
    },
    {
      "center_id": "efe6b507-ecd3-4eac-bd21-82cbe1125cc0",
      "center_name": "Hammamet Beach Safety Center",
      "recorded_at": "2025-07-19T08:10:54.959Z"
    },
    {
      "center_id": "efe6b507-ecd3-4eac-bd21-82cbe1125cc0",
      "center_name": "Hammamet Beach Safety Center",
      "recorded_at": "2025-07-19T08:10:54.957Z"
    },
    {
      "center_id": "efe6b507-ecd3-4eac-bd21-82cbe1125cc0",
      "center_name": "Hammamet Beach Safety Center",
      "recorded_at": "2025-07-19T08:10:54.687Z"
    },
    {
      "center_id": "efe6b507-ecd3-4eac-bd21-82cbe1125cc0",
      "center_name": "Hammamet Beach Safety Center",
      "recorded_at": "2025-07-19T08:10:54.684Z"
    },
    {
      "center_id": "efe6b507-ecd3-4eac-bd21-82cbe1125cc0",
      "center_name": "Hammamet Beach Safety Center",
      "recorded_at": "2025-07-19T08:10:07.794Z"
    },
    {
      "center_id": "efe6b507-ecd3-4eac-bd21-82cbe1125cc0",
      "center_name": "Hammamet Beach Safety Center",
      "recorded_at": "2025-07-19T08:10:07.792Z"
    },
    {
      "center_id": "5897994c-3d0f-4bcf-9624-3103ddffdcf4",
      "center_name": "Monastir Beach Safety Center",
      "recorded_at": "2025-07-19T08:09:51.715Z"
    },
    {
      "center_id": "5897994c-3d0f-4bcf-9624-3103ddffdcf4",
      "center_name": "Monastir Beach Safety Center",
      "recorded_at": "2025-07-19T08:09:51.650Z"
    },
    {
      "center_id": "2c140dc1-5fac-4efe-80e3-2ad63dea6b8f",
      "center_name": "maamoura",
      "recorded_at": "2025-07-19T08:08:50.011Z"
    },
    {
      "center_id": "6091fcc3-3b14-430e-8d28-0907aa1db98d",
      "center_name": "Takelsa",
      "recorded_at": "2025-07-19T08:08:50.010Z"
    },
    {
      "center_id": "6c847017-e5ab-4e48-b987-328d742f7562",
      "center_name": "Sounine",
      "recorded_at": "2025-07-19T08:08:49.953Z"
    },
    {
      "center_id": "f350b731-2da6-4e3d-9a9d-5fa3c8c985ab",
      "center_name": "Djerba Beach Safety Center",
      "recorded_at": "2025-07-19T08:08:49.936Z"
    },
    {
      "center_id": "6091fcc3-3b14-430e-8d28-0907aa1db98d",
      "center_name": "Takelsa",
      "recorded_at": "2025-07-19T08:08:49.892Z"
    },
    {
      "center_id": "5897994c-3d0f-4bcf-9624-3103ddffdcf4",
      "center_name": "Monastir Beach Safety Center",
      "recorded_at": "2025-07-19T08:08:49.875Z"
    },
    {
      "center_id": "f350b731-2da6-4e3d-9a9d-5fa3c8c985ab",
      "center_name": "Djerba Beach Safety Center",
      "recorded_at": "2025-07-19T08:08:49.711Z"
    },
    {
      "center_id": "a1f85c07-8c14-4616-8199-a1c9c46d9b48",
      "center_name": "Tabarka Beach Safety Center",
      "recorded_at": "2025-07-19T08:08:49.687Z"
    },
    {
      "center_id": "5897994c-3d0f-4bcf-9624-3103ddffdcf4",
      "center_name": "Monastir Beach Safety Center",
      "recorded_at": "2025-07-19T08:08:49.639Z"
    },
    {
      "center_id": "6c847017-e5ab-4e48-b987-328d742f7562",
      "center_name": "Sounine",
      "recorded_at": "2025-07-19T08:08:49.637Z"
    },
    {
      "center_id": "efe6b507-ecd3-4eac-bd21-82cbe1125cc0",
      "center_name": "Hammamet Beach Safety Center",
      "recorded_at": "2025-07-19T08:08:49.623Z"
    },
    {
      "center_id": "a42d64f5-73d9-41cb-97c7-c020fd1fe520",
      "center_name": "Sousse Beach Safety Center",
      "recorded_at": "2025-07-19T08:08:49.594Z"
    },
    {
      "center_id": "2c140dc1-5fac-4efe-80e3-2ad63dea6b8f",
      "center_name": "maamoura",
      "recorded_at": "2025-07-19T08:08:49.532Z"
    },
    {
      "center_id": "a1f85c07-8c14-4616-8199-a1c9c46d9b48",
      "center_name": "Tabarka Beach Safety Center",
      "recorded_at": "2025-07-19T08:08:49.527Z"
    },
    {
      "center_id": "efe6b507-ecd3-4eac-bd21-82cbe1125cc0",
      "center_name": "Hammamet Beach Safety Center",
      "recorded_at": "2025-07-19T08:08:49.378Z"
    },
    {
      "center_id": "a42d64f5-73d9-41cb-97c7-c020fd1fe520",
      "center_name": "Sousse Beach Safety Center",
      "recorded_at": "2025-07-19T08:08:49.358Z"
    }
  ]
}
2025-07-19 09:22:02 [[32minfo[39m]: ::1 - - [19/Jul/2025:08:22:02 +0000] "GET /api/v1/public/weather/current HTTP/1.1" 304 - "http://localhost:3000/" "Mozilla/5.0 (X11; Linux x86_64) AppleWebKit/537.36 (KHTML, like Gecko) Chrome/138.0.0.0 Safari/537.36" {
  "service": "beach-safety-api"
}
2025-07-19 09:22:02 [[32minfo[39m]: ::1 - - [19/Jul/2025:08:22:02 +0000] "GET /api/v1/safety-zones/public HTTP/1.1" 304 - "http://localhost:3000/" "Mozilla/5.0 (X11; Linux x86_64) AppleWebKit/537.36 (KHTML, like Gecko) Chrome/138.0.0.0 Safari/537.36" {
  "service": "beach-safety-api"
}
2025-07-19 09:22:02 [[32minfo[39m]: ::1 - - [19/Jul/2025:08:22:02 +0000] "GET /api/v1/public/centers HTTP/1.1" 304 - "http://localhost:3000/" "Mozilla/5.0 (X11; Linux x86_64) AppleWebKit/537.36 (KHTML, like Gecko) Chrome/138.0.0.0 Safari/537.36" {
  "service": "beach-safety-api"
}
2025-07-19 09:22:02 [[32minfo[39m]: ::1 - - [19/Jul/2025:08:22:02 +0000] "GET /api/v1/public/centers HTTP/1.1" 304 - "http://localhost:3000/" "Mozilla/5.0 (X11; Linux x86_64) AppleWebKit/537.36 (KHTML, like Gecko) Chrome/138.0.0.0 Safari/537.36" {
  "service": "beach-safety-api"
}
2025-07-19 09:22:28 [[32minfo[39m]: Retrieved lifeguard current shift {
  "service": "beach-safety-api",
  "lifeguardId": "0efaf533-8533-4d70-84e0-4498f2f5bdd4",
  "userId": "ab620add-57d5-447e-a2a4-6f661146545b",
  "shiftId": "7d1770a3-4a51-4866-84d4-13de7e0e57b5"
}
2025-07-19 09:22:28 [[32minfo[39m]: ::ffff:127.0.0.1 - - [19/Jul/2025:08:22:28 +0000] "GET /api/v1/shifts/current/0efaf533-8533-4d70-84e0-4498f2f5bdd4 HTTP/1.1" 304 - "http://localhost:3000/" "Mozilla/5.0 (X11; Ubuntu; Linux x86_64; rv:136.0) Gecko/20100101 Firefox/136.0" {
  "service": "beach-safety-api"
}
2025-07-19 09:22:28 [[32minfo[39m]: Retrieved lifeguard current shift {
  "service": "beach-safety-api",
  "lifeguardId": "0efaf533-8533-4d70-84e0-4498f2f5bdd4",
  "userId": "ab620add-57d5-447e-a2a4-6f661146545b",
  "shiftId": "7d1770a3-4a51-4866-84d4-13de7e0e57b5"
}
2025-07-19 09:22:28 [[32minfo[39m]: ::ffff:127.0.0.1 - - [19/Jul/2025:08:22:28 +0000] "GET /api/v1/shifts/current/0efaf533-8533-4d70-84e0-4498f2f5bdd4 HTTP/1.1" 304 - "http://localhost:3000/" "Mozilla/5.0 (X11; Ubuntu; Linux x86_64; rv:136.0) Gecko/20100101 Firefox/136.0" {
  "service": "beach-safety-api"
}
2025-07-19 09:22:28 [[32minfo[39m]: ::ffff:127.0.0.1 - - [19/Jul/2025:08:22:28 +0000] "GET /api/v1/alerts HTTP/1.1" 304 - "http://localhost:3000/" "Mozilla/5.0 (X11; Ubuntu; Linux x86_64; rv:136.0) Gecko/20100101 Firefox/136.0" {
  "service": "beach-safety-api"
}
2025-07-19 09:22:28 [[32minfo[39m]: ::ffff:127.0.0.1 - - [19/Jul/2025:08:22:28 +0000] "GET /api/v1/alerts HTTP/1.1" 200 4439 "http://localhost:3000/" "Mozilla/5.0 (X11; Ubuntu; Linux x86_64; rv:136.0) Gecko/20100101 Firefox/136.0" {
  "service": "beach-safety-api"
}
2025-07-19 09:22:28 [[32minfo[39m]: Client connected {
  "service": "beach-safety-api",
  "socketId": "Yh8cBM2GHoZko0jXAAAp"
}
2025-07-19 09:22:28 [[32minfo[39m]: Client joined center room {
  "service": "beach-safety-api",
  "socketId": "Yh8cBM2GHoZko0jXAAAp",
  "centerId": "2c140dc1-5fac-4efe-80e3-2ad63dea6b8f"
}
2025-07-19 09:22:29 [[32minfo[39m]: Raw OpenWeatherMap API response {
  "service": "beach-safety-api",
  "centerId": "2c140dc1-5fac-4efe-80e3-2ad63dea6b8f",
  "centerName": "maamoura",
  "coordinates": {
    "lat": 36.50415378724642,
    "lng": 10.810546875000002
  },
  "visibility": 10000,
  "weather_condition": "Clear",
  "temperature": 28.18,
  "wind_speed": 4.41,
  "humidity": 70,
  "pressure": 1014,
  "raw_response": {
    "visibility": 10000,
    "weather": [
      {
        "id": 800,
        "main": "Clear",
        "description": "clear sky",
        "icon": "01d"
      }
    ],
    "main": {
      "temp": 28.18,
      "feels_like": 31.02,
      "temp_min": 28.18,
      "temp_max": 28.18,
      "pressure": 1014,
      "humidity": 70,
      "sea_level": 1014,
      "grnd_level": 1008
    },
    "wind": {
      "speed": 4.41,
      "deg": 180,
      "gust": 4.51
    }
  }
}
2025-07-19 09:22:29 [[32minfo[39m]: Simulated marine data {
  "service": "beach-safety-api",
  "wave_height": 0.34,
  "current_speed": 0.2
}
2025-07-19 09:22:29 [[32minfo[39m]: Transformed weather data {
  "service": "beach-safety-api",
  "centerId": "2c140dc1-5fac-4efe-80e3-2ad63dea6b8f",
  "centerName": "maamoura",
  "original_visibility_meters": 10000,
  "transformed_visibility_km": 10,
  "temperature": 28.18,
  "wind_speed": 4.41,
  "weather_condition": "Clear",
  "wave_height": 0.34,
  "current_speed": 0.2
}
2025-07-19 09:22:29 [[32minfo[39m]: Raw OpenWeatherMap API response {
  "service": "beach-safety-api",
  "centerId": "2c140dc1-5fac-4efe-80e3-2ad63dea6b8f",
  "centerName": "maamoura",
  "coordinates": {
    "lat": 36.50415378724642,
    "lng": 10.810546875000002
  },
  "visibility": 10000,
  "weather_condition": "Clear",
  "temperature": 28.18,
  "wind_speed": 4.41,
  "humidity": 70,
  "pressure": 1014,
  "raw_response": {
    "visibility": 10000,
    "weather": [
      {
        "id": 800,
        "main": "Clear",
        "description": "clear sky",
        "icon": "01d"
      }
    ],
    "main": {
      "temp": 28.18,
      "feels_like": 31.02,
      "temp_min": 28.18,
      "temp_max": 28.18,
      "pressure": 1014,
      "humidity": 70,
      "sea_level": 1014,
      "grnd_level": 1008
    },
    "wind": {
      "speed": 4.41,
      "deg": 180,
      "gust": 4.51
    }
  }
}
2025-07-19 09:22:29 [[32minfo[39m]: Simulated marine data {
  "service": "beach-safety-api",
  "wave_height": 0.63,
  "current_speed": 0.24
}
2025-07-19 09:22:29 [[32minfo[39m]: Transformed weather data {
  "service": "beach-safety-api",
  "centerId": "2c140dc1-5fac-4efe-80e3-2ad63dea6b8f",
  "centerName": "maamoura",
  "original_visibility_meters": 10000,
  "transformed_visibility_km": 10,
  "temperature": 28.18,
  "wind_speed": 4.41,
  "weather_condition": "Clear",
  "wave_height": 0.63,
  "current_speed": 0.24
}
2025-07-19 09:22:29 [[32minfo[39m]: Current weather and marine data fetched and stored {
  "service": "beach-safety-api",
  "centerId": "2c140dc1-5fac-4efe-80e3-2ad63dea6b8f",
  "centerName": "maamoura",
  "temperature": 28.18,
  "condition": "Clear",
  "waveHeight": 0.34,
  "currentSpeed": 0.2
}
2025-07-19 09:22:29 [[32minfo[39m]: ::ffff:127.0.0.1 - - [19/Jul/2025:08:22:29 +0000] "GET /api/v1/weather/centers/2c140dc1-5fac-4efe-80e3-2ad63dea6b8f/current HTTP/1.1" 200 570 "http://localhost:3000/" "Mozilla/5.0 (X11; Ubuntu; Linux x86_64; rv:136.0) Gecko/20100101 Firefox/136.0" {
  "service": "beach-safety-api"
}
2025-07-19 09:22:29 [[32minfo[39m]: Current weather and marine data fetched and stored {
  "service": "beach-safety-api",
  "centerId": "2c140dc1-5fac-4efe-80e3-2ad63dea6b8f",
  "centerName": "maamoura",
  "temperature": 28.18,
  "condition": "Clear",
  "waveHeight": 0.63,
  "currentSpeed": 0.24
}
2025-07-19 09:22:29 [[32minfo[39m]: ::ffff:127.0.0.1 - - [19/Jul/2025:08:22:29 +0000] "GET /api/v1/weather/centers/2c140dc1-5fac-4efe-80e3-2ad63dea6b8f/current HTTP/1.1" 200 570 "http://localhost:3000/" "Mozilla/5.0 (X11; Ubuntu; Linux x86_64; rv:136.0) Gecko/20100101 Firefox/136.0" {
  "service": "beach-safety-api"
}
2025-07-19 09:22:29 [[32minfo[39m]: Weather forecast fetched and stored {
  "service": "beach-safety-api",
  "centerId": "2c140dc1-5fac-4efe-80e3-2ad63dea6b8f",
  "centerName": "maamoura",
  "forecastDays": 6
}
2025-07-19 09:22:29 [[32minfo[39m]: ::ffff:127.0.0.1 - - [19/Jul/2025:08:22:29 +0000] "GET /api/v1/weather/centers/2c140dc1-5fac-4efe-80e3-2ad63dea6b8f/forecast HTTP/1.1" 200 946 "http://localhost:3000/" "Mozilla/5.0 (X11; Ubuntu; Linux x86_64; rv:136.0) Gecko/20100101 Firefox/136.0" {
  "service": "beach-safety-api"
}
2025-07-19 09:22:29 [[32minfo[39m]: Weather forecast fetched and stored {
  "service": "beach-safety-api",
  "centerId": "2c140dc1-5fac-4efe-80e3-2ad63dea6b8f",
  "centerName": "maamoura",
  "forecastDays": 6
}
2025-07-19 09:22:29 [[32minfo[39m]: ::ffff:127.0.0.1 - - [19/Jul/2025:08:22:29 +0000] "GET /api/v1/weather/centers/2c140dc1-5fac-4efe-80e3-2ad63dea6b8f/forecast HTTP/1.1" 200 946 "http://localhost:3000/" "Mozilla/5.0 (X11; Ubuntu; Linux x86_64; rv:136.0) Gecko/20100101 Firefox/136.0" {
  "service": "beach-safety-api"
}
2025-07-19 09:22:48 [[32minfo[39m]: Public weather query result: {
  "service": "beach-safety-api",
  "totalRows": 52,
  "centers": [
    {
      "center_id": "2c140dc1-5fac-4efe-80e3-2ad63dea6b8f",
      "center_name": "maamoura",
      "recorded_at": "2025-07-19T08:22:29.353Z"
    },
    {
      "center_id": "2c140dc1-5fac-4efe-80e3-2ad63dea6b8f",
      "center_name": "maamoura",
      "recorded_at": "2025-07-19T08:22:29.351Z"
    },
    {
      "center_id": "2c140dc1-5fac-4efe-80e3-2ad63dea6b8f",
      "center_name": "maamoura",
      "recorded_at": "2025-07-19T08:14:09.197Z"
    },
    {
      "center_id": "2c140dc1-5fac-4efe-80e3-2ad63dea6b8f",
      "center_name": "maamoura",
      "recorded_at": "2025-07-19T08:14:09.196Z"
    },
    {
      "center_id": "2c140dc1-5fac-4efe-80e3-2ad63dea6b8f",
      "center_name": "maamoura",
      "recorded_at": "2025-07-19T08:13:57.619Z"
    },
    {
      "center_id": "2c140dc1-5fac-4efe-80e3-2ad63dea6b8f",
      "center_name": "maamoura",
      "recorded_at": "2025-07-19T08:13:57.616Z"
    },
    {
      "center_id": "2c140dc1-5fac-4efe-80e3-2ad63dea6b8f",
      "center_name": "maamoura",
      "recorded_at": "2025-07-19T08:13:57.342Z"
    },
    {
      "center_id": "2c140dc1-5fac-4efe-80e3-2ad63dea6b8f",
      "center_name": "maamoura",
      "recorded_at": "2025-07-19T08:13:57.341Z"
    },
    {
      "center_id": "2c140dc1-5fac-4efe-80e3-2ad63dea6b8f",
      "center_name": "maamoura",
      "recorded_at": "2025-07-19T08:13:57.241Z"
    },
    {
      "center_id": "2c140dc1-5fac-4efe-80e3-2ad63dea6b8f",
      "center_name": "maamoura",
      "recorded_at": "2025-07-19T08:13:57.194Z"
    },
    {
      "center_id": "2c140dc1-5fac-4efe-80e3-2ad63dea6b8f",
      "center_name": "maamoura",
      "recorded_at": "2025-07-19T08:13:01.018Z"
    },
    {
      "center_id": "2c140dc1-5fac-4efe-80e3-2ad63dea6b8f",
      "center_name": "maamoura",
      "recorded_at": "2025-07-19T08:13:01.016Z"
    },
    {
      "center_id": "2c140dc1-5fac-4efe-80e3-2ad63dea6b8f",
      "center_name": "maamoura",
      "recorded_at": "2025-07-19T08:13:00.688Z"
    },
    {
      "center_id": "2c140dc1-5fac-4efe-80e3-2ad63dea6b8f",
      "center_name": "maamoura",
      "recorded_at": "2025-07-19T08:13:00.687Z"
    },
    {
      "center_id": "2c140dc1-5fac-4efe-80e3-2ad63dea6b8f",
      "center_name": "maamoura",
      "recorded_at": "2025-07-19T08:13:00.511Z"
    },
    {
      "center_id": "2c140dc1-5fac-4efe-80e3-2ad63dea6b8f",
      "center_name": "maamoura",
      "recorded_at": "2025-07-19T08:13:00.509Z"
    },
    {
      "center_id": "efe6b507-ecd3-4eac-bd21-82cbe1125cc0",
      "center_name": "Hammamet Beach Safety Center",
      "recorded_at": "2025-07-19T08:12:41.343Z"
    },
    {
      "center_id": "efe6b507-ecd3-4eac-bd21-82cbe1125cc0",
      "center_name": "Hammamet Beach Safety Center",
      "recorded_at": "2025-07-19T08:12:41.341Z"
    },
    {
      "center_id": "efe6b507-ecd3-4eac-bd21-82cbe1125cc0",
      "center_name": "Hammamet Beach Safety Center",
      "recorded_at": "2025-07-19T08:12:33.106Z"
    },
    {
      "center_id": "efe6b507-ecd3-4eac-bd21-82cbe1125cc0",
      "center_name": "Hammamet Beach Safety Center",
      "recorded_at": "2025-07-19T08:12:33.105Z"
    },
    {
      "center_id": "efe6b507-ecd3-4eac-bd21-82cbe1125cc0",
      "center_name": "Hammamet Beach Safety Center",
      "recorded_at": "2025-07-19T08:11:24.227Z"
    },
    {
      "center_id": "efe6b507-ecd3-4eac-bd21-82cbe1125cc0",
      "center_name": "Hammamet Beach Safety Center",
      "recorded_at": "2025-07-19T08:11:24.195Z"
    },
    {
      "center_id": "efe6b507-ecd3-4eac-bd21-82cbe1125cc0",
      "center_name": "Hammamet Beach Safety Center",
      "recorded_at": "2025-07-19T08:11:23.864Z"
    },
    {
      "center_id": "efe6b507-ecd3-4eac-bd21-82cbe1125cc0",
      "center_name": "Hammamet Beach Safety Center",
      "recorded_at": "2025-07-19T08:11:23.863Z"
    },
    {
      "center_id": "efe6b507-ecd3-4eac-bd21-82cbe1125cc0",
      "center_name": "Hammamet Beach Safety Center",
      "recorded_at": "2025-07-19T08:11:23.731Z"
    },
    {
      "center_id": "efe6b507-ecd3-4eac-bd21-82cbe1125cc0",
      "center_name": "Hammamet Beach Safety Center",
      "recorded_at": "2025-07-19T08:11:23.729Z"
    },
    {
      "center_id": "efe6b507-ecd3-4eac-bd21-82cbe1125cc0",
      "center_name": "Hammamet Beach Safety Center",
      "recorded_at": "2025-07-19T08:10:55.310Z"
    },
    {
      "center_id": "efe6b507-ecd3-4eac-bd21-82cbe1125cc0",
      "center_name": "Hammamet Beach Safety Center",
      "recorded_at": "2025-07-19T08:10:55.307Z"
    },
    {
      "center_id": "efe6b507-ecd3-4eac-bd21-82cbe1125cc0",
      "center_name": "Hammamet Beach Safety Center",
      "recorded_at": "2025-07-19T08:10:54.959Z"
    },
    {
      "center_id": "efe6b507-ecd3-4eac-bd21-82cbe1125cc0",
      "center_name": "Hammamet Beach Safety Center",
      "recorded_at": "2025-07-19T08:10:54.957Z"
    },
    {
      "center_id": "efe6b507-ecd3-4eac-bd21-82cbe1125cc0",
      "center_name": "Hammamet Beach Safety Center",
      "recorded_at": "2025-07-19T08:10:54.687Z"
    },
    {
      "center_id": "efe6b507-ecd3-4eac-bd21-82cbe1125cc0",
      "center_name": "Hammamet Beach Safety Center",
      "recorded_at": "2025-07-19T08:10:54.684Z"
    },
    {
      "center_id": "efe6b507-ecd3-4eac-bd21-82cbe1125cc0",
      "center_name": "Hammamet Beach Safety Center",
      "recorded_at": "2025-07-19T08:10:07.794Z"
    },
    {
      "center_id": "efe6b507-ecd3-4eac-bd21-82cbe1125cc0",
      "center_name": "Hammamet Beach Safety Center",
      "recorded_at": "2025-07-19T08:10:07.792Z"
    },
    {
      "center_id": "5897994c-3d0f-4bcf-9624-3103ddffdcf4",
      "center_name": "Monastir Beach Safety Center",
      "recorded_at": "2025-07-19T08:09:51.715Z"
    },
    {
      "center_id": "5897994c-3d0f-4bcf-9624-3103ddffdcf4",
      "center_name": "Monastir Beach Safety Center",
      "recorded_at": "2025-07-19T08:09:51.650Z"
    },
    {
      "center_id": "2c140dc1-5fac-4efe-80e3-2ad63dea6b8f",
      "center_name": "maamoura",
      "recorded_at": "2025-07-19T08:08:50.011Z"
    },
    {
      "center_id": "6091fcc3-3b14-430e-8d28-0907aa1db98d",
      "center_name": "Takelsa",
      "recorded_at": "2025-07-19T08:08:50.010Z"
    },
    {
      "center_id": "6c847017-e5ab-4e48-b987-328d742f7562",
      "center_name": "Sounine",
      "recorded_at": "2025-07-19T08:08:49.953Z"
    },
    {
      "center_id": "f350b731-2da6-4e3d-9a9d-5fa3c8c985ab",
      "center_name": "Djerba Beach Safety Center",
      "recorded_at": "2025-07-19T08:08:49.936Z"
    },
    {
      "center_id": "6091fcc3-3b14-430e-8d28-0907aa1db98d",
      "center_name": "Takelsa",
      "recorded_at": "2025-07-19T08:08:49.892Z"
    },
    {
      "center_id": "5897994c-3d0f-4bcf-9624-3103ddffdcf4",
      "center_name": "Monastir Beach Safety Center",
      "recorded_at": "2025-07-19T08:08:49.875Z"
    },
    {
      "center_id": "f350b731-2da6-4e3d-9a9d-5fa3c8c985ab",
      "center_name": "Djerba Beach Safety Center",
      "recorded_at": "2025-07-19T08:08:49.711Z"
    },
    {
      "center_id": "a1f85c07-8c14-4616-8199-a1c9c46d9b48",
      "center_name": "Tabarka Beach Safety Center",
      "recorded_at": "2025-07-19T08:08:49.687Z"
    },
    {
      "center_id": "5897994c-3d0f-4bcf-9624-3103ddffdcf4",
      "center_name": "Monastir Beach Safety Center",
      "recorded_at": "2025-07-19T08:08:49.639Z"
    },
    {
      "center_id": "6c847017-e5ab-4e48-b987-328d742f7562",
      "center_name": "Sounine",
      "recorded_at": "2025-07-19T08:08:49.637Z"
    },
    {
      "center_id": "efe6b507-ecd3-4eac-bd21-82cbe1125cc0",
      "center_name": "Hammamet Beach Safety Center",
      "recorded_at": "2025-07-19T08:08:49.623Z"
    },
    {
      "center_id": "a42d64f5-73d9-41cb-97c7-c020fd1fe520",
      "center_name": "Sousse Beach Safety Center",
      "recorded_at": "2025-07-19T08:08:49.594Z"
    },
    {
      "center_id": "2c140dc1-5fac-4efe-80e3-2ad63dea6b8f",
      "center_name": "maamoura",
      "recorded_at": "2025-07-19T08:08:49.532Z"
    },
    {
      "center_id": "a1f85c07-8c14-4616-8199-a1c9c46d9b48",
      "center_name": "Tabarka Beach Safety Center",
      "recorded_at": "2025-07-19T08:08:49.527Z"
    },
    {
      "center_id": "efe6b507-ecd3-4eac-bd21-82cbe1125cc0",
      "center_name": "Hammamet Beach Safety Center",
      "recorded_at": "2025-07-19T08:08:49.378Z"
    },
    {
      "center_id": "a42d64f5-73d9-41cb-97c7-c020fd1fe520",
      "center_name": "Sousse Beach Safety Center",
      "recorded_at": "2025-07-19T08:08:49.358Z"
    }
  ]
}
2025-07-19 09:22:48 [[32minfo[39m]: ::1 - - [19/Jul/2025:08:22:48 +0000] "GET /api/v1/public/weather/current HTTP/1.1" 200 33626 "http://localhost:3000/" "Mozilla/5.0 (X11; Linux x86_64) AppleWebKit/537.36 (KHTML, like Gecko) Chrome/138.0.0.0 Safari/537.36" {
  "service": "beach-safety-api"
}
2025-07-19 09:22:48 [[32minfo[39m]: ::1 - - [19/Jul/2025:08:22:48 +0000] "GET /api/v1/public/centers HTTP/1.1" 304 - "http://localhost:3000/" "Mozilla/5.0 (X11; Linux x86_64) AppleWebKit/537.36 (KHTML, like Gecko) Chrome/138.0.0.0 Safari/537.36" {
  "service": "beach-safety-api"
}
2025-07-19 09:22:48 [[32minfo[39m]: Connected to PostgreSQL database {
  "service": "beach-safety-api"
}
2025-07-19 09:22:48 [[32minfo[39m]: Connected to PostgreSQL database {
  "service": "beach-safety-api"
}
2025-07-19 09:22:48 [[32minfo[39m]: Connected to PostgreSQL database {
  "service": "beach-safety-api"
}
2025-07-19 09:22:48 [[32minfo[39m]: ::1 - - [19/Jul/2025:08:22:48 +0000] "GET /api/v1/public/safety/flags HTTP/1.1" 304 - "http://localhost:3000/" "Mozilla/5.0 (X11; Linux x86_64) AppleWebKit/537.36 (KHTML, like Gecko) Chrome/138.0.0.0 Safari/537.36" {
  "service": "beach-safety-api"
}
2025-07-19 09:22:48 [[32minfo[39m]: ::1 - - [19/Jul/2025:08:22:48 +0000] "GET /api/v1/public/lifeguards/counts HTTP/1.1" 304 - "http://localhost:3000/" "Mozilla/5.0 (X11; Linux x86_64) AppleWebKit/537.36 (KHTML, like Gecko) Chrome/138.0.0.0 Safari/537.36" {
  "service": "beach-safety-api"
}
2025-07-19 09:22:48 [[32minfo[39m]: ::1 - - [19/Jul/2025:08:22:48 +0000] "GET /api/v1/public/safety/flags HTTP/1.1" 304 - "http://localhost:3000/" "Mozilla/5.0 (X11; Linux x86_64) AppleWebKit/537.36 (KHTML, like Gecko) Chrome/138.0.0.0 Safari/537.36" {
  "service": "beach-safety-api"
}
2025-07-19 09:22:48 [[32minfo[39m]: ::1 - - [19/Jul/2025:08:22:48 +0000] "GET /api/v1/safety-zones/public HTTP/1.1" 304 - "http://localhost:3000/" "Mozilla/5.0 (X11; Linux x86_64) AppleWebKit/537.36 (KHTML, like Gecko) Chrome/138.0.0.0 Safari/537.36" {
  "service": "beach-safety-api"
}
2025-07-19 09:22:48 [[32minfo[39m]: ::1 - - [19/Jul/2025:08:22:48 +0000] "GET /api/v1/public/lifeguards/counts HTTP/1.1" 304 - "http://localhost:3000/" "Mozilla/5.0 (X11; Linux x86_64) AppleWebKit/537.36 (KHTML, like Gecko) Chrome/138.0.0.0 Safari/537.36" {
  "service": "beach-safety-api"
}
2025-07-19 09:22:48 [[32minfo[39m]: Public weather query result: {
  "service": "beach-safety-api",
  "totalRows": 52,
  "centers": [
    {
      "center_id": "2c140dc1-5fac-4efe-80e3-2ad63dea6b8f",
      "center_name": "maamoura",
      "recorded_at": "2025-07-19T08:22:29.353Z"
    },
    {
      "center_id": "2c140dc1-5fac-4efe-80e3-2ad63dea6b8f",
      "center_name": "maamoura",
      "recorded_at": "2025-07-19T08:22:29.351Z"
    },
    {
      "center_id": "2c140dc1-5fac-4efe-80e3-2ad63dea6b8f",
      "center_name": "maamoura",
      "recorded_at": "2025-07-19T08:14:09.197Z"
    },
    {
      "center_id": "2c140dc1-5fac-4efe-80e3-2ad63dea6b8f",
      "center_name": "maamoura",
      "recorded_at": "2025-07-19T08:14:09.196Z"
    },
    {
      "center_id": "2c140dc1-5fac-4efe-80e3-2ad63dea6b8f",
      "center_name": "maamoura",
      "recorded_at": "2025-07-19T08:13:57.619Z"
    },
    {
      "center_id": "2c140dc1-5fac-4efe-80e3-2ad63dea6b8f",
      "center_name": "maamoura",
      "recorded_at": "2025-07-19T08:13:57.616Z"
    },
    {
      "center_id": "2c140dc1-5fac-4efe-80e3-2ad63dea6b8f",
      "center_name": "maamoura",
      "recorded_at": "2025-07-19T08:13:57.342Z"
    },
    {
      "center_id": "2c140dc1-5fac-4efe-80e3-2ad63dea6b8f",
      "center_name": "maamoura",
      "recorded_at": "2025-07-19T08:13:57.341Z"
    },
    {
      "center_id": "2c140dc1-5fac-4efe-80e3-2ad63dea6b8f",
      "center_name": "maamoura",
      "recorded_at": "2025-07-19T08:13:57.241Z"
    },
    {
      "center_id": "2c140dc1-5fac-4efe-80e3-2ad63dea6b8f",
      "center_name": "maamoura",
      "recorded_at": "2025-07-19T08:13:57.194Z"
    },
    {
      "center_id": "2c140dc1-5fac-4efe-80e3-2ad63dea6b8f",
      "center_name": "maamoura",
      "recorded_at": "2025-07-19T08:13:01.018Z"
    },
    {
      "center_id": "2c140dc1-5fac-4efe-80e3-2ad63dea6b8f",
      "center_name": "maamoura",
      "recorded_at": "2025-07-19T08:13:01.016Z"
    },
    {
      "center_id": "2c140dc1-5fac-4efe-80e3-2ad63dea6b8f",
      "center_name": "maamoura",
      "recorded_at": "2025-07-19T08:13:00.688Z"
    },
    {
      "center_id": "2c140dc1-5fac-4efe-80e3-2ad63dea6b8f",
      "center_name": "maamoura",
      "recorded_at": "2025-07-19T08:13:00.687Z"
    },
    {
      "center_id": "2c140dc1-5fac-4efe-80e3-2ad63dea6b8f",
      "center_name": "maamoura",
      "recorded_at": "2025-07-19T08:13:00.511Z"
    },
    {
      "center_id": "2c140dc1-5fac-4efe-80e3-2ad63dea6b8f",
      "center_name": "maamoura",
      "recorded_at": "2025-07-19T08:13:00.509Z"
    },
    {
      "center_id": "efe6b507-ecd3-4eac-bd21-82cbe1125cc0",
      "center_name": "Hammamet Beach Safety Center",
      "recorded_at": "2025-07-19T08:12:41.343Z"
    },
    {
      "center_id": "efe6b507-ecd3-4eac-bd21-82cbe1125cc0",
      "center_name": "Hammamet Beach Safety Center",
      "recorded_at": "2025-07-19T08:12:41.341Z"
    },
    {
      "center_id": "efe6b507-ecd3-4eac-bd21-82cbe1125cc0",
      "center_name": "Hammamet Beach Safety Center",
      "recorded_at": "2025-07-19T08:12:33.106Z"
    },
    {
      "center_id": "efe6b507-ecd3-4eac-bd21-82cbe1125cc0",
      "center_name": "Hammamet Beach Safety Center",
      "recorded_at": "2025-07-19T08:12:33.105Z"
    },
    {
      "center_id": "efe6b507-ecd3-4eac-bd21-82cbe1125cc0",
      "center_name": "Hammamet Beach Safety Center",
      "recorded_at": "2025-07-19T08:11:24.227Z"
    },
    {
      "center_id": "efe6b507-ecd3-4eac-bd21-82cbe1125cc0",
      "center_name": "Hammamet Beach Safety Center",
      "recorded_at": "2025-07-19T08:11:24.195Z"
    },
    {
      "center_id": "efe6b507-ecd3-4eac-bd21-82cbe1125cc0",
      "center_name": "Hammamet Beach Safety Center",
      "recorded_at": "2025-07-19T08:11:23.864Z"
    },
    {
      "center_id": "efe6b507-ecd3-4eac-bd21-82cbe1125cc0",
      "center_name": "Hammamet Beach Safety Center",
      "recorded_at": "2025-07-19T08:11:23.863Z"
    },
    {
      "center_id": "efe6b507-ecd3-4eac-bd21-82cbe1125cc0",
      "center_name": "Hammamet Beach Safety Center",
      "recorded_at": "2025-07-19T08:11:23.731Z"
    },
    {
      "center_id": "efe6b507-ecd3-4eac-bd21-82cbe1125cc0",
      "center_name": "Hammamet Beach Safety Center",
      "recorded_at": "2025-07-19T08:11:23.729Z"
    },
    {
      "center_id": "efe6b507-ecd3-4eac-bd21-82cbe1125cc0",
      "center_name": "Hammamet Beach Safety Center",
      "recorded_at": "2025-07-19T08:10:55.310Z"
    },
    {
      "center_id": "efe6b507-ecd3-4eac-bd21-82cbe1125cc0",
      "center_name": "Hammamet Beach Safety Center",
      "recorded_at": "2025-07-19T08:10:55.307Z"
    },
    {
      "center_id": "efe6b507-ecd3-4eac-bd21-82cbe1125cc0",
      "center_name": "Hammamet Beach Safety Center",
      "recorded_at": "2025-07-19T08:10:54.959Z"
    },
    {
      "center_id": "efe6b507-ecd3-4eac-bd21-82cbe1125cc0",
      "center_name": "Hammamet Beach Safety Center",
      "recorded_at": "2025-07-19T08:10:54.957Z"
    },
    {
      "center_id": "efe6b507-ecd3-4eac-bd21-82cbe1125cc0",
      "center_name": "Hammamet Beach Safety Center",
      "recorded_at": "2025-07-19T08:10:54.687Z"
    },
    {
      "center_id": "efe6b507-ecd3-4eac-bd21-82cbe1125cc0",
      "center_name": "Hammamet Beach Safety Center",
      "recorded_at": "2025-07-19T08:10:54.684Z"
    },
    {
      "center_id": "efe6b507-ecd3-4eac-bd21-82cbe1125cc0",
      "center_name": "Hammamet Beach Safety Center",
      "recorded_at": "2025-07-19T08:10:07.794Z"
    },
    {
      "center_id": "efe6b507-ecd3-4eac-bd21-82cbe1125cc0",
      "center_name": "Hammamet Beach Safety Center",
      "recorded_at": "2025-07-19T08:10:07.792Z"
    },
    {
      "center_id": "5897994c-3d0f-4bcf-9624-3103ddffdcf4",
      "center_name": "Monastir Beach Safety Center",
      "recorded_at": "2025-07-19T08:09:51.715Z"
    },
    {
      "center_id": "5897994c-3d0f-4bcf-9624-3103ddffdcf4",
      "center_name": "Monastir Beach Safety Center",
      "recorded_at": "2025-07-19T08:09:51.650Z"
    },
    {
      "center_id": "2c140dc1-5fac-4efe-80e3-2ad63dea6b8f",
      "center_name": "maamoura",
      "recorded_at": "2025-07-19T08:08:50.011Z"
    },
    {
      "center_id": "6091fcc3-3b14-430e-8d28-0907aa1db98d",
      "center_name": "Takelsa",
      "recorded_at": "2025-07-19T08:08:50.010Z"
    },
    {
      "center_id": "6c847017-e5ab-4e48-b987-328d742f7562",
      "center_name": "Sounine",
      "recorded_at": "2025-07-19T08:08:49.953Z"
    },
    {
      "center_id": "f350b731-2da6-4e3d-9a9d-5fa3c8c985ab",
      "center_name": "Djerba Beach Safety Center",
      "recorded_at": "2025-07-19T08:08:49.936Z"
    },
    {
      "center_id": "6091fcc3-3b14-430e-8d28-0907aa1db98d",
      "center_name": "Takelsa",
      "recorded_at": "2025-07-19T08:08:49.892Z"
    },
    {
      "center_id": "5897994c-3d0f-4bcf-9624-3103ddffdcf4",
      "center_name": "Monastir Beach Safety Center",
      "recorded_at": "2025-07-19T08:08:49.875Z"
    },
    {
      "center_id": "f350b731-2da6-4e3d-9a9d-5fa3c8c985ab",
      "center_name": "Djerba Beach Safety Center",
      "recorded_at": "2025-07-19T08:08:49.711Z"
    },
    {
      "center_id": "a1f85c07-8c14-4616-8199-a1c9c46d9b48",
      "center_name": "Tabarka Beach Safety Center",
      "recorded_at": "2025-07-19T08:08:49.687Z"
    },
    {
      "center_id": "5897994c-3d0f-4bcf-9624-3103ddffdcf4",
      "center_name": "Monastir Beach Safety Center",
      "recorded_at": "2025-07-19T08:08:49.639Z"
    },
    {
      "center_id": "6c847017-e5ab-4e48-b987-328d742f7562",
      "center_name": "Sounine",
      "recorded_at": "2025-07-19T08:08:49.637Z"
    },
    {
      "center_id": "efe6b507-ecd3-4eac-bd21-82cbe1125cc0",
      "center_name": "Hammamet Beach Safety Center",
      "recorded_at": "2025-07-19T08:08:49.623Z"
    },
    {
      "center_id": "a42d64f5-73d9-41cb-97c7-c020fd1fe520",
      "center_name": "Sousse Beach Safety Center",
      "recorded_at": "2025-07-19T08:08:49.594Z"
    },
    {
      "center_id": "2c140dc1-5fac-4efe-80e3-2ad63dea6b8f",
      "center_name": "maamoura",
      "recorded_at": "2025-07-19T08:08:49.532Z"
    },
    {
      "center_id": "a1f85c07-8c14-4616-8199-a1c9c46d9b48",
      "center_name": "Tabarka Beach Safety Center",
      "recorded_at": "2025-07-19T08:08:49.527Z"
    },
    {
      "center_id": "efe6b507-ecd3-4eac-bd21-82cbe1125cc0",
      "center_name": "Hammamet Beach Safety Center",
      "recorded_at": "2025-07-19T08:08:49.378Z"
    },
    {
      "center_id": "a42d64f5-73d9-41cb-97c7-c020fd1fe520",
      "center_name": "Sousse Beach Safety Center",
      "recorded_at": "2025-07-19T08:08:49.358Z"
    }
  ]
}
2025-07-19 09:22:48 [[32minfo[39m]: ::1 - - [19/Jul/2025:08:22:48 +0000] "GET /api/v1/public/weather/current HTTP/1.1" 304 - "http://localhost:3000/" "Mozilla/5.0 (X11; Linux x86_64) AppleWebKit/537.36 (KHTML, like Gecko) Chrome/138.0.0.0 Safari/537.36" {
  "service": "beach-safety-api"
}
2025-07-19 09:22:48 [[32minfo[39m]: ::1 - - [19/Jul/2025:08:22:48 +0000] "GET /api/v1/public/centers HTTP/1.1" 304 - "http://localhost:3000/" "Mozilla/5.0 (X11; Linux x86_64) AppleWebKit/537.36 (KHTML, like Gecko) Chrome/138.0.0.0 Safari/537.36" {
  "service": "beach-safety-api"
}
2025-07-19 09:22:48 [[32minfo[39m]: ::1 - - [19/Jul/2025:08:22:48 +0000] "GET /api/v1/safety-zones/public HTTP/1.1" 304 - "http://localhost:3000/" "Mozilla/5.0 (X11; Linux x86_64) AppleWebKit/537.36 (KHTML, like Gecko) Chrome/138.0.0.0 Safari/537.36" {
  "service": "beach-safety-api"
}
2025-07-19 09:22:48 [[32minfo[39m]: ::1 - - [19/Jul/2025:08:22:48 +0000] "GET /api/v1/public/centers HTTP/1.1" 304 - "http://localhost:3000/" "Mozilla/5.0 (X11; Linux x86_64) AppleWebKit/537.36 (KHTML, like Gecko) Chrome/138.0.0.0 Safari/537.36" {
  "service": "beach-safety-api"
}
2025-07-19 09:22:48 [[32minfo[39m]: ::1 - - [19/Jul/2025:08:22:48 +0000] "GET /api/v1/public/centers HTTP/1.1" 304 - "http://localhost:3000/" "Mozilla/5.0 (X11; Linux x86_64) AppleWebKit/537.36 (KHTML, like Gecko) Chrome/138.0.0.0 Safari/537.36" {
  "service": "beach-safety-api"
}
2025-07-19 09:22:55 [[32minfo[39m]: Emergency alert emitted {
  "service": "beach-safety-api",
  "alertId": "fc2bb97f-826e-458b-a550-2dbf9173a7e1",
  "centerId": "2c140dc1-5fac-4efe-80e3-2ad63dea6b8f"
}
2025-07-19 09:22:55 [[32minfo[39m]: Emergency alert created {
  "service": "beach-safety-api",
  "alertId": "fc2bb97f-826e-458b-a550-2dbf9173a7e1",
  "centerId": "2c140dc1-5fac-4efe-80e3-2ad63dea6b8f",
  "alertType": "sos",
  "severity": "critical"
}
2025-07-19 09:22:55 [[32minfo[39m]: ::1 - - [19/Jul/2025:08:22:55 +0000] "POST /api/v1/alerts/sos HTTP/1.1" 201 268 "http://localhost:3000/" "Mozilla/5.0 (X11; Linux x86_64) AppleWebKit/537.36 (KHTML, like Gecko) Chrome/138.0.0.0 Safari/537.36" {
  "service": "beach-safety-api"
}
2025-07-19 09:22:55 [[32minfo[39m]: ::ffff:127.0.0.1 - - [19/Jul/2025:08:22:55 +0000] "GET /api/v1/alerts HTTP/1.1" 200 4925 "http://localhost:3000/" "Mozilla/5.0 (X11; Ubuntu; Linux x86_64; rv:136.0) Gecko/20100101 Firefox/136.0" {
  "service": "beach-safety-api"
}
2025-07-19 09:22:58 [[32minfo[39m]: ::ffff:127.0.0.1 - - [19/Jul/2025:08:22:58 +0000] "GET /api/v1/alerts HTTP/1.1" 304 - "http://localhost:3000/" "Mozilla/5.0 (X11; Ubuntu; Linux x86_64; rv:136.0) Gecko/20100101 Firefox/136.0" {
  "service": "beach-safety-api"
}
2025-07-19 09:23:03 [[32minfo[39m]: Client disconnected {
  "service": "beach-safety-api",
  "socketId": "Yh8cBM2GHoZko0jXAAAp"
}
2025-07-19 09:23:03 [[32minfo[39m]: ::ffff:127.0.0.1 - - [19/Jul/2025:08:23:03 +0000] "GET /api/v1/alerts HTTP/1.1" 304 - "http://localhost:3000/" "Mozilla/5.0 (X11; Ubuntu; Linux x86_64; rv:136.0) Gecko/20100101 Firefox/136.0" {
  "service": "beach-safety-api"
}
2025-07-19 09:23:03 [[32minfo[39m]: ::ffff:127.0.0.1 - - [19/Jul/2025:08:23:03 +0000] "GET /api/v1/alerts HTTP/1.1" 200 4925 "http://localhost:3000/" "Mozilla/5.0 (X11; Ubuntu; Linux x86_64; rv:136.0) Gecko/20100101 Firefox/136.0" {
  "service": "beach-safety-api"
}
2025-07-19 09:23:48 [[32minfo[39m]: Starting scheduled weather update cycle {
  "service": "beach-safety-api"
}
2025-07-19 09:23:48 [[32minfo[39m]: Starting scheduled safety flag auto-update cycle {
  "service": "beach-safety-api"
}
2025-07-19 09:23:48 [[32minfo[39m]: Connected to PostgreSQL database {
  "service": "beach-safety-api"
}
2025-07-19 09:23:48 [[32minfo[39m]: Connected to PostgreSQL database {
  "service": "beach-safety-api"
}
2025-07-19 09:23:48 [[32minfo[39m]: Connected to PostgreSQL database {
  "service": "beach-safety-api"
}
2025-07-19 09:23:48 [[32minfo[39m]: Connected to PostgreSQL database {
  "service": "beach-safety-api"
}
2025-07-19 09:23:48 [[32minfo[39m]: Connected to PostgreSQL database {
  "service": "beach-safety-api"
}
2025-07-19 09:23:48 [[32minfo[39m]: Connected to PostgreSQL database {
  "service": "beach-safety-api"
}
2025-07-19 09:23:48 [[32minfo[39m]: Connected to PostgreSQL database {
  "service": "beach-safety-api"
}
2025-07-19 09:23:48 [[32minfo[39m]: Connected to PostgreSQL database {
  "service": "beach-safety-api"
}
2025-07-19 09:23:48 [[32minfo[39m]: Connected to PostgreSQL database {
  "service": "beach-safety-api"
}
2025-07-19 09:23:48 [[32minfo[39m]: Connected to PostgreSQL database {
  "service": "beach-safety-api"
}
2025-07-19 09:23:48 [[32minfo[39m]: Connected to PostgreSQL database {
  "service": "beach-safety-api"
}
2025-07-19 09:23:48 [[32minfo[39m]: Connected to PostgreSQL database {
  "service": "beach-safety-api"
}
2025-07-19 09:23:48 [[32minfo[39m]: Connected to PostgreSQL database {
  "service": "beach-safety-api"
}
2025-07-19 09:23:48 [[32minfo[39m]: Connected to PostgreSQL database {
  "service": "beach-safety-api"
}
2025-07-19 09:23:48 [[32minfo[39m]: Connected to PostgreSQL database {
  "service": "beach-safety-api"
}
2025-07-19 09:23:48 [[32minfo[39m]: Connected to PostgreSQL database {
  "service": "beach-safety-api"
}
2025-07-19 09:23:49 [[32minfo[39m]: Raw OpenWeatherMap API response {
  "service": "beach-safety-api",
  "centerId": "efe6b507-ecd3-4eac-bd21-82cbe1125cc0",
  "centerName": "Hammamet Beach Safety Center",
  "coordinates": {
    "lat": 36.4,
    "lng": 10.6167
  },
  "visibility": 10000,
  "weather_condition": "Clear",
  "temperature": 28.26,
  "wind_speed": 4.17,
  "humidity": 67,
  "pressure": 1014,
  "raw_response": {
    "visibility": 10000,
    "weather": [
      {
        "id": 800,
        "main": "Clear",
        "description": "clear sky",
        "icon": "01d"
      }
    ],
    "main": {
      "temp": 28.26,
      "feels_like": 30.75,
      "temp_min": 28.26,
      "temp_max": 28.26,
      "pressure": 1014,
      "humidity": 67,
      "sea_level": 1014,
      "grnd_level": 1005
    },
    "wind": {
      "speed": 4.17,
      "deg": 180,
      "gust": 4.51
    }
  }
}
2025-07-19 09:23:49 [[32minfo[39m]: Simulated marine data {
  "service": "beach-safety-api",
  "wave_height": 0.36,
  "current_speed": 0.31
}
2025-07-19 09:23:49 [[32minfo[39m]: Transformed weather data {
  "service": "beach-safety-api",
  "centerId": "efe6b507-ecd3-4eac-bd21-82cbe1125cc0",
  "centerName": "Hammamet Beach Safety Center",
  "original_visibility_meters": 10000,
  "transformed_visibility_km": 10,
  "temperature": 28.26,
  "wind_speed": 4.17,
  "weather_condition": "Clear",
  "wave_height": 0.36,
  "current_speed": 0.31
}
2025-07-19 09:23:49 [[32minfo[39m]: Current weather and marine data fetched and stored {
  "service": "beach-safety-api",
  "centerId": "efe6b507-ecd3-4eac-bd21-82cbe1125cc0",
  "centerName": "Hammamet Beach Safety Center",
  "temperature": 28.26,
  "condition": "Clear",
  "waveHeight": 0.36,
  "currentSpeed": 0.31
}
2025-07-19 09:23:49 [[32minfo[39m]: Weather update emitted {
  "service": "beach-safety-api",
  "centerId": "efe6b507-ecd3-4eac-bd21-82cbe1125cc0"
}
2025-07-19 09:23:49 [[32minfo[39m]: Weather update sent to center {
  "service": "beach-safety-api",
  "centerId": "efe6b507-ecd3-4eac-bd21-82cbe1125cc0",
  "centerName": "Hammamet Beach Safety Center"
}
2025-07-19 09:23:49 [[32minfo[39m]: Raw OpenWeatherMap API response {
  "service": "beach-safety-api",
  "centerId": "efe6b507-ecd3-4eac-bd21-82cbe1125cc0",
  "centerName": "Hammamet Beach Safety Center",
  "coordinates": {
    "lat": 36.4,
    "lng": 10.6167
  },
  "visibility": 10000,
  "weather_condition": "Clear",
  "temperature": 28.26,
  "wind_speed": 4.17,
  "humidity": 67,
  "pressure": 1014,
  "raw_response": {
    "visibility": 10000,
    "weather": [
      {
        "id": 800,
        "main": "Clear",
        "description": "clear sky",
        "icon": "01d"
      }
    ],
    "main": {
      "temp": 28.26,
      "feels_like": 30.75,
      "temp_min": 28.26,
      "temp_max": 28.26,
      "pressure": 1014,
      "humidity": 67,
      "sea_level": 1014,
      "grnd_level": 1005
    },
    "wind": {
      "speed": 4.17,
      "deg": 180,
      "gust": 4.51
    }
  }
}
2025-07-19 09:23:49 [[32minfo[39m]: Simulated marine data {
  "service": "beach-safety-api",
  "wave_height": 0.36,
  "current_speed": 0.43
}
2025-07-19 09:23:49 [[32minfo[39m]: Transformed weather data {
  "service": "beach-safety-api",
  "centerId": "efe6b507-ecd3-4eac-bd21-82cbe1125cc0",
  "centerName": "Hammamet Beach Safety Center",
  "original_visibility_meters": 10000,
  "transformed_visibility_km": 10,
  "temperature": 28.26,
  "wind_speed": 4.17,
  "weather_condition": "Clear",
  "wave_height": 0.36,
  "current_speed": 0.43
}
2025-07-19 09:23:49 [[32minfo[39m]: Current weather and marine data fetched and stored {
  "service": "beach-safety-api",
  "centerId": "efe6b507-ecd3-4eac-bd21-82cbe1125cc0",
  "centerName": "Hammamet Beach Safety Center",
  "temperature": 28.26,
  "condition": "Clear",
  "waveHeight": 0.36,
  "currentSpeed": 0.43
}
2025-07-19 09:23:49 [[32minfo[39m]: Weather data for flag determination {
  "service": "beach-safety-api",
  "centerId": "efe6b507-ecd3-4eac-bd21-82cbe1125cc0",
  "visibility": "10.00",
  "temperature": "28.26",
  "wind_speed": "4.17",
  "wave_height": "0.36",
  "precipitation": "0.00",
  "weather_condition": "Clear"
}
2025-07-19 09:23:49 [[32minfo[39m]: Safety flag updated automatically {
  "service": "beach-safety-api",
  "centerId": "efe6b507-ecd3-4eac-bd21-82cbe1125cc0",
  "oldFlag": "none",
  "newFlag": "green",
  "reason": "Safe conditions",
  "alerts": 0,
  "triggeredBy": "system",
  "updateReason": "No flag set - setting automatic flag"
}
2025-07-19 09:23:49 [[32minfo[39m]: Safety flag auto-updated for center {
  "service": "beach-safety-api",
  "centerId": "efe6b507-ecd3-4eac-bd21-82cbe1125cc0",
  "centerName": "Hammamet Beach Safety Center",
  "oldFlag": "none",
  "newFlag": "green",
  "reason": "No flag set - setting automatic flag"
}
2025-07-19 09:23:49 [[32minfo[39m]: Raw OpenWeatherMap API response {
  "service": "beach-safety-api",
  "centerId": "a42d64f5-73d9-41cb-97c7-c020fd1fe520",
  "centerName": "Sousse Beach Safety Center",
  "coordinates": {
    "lat": 35.8333,
    "lng": 10.6333
  },
  "visibility": 8000,
  "weather_condition": "Clear",
  "temperature": 29.91,
  "wind_speed": 1.54,
  "humidity": 58,
  "pressure": 1014,
  "raw_response": {
    "visibility": 8000,
    "weather": [
      {
        "id": 800,
        "main": "Clear",
        "description": "clear sky",
        "icon": "01d"
      }
    ],
    "main": {
      "temp": 29.91,
      "feels_like": 32.28,
      "temp_min": 29.91,
      "temp_max": 29.91,
      "pressure": 1014,
      "humidity": 58,
      "sea_level": 1014,
      "grnd_level": 1009
    },
    "wind": {
      "speed": 1.54,
      "deg": 180
    }
  }
}
2025-07-19 09:23:49 [[32minfo[39m]: Simulated marine data {
  "service": "beach-safety-api",
  "wave_height": 0.65,
  "current_speed": 0.28
}
2025-07-19 09:23:49 [[32minfo[39m]: Transformed weather data {
  "service": "beach-safety-api",
  "centerId": "a42d64f5-73d9-41cb-97c7-c020fd1fe520",
  "centerName": "Sousse Beach Safety Center",
  "original_visibility_meters": 8000,
  "transformed_visibility_km": 8,
  "temperature": 29.91,
  "wind_speed": 1.54,
  "weather_condition": "Clear",
  "wave_height": 0.65,
  "current_speed": 0.28
}
2025-07-19 09:23:49 [[32minfo[39m]: Raw OpenWeatherMap API response {
  "service": "beach-safety-api",
  "centerId": "2c140dc1-5fac-4efe-80e3-2ad63dea6b8f",
  "centerName": "maamoura",
  "coordinates": {
    "lat": 36.50415378724642,
    "lng": 10.810546875000002
  },
  "visibility": 10000,
  "weather_condition": "Clear",
  "temperature": 28.18,
  "wind_speed": 4.41,
  "humidity": 70,
  "pressure": 1014,
  "raw_response": {
    "visibility": 10000,
    "weather": [
      {
        "id": 800,
        "main": "Clear",
        "description": "clear sky",
        "icon": "01d"
      }
    ],
    "main": {
      "temp": 28.18,
      "feels_like": 31.02,
      "temp_min": 28.18,
      "temp_max": 28.18,
      "pressure": 1014,
      "humidity": 70,
      "sea_level": 1014,
      "grnd_level": 1008
    },
    "wind": {
      "speed": 4.41,
      "deg": 180,
      "gust": 4.51
    }
  }
}
2025-07-19 09:23:49 [[32minfo[39m]: Simulated marine data {
  "service": "beach-safety-api",
  "wave_height": 0.87,
  "current_speed": 0.44
}
2025-07-19 09:23:49 [[32minfo[39m]: Transformed weather data {
  "service": "beach-safety-api",
  "centerId": "2c140dc1-5fac-4efe-80e3-2ad63dea6b8f",
  "centerName": "maamoura",
  "original_visibility_meters": 10000,
  "transformed_visibility_km": 10,
  "temperature": 28.18,
  "wind_speed": 4.41,
  "weather_condition": "Clear",
  "wave_height": 0.87,
  "current_speed": 0.44
}
2025-07-19 09:23:49 [[32minfo[39m]: Current weather and marine data fetched and stored {
  "service": "beach-safety-api",
  "centerId": "a42d64f5-73d9-41cb-97c7-c020fd1fe520",
  "centerName": "Sousse Beach Safety Center",
  "temperature": 29.91,
  "condition": "Clear",
  "waveHeight": 0.65,
  "currentSpeed": 0.28
}
2025-07-19 09:23:49 [[32minfo[39m]: Weather data for flag determination {
  "service": "beach-safety-api",
  "centerId": "a42d64f5-73d9-41cb-97c7-c020fd1fe520",
  "visibility": "8.00",
  "temperature": "29.91",
  "wind_speed": "1.54",
  "wave_height": "0.65",
  "precipitation": "0.00",
  "weather_condition": "Clear"
}
2025-07-19 09:23:49 [[32minfo[39m]: Current weather and marine data fetched and stored {
  "service": "beach-safety-api",
  "centerId": "2c140dc1-5fac-4efe-80e3-2ad63dea6b8f",
  "centerName": "maamoura",
  "temperature": 28.18,
  "condition": "Clear",
  "waveHeight": 0.87,
  "currentSpeed": 0.44
}
2025-07-19 09:23:49 [[32minfo[39m]: Weather data for flag determination {
  "service": "beach-safety-api",
  "centerId": "2c140dc1-5fac-4efe-80e3-2ad63dea6b8f",
  "visibility": "10.00",
  "temperature": "28.18",
  "wind_speed": "4.41",
  "wave_height": "0.87",
  "precipitation": "0.00",
  "weather_condition": "Clear"
}
2025-07-19 09:23:49 [[32minfo[39m]: Safety flag updated automatically {
  "service": "beach-safety-api",
  "centerId": "a42d64f5-73d9-41cb-97c7-c020fd1fe520",
  "oldFlag": "none",
  "newFlag": "red",
  "reason": "Reduced visibility - caution advised",
  "alerts": 1,
  "triggeredBy": "system",
  "updateReason": "No flag set - setting automatic flag"
}
2025-07-19 09:23:49 [[32minfo[39m]: Safety flag auto-updated for center {
  "service": "beach-safety-api",
  "centerId": "a42d64f5-73d9-41cb-97c7-c020fd1fe520",
  "centerName": "Sousse Beach Safety Center",
  "oldFlag": "none",
  "newFlag": "red",
  "reason": "No flag set - setting automatic flag"
}
2025-07-19 09:23:49 [[32minfo[39m]: Safety flag updated automatically {
  "service": "beach-safety-api",
  "centerId": "2c140dc1-5fac-4efe-80e3-2ad63dea6b8f",
  "oldFlag": "none",
  "newFlag": "green",
  "reason": "Safe conditions",
  "alerts": 0,
  "triggeredBy": "system",
  "updateReason": "No flag set - setting automatic flag"
}
2025-07-19 09:23:49 [[32minfo[39m]: Safety flag auto-updated for center {
  "service": "beach-safety-api",
  "centerId": "2c140dc1-5fac-4efe-80e3-2ad63dea6b8f",
  "centerName": "maamoura",
  "oldFlag": "none",
  "newFlag": "green",
  "reason": "No flag set - setting automatic flag"
}
2025-07-19 09:23:49 [[32minfo[39m]: Raw OpenWeatherMap API response {
  "service": "beach-safety-api",
  "centerId": "5897994c-3d0f-4bcf-9624-3103ddffdcf4",
  "centerName": "Monastir Beach Safety Center",
  "coordinates": {
    "lat": 35.7667,
    "lng": 10.8333
  },
  "visibility": 8000,
  "weather_condition": "Clear",
  "temperature": 29.94,
  "wind_speed": 1.54,
  "humidity": 58,
  "pressure": 1014,
  "raw_response": {
    "visibility": 8000,
    "weather": [
      {
        "id": 800,
        "main": "Clear",
        "description": "clear sky",
        "icon": "01d"
      }
    ],
    "main": {
      "temp": 29.94,
      "feels_like": 32.33,
      "temp_min": 29.94,
      "temp_max": 29.94,
      "pressure": 1014,
      "humidity": 58,
      "sea_level": 1014,
      "grnd_level": 1012
    },
    "wind": {
      "speed": 1.54,
      "deg": 180
    }
  }
}
2025-07-19 09:23:49 [[32minfo[39m]: Simulated marine data {
  "service": "beach-safety-api",
  "wave_height": 0.59,
  "current_speed": 0.38
}
2025-07-19 09:23:49 [[32minfo[39m]: Transformed weather data {
  "service": "beach-safety-api",
  "centerId": "5897994c-3d0f-4bcf-9624-3103ddffdcf4",
  "centerName": "Monastir Beach Safety Center",
  "original_visibility_meters": 8000,
  "transformed_visibility_km": 8,
  "temperature": 29.94,
  "wind_speed": 1.54,
  "weather_condition": "Clear",
  "wave_height": 0.59,
  "current_speed": 0.38
}
2025-07-19 09:23:49 [[32minfo[39m]: Current weather and marine data fetched and stored {
  "service": "beach-safety-api",
  "centerId": "5897994c-3d0f-4bcf-9624-3103ddffdcf4",
  "centerName": "Monastir Beach Safety Center",
  "temperature": 29.94,
  "condition": "Clear",
  "waveHeight": 0.59,
  "currentSpeed": 0.38
}
2025-07-19 09:23:49 [[32minfo[39m]: Weather data for flag determination {
  "service": "beach-safety-api",
  "centerId": "5897994c-3d0f-4bcf-9624-3103ddffdcf4",
  "visibility": "8.00",
  "temperature": "29.94",
  "wind_speed": "1.54",
  "wave_height": "0.59",
  "precipitation": "0.00",
  "weather_condition": "Clear"
}
2025-07-19 09:23:49 [[32minfo[39m]: Safety flag updated automatically {
  "service": "beach-safety-api",
  "centerId": "5897994c-3d0f-4bcf-9624-3103ddffdcf4",
  "oldFlag": "none",
  "newFlag": "red",
  "reason": "Reduced visibility - caution advised",
  "alerts": 1,
  "triggeredBy": "system",
  "updateReason": "No flag set - setting automatic flag"
}
2025-07-19 09:23:49 [[32minfo[39m]: Safety flag auto-updated for center {
  "service": "beach-safety-api",
  "centerId": "5897994c-3d0f-4bcf-9624-3103ddffdcf4",
  "centerName": "Monastir Beach Safety Center",
  "oldFlag": "none",
  "newFlag": "red",
  "reason": "No flag set - setting automatic flag"
}
2025-07-19 09:23:49 [[32minfo[39m]: Raw OpenWeatherMap API response {
  "service": "beach-safety-api",
  "centerId": "a1f85c07-8c14-4616-8199-a1c9c46d9b48",
  "centerName": "Tabarka Beach Safety Center",
  "coordinates": {
    "lat": 36.95,
    "lng": 8.75
  },
  "visibility": 10000,
  "weather_condition": "Clear",
  "temperature": 36.02,
  "wind_speed": 1.03,
  "humidity": 24,
  "pressure": 1011,
  "raw_response": {
    "visibility": 10000,
    "weather": [
      {
        "id": 800,
        "main": "Clear",
        "description": "clear sky",
        "icon": "01d"
      }
    ],
    "main": {
      "temp": 36.02,
      "feels_like": 34.88,
      "temp_min": 36.02,
      "temp_max": 36.02,
      "pressure": 1011,
      "humidity": 24,
      "sea_level": 1011,
      "grnd_level": 991
    },
    "wind": {
      "speed": 1.03,
      "deg": 0
    }
  }
}
2025-07-19 09:23:49 [[32minfo[39m]: Simulated marine data {
  "service": "beach-safety-api",
  "wave_height": 0.27,
  "current_speed": 0.31
}
2025-07-19 09:23:49 [[32minfo[39m]: Transformed weather data {
  "service": "beach-safety-api",
  "centerId": "a1f85c07-8c14-4616-8199-a1c9c46d9b48",
  "centerName": "Tabarka Beach Safety Center",
  "original_visibility_meters": 10000,
  "transformed_visibility_km": 10,
  "temperature": 36.02,
  "wind_speed": 1.03,
  "weather_condition": "Clear",
  "wave_height": 0.27,
  "current_speed": 0.31
}
2025-07-19 09:23:49 [[32minfo[39m]: Current weather and marine data fetched and stored {
  "service": "beach-safety-api",
  "centerId": "a1f85c07-8c14-4616-8199-a1c9c46d9b48",
  "centerName": "Tabarka Beach Safety Center",
  "temperature": 36.02,
  "condition": "Clear",
  "waveHeight": 0.27,
  "currentSpeed": 0.31
}
2025-07-19 09:23:49 [[32minfo[39m]: Weather data for flag determination {
  "service": "beach-safety-api",
  "centerId": "a1f85c07-8c14-4616-8199-a1c9c46d9b48",
  "visibility": "10.00",
  "temperature": "36.02",
  "wind_speed": "1.03",
  "wave_height": "0.27",
  "precipitation": "0.00",
  "weather_condition": "Clear"
}
2025-07-19 09:23:49 [[32minfo[39m]: Safety flag updated automatically {
  "service": "beach-safety-api",
  "centerId": "a1f85c07-8c14-4616-8199-a1c9c46d9b48",
  "oldFlag": "none",
  "newFlag": "yellow",
  "reason": "High temperature - heat stress risk",
  "alerts": 1,
  "triggeredBy": "system",
  "updateReason": "No flag set - setting automatic flag"
}
2025-07-19 09:23:49 [[32minfo[39m]: Safety flag auto-updated for center {
  "service": "beach-safety-api",
  "centerId": "a1f85c07-8c14-4616-8199-a1c9c46d9b48",
  "centerName": "Tabarka Beach Safety Center",
  "oldFlag": "none",
  "newFlag": "yellow",
  "reason": "No flag set - setting automatic flag"
}
2025-07-19 09:23:49 [[32minfo[39m]: Raw OpenWeatherMap API response {
  "service": "beach-safety-api",
  "centerId": "6091fcc3-3b14-430e-8d28-0907aa1db98d",
  "centerName": "Takelsa",
  "coordinates": {
    "lat": 36.882154463,
    "lng": 10.608962774
  },
  "visibility": 10000,
  "weather_condition": "Clear",
  "temperature": 29.36,
  "wind_speed": 3.7,
  "humidity": 59,
  "pressure": 1013,
  "raw_response": {
    "visibility": 10000,
    "weather": [
      {
        "id": 800,
        "main": "Clear",
        "description": "clear sky",
        "icon": "01d"
      }
    ],
    "main": {
      "temp": 29.36,
      "feels_like": 31.49,
      "temp_min": 29.36,
      "temp_max": 29.36,
      "pressure": 1013,
      "humidity": 59,
      "sea_level": 1013,
      "grnd_level": 1008
    },
    "wind": {
      "speed": 3.7,
      "deg": 158,
      "gust": 4.03
    }
  }
}
2025-07-19 09:23:49 [[32minfo[39m]: Simulated marine data {
  "service": "beach-safety-api",
  "wave_height": 0.13,
  "current_speed": 0.41
}
2025-07-19 09:23:49 [[32minfo[39m]: Transformed weather data {
  "service": "beach-safety-api",
  "centerId": "6091fcc3-3b14-430e-8d28-0907aa1db98d",
  "centerName": "Takelsa",
  "original_visibility_meters": 10000,
  "transformed_visibility_km": 10,
  "temperature": 29.36,
  "wind_speed": 3.7,
  "weather_condition": "Clear",
  "wave_height": 0.13,
  "current_speed": 0.41
}
2025-07-19 09:23:49 [[32minfo[39m]: Raw OpenWeatherMap API response {
  "service": "beach-safety-api",
  "centerId": "f350b731-2da6-4e3d-9a9d-5fa3c8c985ab",
  "centerName": "Djerba Beach Safety Center",
  "coordinates": {
    "lat": 33.8167,
    "lng": 10.85
  },
  "visibility": 10000,
  "weather_condition": "Clear",
  "temperature": 29.94,
  "wind_speed": 3.09,
  "humidity": 66,
  "pressure": 1014,
  "raw_response": {
    "visibility": 10000,
    "weather": [
      {
        "id": 800,
        "main": "Clear",
        "description": "clear sky",
        "icon": "01d"
      }
    ],
    "main": {
      "temp": 29.94,
      "feels_like": 33.97,
      "temp_min": 29.94,
      "temp_max": 29.94,
      "pressure": 1014,
      "humidity": 66,
      "sea_level": 1014,
      "grnd_level": 1013
    },
    "wind": {
      "speed": 3.09,
      "deg": 70
    }
  }
}
2025-07-19 09:23:49 [[32minfo[39m]: Simulated marine data {
  "service": "beach-safety-api",
  "wave_height": 0.51,
  "current_speed": 0.23
}
2025-07-19 09:23:49 [[32minfo[39m]: Transformed weather data {
  "service": "beach-safety-api",
  "centerId": "f350b731-2da6-4e3d-9a9d-5fa3c8c985ab",
  "centerName": "Djerba Beach Safety Center",
  "original_visibility_meters": 10000,
  "transformed_visibility_km": 10,
  "temperature": 29.94,
  "wind_speed": 3.09,
  "weather_condition": "Clear",
  "wave_height": 0.51,
  "current_speed": 0.23
}
2025-07-19 09:23:49 [[32minfo[39m]: Current weather and marine data fetched and stored {
  "service": "beach-safety-api",
  "centerId": "6091fcc3-3b14-430e-8d28-0907aa1db98d",
  "centerName": "Takelsa",
  "temperature": 29.36,
  "condition": "Clear",
  "waveHeight": 0.13,
  "currentSpeed": 0.41
}
2025-07-19 09:23:49 [[32minfo[39m]: Weather update emitted {
  "service": "beach-safety-api",
  "centerId": "6091fcc3-3b14-430e-8d28-0907aa1db98d"
}
2025-07-19 09:23:49 [[32minfo[39m]: Weather update sent to center {
  "service": "beach-safety-api",
  "centerId": "6091fcc3-3b14-430e-8d28-0907aa1db98d",
  "centerName": "Takelsa"
}
2025-07-19 09:23:49 [[32minfo[39m]: Current weather and marine data fetched and stored {
  "service": "beach-safety-api",
  "centerId": "f350b731-2da6-4e3d-9a9d-5fa3c8c985ab",
  "centerName": "Djerba Beach Safety Center",
  "temperature": 29.94,
  "condition": "Clear",
  "waveHeight": 0.51,
  "currentSpeed": 0.23
}
2025-07-19 09:23:49 [[32minfo[39m]: Weather update emitted {
  "service": "beach-safety-api",
  "centerId": "f350b731-2da6-4e3d-9a9d-5fa3c8c985ab"
}
2025-07-19 09:23:49 [[32minfo[39m]: Weather update sent to center {
  "service": "beach-safety-api",
  "centerId": "f350b731-2da6-4e3d-9a9d-5fa3c8c985ab",
  "centerName": "Djerba Beach Safety Center"
}
2025-07-19 09:23:49 [[32minfo[39m]: Raw OpenWeatherMap API response {
  "service": "beach-safety-api",
  "centerId": "6091fcc3-3b14-430e-8d28-0907aa1db98d",
  "centerName": "Takelsa",
  "coordinates": {
    "lat": 36.882154463,
    "lng": 10.608962774
  },
  "visibility": 10000,
  "weather_condition": "Clear",
  "temperature": 29.36,
  "wind_speed": 3.7,
  "humidity": 59,
  "pressure": 1013,
  "raw_response": {
    "visibility": 10000,
    "weather": [
      {
        "id": 800,
        "main": "Clear",
        "description": "clear sky",
        "icon": "01d"
      }
    ],
    "main": {
      "temp": 29.36,
      "feels_like": 31.49,
      "temp_min": 29.36,
      "temp_max": 29.36,
      "pressure": 1013,
      "humidity": 59,
      "sea_level": 1013,
      "grnd_level": 1008
    },
    "wind": {
      "speed": 3.7,
      "deg": 158,
      "gust": 4.03
    }
  }
}
2025-07-19 09:23:49 [[32minfo[39m]: Simulated marine data {
  "service": "beach-safety-api",
  "wave_height": 0.39,
  "current_speed": 0.38
}
2025-07-19 09:23:49 [[32minfo[39m]: Transformed weather data {
  "service": "beach-safety-api",
  "centerId": "6091fcc3-3b14-430e-8d28-0907aa1db98d",
  "centerName": "Takelsa",
  "original_visibility_meters": 10000,
  "transformed_visibility_km": 10,
  "temperature": 29.36,
  "wind_speed": 3.7,
  "weather_condition": "Clear",
  "wave_height": 0.39,
  "current_speed": 0.38
}
2025-07-19 09:23:49 [[32minfo[39m]: Raw OpenWeatherMap API response {
  "service": "beach-safety-api",
  "centerId": "6c847017-e5ab-4e48-b987-328d742f7562",
  "centerName": "Sounine",
  "coordinates": {
    "lat": 37.21106722049235,
    "lng": 10.179165601730348
  },
  "visibility": 10000,
  "weather_condition": "Clear",
  "temperature": 27.73,
  "wind_speed": 5.66,
  "humidity": 67,
  "pressure": 1013,
  "raw_response": {
    "visibility": 10000,
    "weather": [
      {
        "id": 800,
        "main": "Clear",
        "description": "clear sky",
        "icon": "01d"
      }
    ],
    "main": {
      "temp": 27.73,
      "feels_like": 29.81,
      "temp_min": 27.73,
      "temp_max": 27.73,
      "pressure": 1013,
      "humidity": 67,
      "sea_level": 1013,
      "grnd_level": 1011
    },
    "wind": {
      "speed": 5.66,
      "deg": 135,
      "gust": 6.98
    }
  }
}
2025-07-19 09:23:49 [[32minfo[39m]: Simulated marine data {
  "service": "beach-safety-api",
  "wave_height": 0.86,
  "current_speed": 0.21
}
2025-07-19 09:23:49 [[32minfo[39m]: Transformed weather data {
  "service": "beach-safety-api",
  "centerId": "6c847017-e5ab-4e48-b987-328d742f7562",
  "centerName": "Sounine",
  "original_visibility_meters": 10000,
  "transformed_visibility_km": 10,
  "temperature": 27.73,
  "wind_speed": 5.66,
  "weather_condition": "Clear",
  "wave_height": 0.86,
  "current_speed": 0.21
}
2025-07-19 09:23:49 [[32minfo[39m]: Raw OpenWeatherMap API response {
  "service": "beach-safety-api",
  "centerId": "6c847017-e5ab-4e48-b987-328d742f7562",
  "centerName": "Sounine",
  "coordinates": {
    "lat": 37.21106722049235,
    "lng": 10.179165601730348
  },
  "visibility": 10000,
  "weather_condition": "Clear",
  "temperature": 27.73,
  "wind_speed": 5.66,
  "humidity": 67,
  "pressure": 1013,
  "raw_response": {
    "visibility": 10000,
    "weather": [
      {
        "id": 800,
        "main": "Clear",
        "description": "clear sky",
        "icon": "01d"
      }
    ],
    "main": {
      "temp": 27.73,
      "feels_like": 29.81,
      "temp_min": 27.73,
      "temp_max": 27.73,
      "pressure": 1013,
      "humidity": 67,
      "sea_level": 1013,
      "grnd_level": 1011
    },
    "wind": {
      "speed": 5.66,
      "deg": 135,
      "gust": 6.98
    }
  }
}
2025-07-19 09:23:49 [[32minfo[39m]: Simulated marine data {
  "service": "beach-safety-api",
  "wave_height": 0.74,
  "current_speed": 0.4
}
2025-07-19 09:23:49 [[32minfo[39m]: Transformed weather data {
  "service": "beach-safety-api",
  "centerId": "6c847017-e5ab-4e48-b987-328d742f7562",
  "centerName": "Sounine",
  "original_visibility_meters": 10000,
  "transformed_visibility_km": 10,
  "temperature": 27.73,
  "wind_speed": 5.66,
  "weather_condition": "Clear",
  "wave_height": 0.74,
  "current_speed": 0.4
}
2025-07-19 09:23:49 [[32minfo[39m]: Current weather and marine data fetched and stored {
  "service": "beach-safety-api",
  "centerId": "6c847017-e5ab-4e48-b987-328d742f7562",
  "centerName": "Sounine",
  "temperature": 27.73,
  "condition": "Clear",
  "waveHeight": 0.86,
  "currentSpeed": 0.21
}
2025-07-19 09:23:49 [[32minfo[39m]: Weather data for flag determination {
  "service": "beach-safety-api",
  "centerId": "6c847017-e5ab-4e48-b987-328d742f7562",
  "visibility": "10.00",
  "temperature": "27.73",
  "wind_speed": "5.66",
  "wave_height": "0.86",
  "precipitation": "0.00",
  "weather_condition": "Clear"
}
2025-07-19 09:23:49 [[32minfo[39m]: Current weather and marine data fetched and stored {
  "service": "beach-safety-api",
  "centerId": "6c847017-e5ab-4e48-b987-328d742f7562",
  "centerName": "Sounine",
  "temperature": 27.73,
  "condition": "Clear",
  "waveHeight": 0.74,
  "currentSpeed": 0.4
}
2025-07-19 09:23:49 [[32minfo[39m]: Weather update emitted {
  "service": "beach-safety-api",
  "centerId": "6c847017-e5ab-4e48-b987-328d742f7562"
}
2025-07-19 09:23:49 [[32minfo[39m]: Weather update sent to center {
  "service": "beach-safety-api",
  "centerId": "6c847017-e5ab-4e48-b987-328d742f7562",
  "centerName": "Sounine"
}
2025-07-19 09:23:49 [[32minfo[39m]: Current weather and marine data fetched and stored {
  "service": "beach-safety-api",
  "centerId": "6091fcc3-3b14-430e-8d28-0907aa1db98d",
  "centerName": "Takelsa",
  "temperature": 29.36,
  "condition": "Clear",
  "waveHeight": 0.39,
  "currentSpeed": 0.38
}
2025-07-19 09:23:49 [[32minfo[39m]: Weather data for flag determination {
  "service": "beach-safety-api",
  "centerId": "6091fcc3-3b14-430e-8d28-0907aa1db98d",
  "visibility": "10.00",
  "temperature": "29.36",
  "wind_speed": "3.70",
  "wave_height": "0.39",
  "precipitation": "0.00",
  "weather_condition": "Clear"
}
2025-07-19 09:23:49 [[32minfo[39m]: Manual flag still valid - respecting manual override {
  "service": "beach-safety-api",
  "centerId": "6091fcc3-3b14-430e-8d28-0907aa1db98d",
  "currentFlag": "red",
  "expiresAt": null,
  "setByRole": "center_admin"
}
2025-07-19 09:23:49 [[32minfo[39m]: Safety flag auto-update check completed for center {
  "service": "beach-safety-api",
  "centerId": "6091fcc3-3b14-430e-8d28-0907aa1db98d",
  "centerName": "Takelsa",
  "currentFlag": "red",
  "reason": "Manual flag still valid"
}
2025-07-19 09:23:49 [[32minfo[39m]: Safety flag updated automatically {
  "service": "beach-safety-api",
  "centerId": "6c847017-e5ab-4e48-b987-328d742f7562",
  "oldFlag": "none",
  "newFlag": "green",
  "reason": "Safe conditions",
  "alerts": 0,
  "triggeredBy": "system",
  "updateReason": "No flag set - setting automatic flag"
}
2025-07-19 09:23:49 [[32minfo[39m]: Safety flag auto-updated for center {
  "service": "beach-safety-api",
  "centerId": "6c847017-e5ab-4e48-b987-328d742f7562",
  "centerName": "Sounine",
  "oldFlag": "none",
  "newFlag": "green",
  "reason": "No flag set - setting automatic flag"
}
2025-07-19 09:23:49 [[32minfo[39m]: Raw OpenWeatherMap API response {
  "service": "beach-safety-api",
  "centerId": "a42d64f5-73d9-41cb-97c7-c020fd1fe520",
  "centerName": "Sousse Beach Safety Center",
  "coordinates": {
    "lat": 35.8333,
    "lng": 10.6333
  },
  "visibility": 8000,
  "weather_condition": "Clear",
  "temperature": 29.91,
  "wind_speed": 1.54,
  "humidity": 58,
  "pressure": 1014,
  "raw_response": {
    "visibility": 8000,
    "weather": [
      {
        "id": 800,
        "main": "Clear",
        "description": "clear sky",
        "icon": "01d"
      }
    ],
    "main": {
      "temp": 29.91,
      "feels_like": 32.28,
      "temp_min": 29.91,
      "temp_max": 29.91,
      "pressure": 1014,
      "humidity": 58,
      "sea_level": 1014,
      "grnd_level": 1009
    },
    "wind": {
      "speed": 1.54,
      "deg": 180
    }
  }
}
2025-07-19 09:23:49 [[32minfo[39m]: Simulated marine data {
  "service": "beach-safety-api",
  "wave_height": 0.47,
  "current_speed": 0.23
}
2025-07-19 09:23:49 [[32minfo[39m]: Transformed weather data {
  "service": "beach-safety-api",
  "centerId": "a42d64f5-73d9-41cb-97c7-c020fd1fe520",
  "centerName": "Sousse Beach Safety Center",
  "original_visibility_meters": 8000,
  "transformed_visibility_km": 8,
  "temperature": 29.91,
  "wind_speed": 1.54,
  "weather_condition": "Clear",
  "wave_height": 0.47,
  "current_speed": 0.23
}
2025-07-19 09:23:49 [[32minfo[39m]: Raw OpenWeatherMap API response {
  "service": "beach-safety-api",
  "centerId": "2c140dc1-5fac-4efe-80e3-2ad63dea6b8f",
  "centerName": "maamoura",
  "coordinates": {
    "lat": 36.50415378724642,
    "lng": 10.810546875000002
  },
  "visibility": 10000,
  "weather_condition": "Clear",
  "temperature": 28.18,
  "wind_speed": 4.41,
  "humidity": 70,
  "pressure": 1014,
  "raw_response": {
    "visibility": 10000,
    "weather": [
      {
        "id": 800,
        "main": "Clear",
        "description": "clear sky",
        "icon": "01d"
      }
    ],
    "main": {
      "temp": 28.18,
      "feels_like": 31.02,
      "temp_min": 28.18,
      "temp_max": 28.18,
      "pressure": 1014,
      "humidity": 70,
      "sea_level": 1014,
      "grnd_level": 1008
    },
    "wind": {
      "speed": 4.41,
      "deg": 180,
      "gust": 4.51
    }
  }
}
2025-07-19 09:23:49 [[32minfo[39m]: Simulated marine data {
  "service": "beach-safety-api",
  "wave_height": 0.24,
  "current_speed": 0.18
}
2025-07-19 09:23:49 [[32minfo[39m]: Transformed weather data {
  "service": "beach-safety-api",
  "centerId": "2c140dc1-5fac-4efe-80e3-2ad63dea6b8f",
  "centerName": "maamoura",
  "original_visibility_meters": 10000,
  "transformed_visibility_km": 10,
  "temperature": 28.18,
  "wind_speed": 4.41,
  "weather_condition": "Clear",
  "wave_height": 0.24,
  "current_speed": 0.18
}
2025-07-19 09:23:49 [[32minfo[39m]: Current weather and marine data fetched and stored {
  "service": "beach-safety-api",
  "centerId": "a42d64f5-73d9-41cb-97c7-c020fd1fe520",
  "centerName": "Sousse Beach Safety Center",
  "temperature": 29.91,
  "condition": "Clear",
  "waveHeight": 0.47,
  "currentSpeed": 0.23
}
2025-07-19 09:23:49 [[32minfo[39m]: Weather update emitted {
  "service": "beach-safety-api",
  "centerId": "a42d64f5-73d9-41cb-97c7-c020fd1fe520"
}
2025-07-19 09:23:49 [[32minfo[39m]: Weather update sent to center {
  "service": "beach-safety-api",
  "centerId": "a42d64f5-73d9-41cb-97c7-c020fd1fe520",
  "centerName": "Sousse Beach Safety Center"
}
2025-07-19 09:23:49 [[32minfo[39m]: Current weather and marine data fetched and stored {
  "service": "beach-safety-api",
  "centerId": "2c140dc1-5fac-4efe-80e3-2ad63dea6b8f",
  "centerName": "maamoura",
  "temperature": 28.18,
  "condition": "Clear",
  "waveHeight": 0.24,
  "currentSpeed": 0.18
}
2025-07-19 09:23:49 [[32minfo[39m]: Weather update emitted {
  "service": "beach-safety-api",
  "centerId": "2c140dc1-5fac-4efe-80e3-2ad63dea6b8f"
}
2025-07-19 09:23:49 [[32minfo[39m]: Weather update sent to center {
  "service": "beach-safety-api",
  "centerId": "2c140dc1-5fac-4efe-80e3-2ad63dea6b8f",
  "centerName": "maamoura"
}
2025-07-19 09:23:50 [[32minfo[39m]: Raw OpenWeatherMap API response {
  "service": "beach-safety-api",
  "centerId": "5897994c-3d0f-4bcf-9624-3103ddffdcf4",
  "centerName": "Monastir Beach Safety Center",
  "coordinates": {
    "lat": 35.7667,
    "lng": 10.8333
  },
  "visibility": 8000,
  "weather_condition": "Clear",
  "temperature": 29.94,
  "wind_speed": 1.54,
  "humidity": 58,
  "pressure": 1014,
  "raw_response": {
    "visibility": 8000,
    "weather": [
      {
        "id": 800,
        "main": "Clear",
        "description": "clear sky",
        "icon": "01d"
      }
    ],
    "main": {
      "temp": 29.94,
      "feels_like": 32.33,
      "temp_min": 29.94,
      "temp_max": 29.94,
      "pressure": 1014,
      "humidity": 58,
      "sea_level": 1014,
      "grnd_level": 1012
    },
    "wind": {
      "speed": 1.54,
      "deg": 180
    }
  }
}
2025-07-19 09:23:50 [[32minfo[39m]: Simulated marine data {
  "service": "beach-safety-api",
  "wave_height": 0.79,
  "current_speed": 0.14
}
2025-07-19 09:23:50 [[32minfo[39m]: Transformed weather data {
  "service": "beach-safety-api",
  "centerId": "5897994c-3d0f-4bcf-9624-3103ddffdcf4",
  "centerName": "Monastir Beach Safety Center",
  "original_visibility_meters": 8000,
  "transformed_visibility_km": 8,
  "temperature": 29.94,
  "wind_speed": 1.54,
  "weather_condition": "Clear",
  "wave_height": 0.79,
  "current_speed": 0.14
}
2025-07-19 09:23:50 [[32minfo[39m]: Current weather and marine data fetched and stored {
  "service": "beach-safety-api",
  "centerId": "5897994c-3d0f-4bcf-9624-3103ddffdcf4",
  "centerName": "Monastir Beach Safety Center",
  "temperature": 29.94,
  "condition": "Clear",
  "waveHeight": 0.79,
  "currentSpeed": 0.14
}
2025-07-19 09:23:50 [[32minfo[39m]: Weather update emitted {
  "service": "beach-safety-api",
  "centerId": "5897994c-3d0f-4bcf-9624-3103ddffdcf4"
}
2025-07-19 09:23:50 [[32minfo[39m]: Weather update sent to center {
  "service": "beach-safety-api",
  "centerId": "5897994c-3d0f-4bcf-9624-3103ddffdcf4",
  "centerName": "Monastir Beach Safety Center"
}
2025-07-19 09:23:50 [[32minfo[39m]: Raw OpenWeatherMap API response {
  "service": "beach-safety-api",
  "centerId": "f350b731-2da6-4e3d-9a9d-5fa3c8c985ab",
  "centerName": "Djerba Beach Safety Center",
  "coordinates": {
    "lat": 33.8167,
    "lng": 10.85
  },
  "visibility": 10000,
  "weather_condition": "Clear",
  "temperature": 29.94,
  "wind_speed": 3.09,
  "humidity": 66,
  "pressure": 1014,
  "raw_response": {
    "visibility": 10000,
    "weather": [
      {
        "id": 800,
        "main": "Clear",
        "description": "clear sky",
        "icon": "01d"
      }
    ],
    "main": {
      "temp": 29.94,
      "feels_like": 33.97,
      "temp_min": 29.94,
      "temp_max": 29.94,
      "pressure": 1014,
      "humidity": 66,
      "sea_level": 1014,
      "grnd_level": 1013
    },
    "wind": {
      "speed": 3.09,
      "deg": 70
    }
  }
}
2025-07-19 09:23:50 [[32minfo[39m]: Simulated marine data {
  "service": "beach-safety-api",
  "wave_height": 0.33,
  "current_speed": 0.42
}
2025-07-19 09:23:50 [[32minfo[39m]: Transformed weather data {
  "service": "beach-safety-api",
  "centerId": "f350b731-2da6-4e3d-9a9d-5fa3c8c985ab",
  "centerName": "Djerba Beach Safety Center",
  "original_visibility_meters": 10000,
  "transformed_visibility_km": 10,
  "temperature": 29.94,
  "wind_speed": 3.09,
  "weather_condition": "Clear",
  "wave_height": 0.33,
  "current_speed": 0.42
}
2025-07-19 09:23:50 [[32minfo[39m]: Raw OpenWeatherMap API response {
  "service": "beach-safety-api",
  "centerId": "a1f85c07-8c14-4616-8199-a1c9c46d9b48",
  "centerName": "Tabarka Beach Safety Center",
  "coordinates": {
    "lat": 36.95,
    "lng": 8.75
  },
  "visibility": 10000,
  "weather_condition": "Clear",
  "temperature": 36.02,
  "wind_speed": 1.03,
  "humidity": 24,
  "pressure": 1011,
  "raw_response": {
    "visibility": 10000,
    "weather": [
      {
        "id": 800,
        "main": "Clear",
        "description": "clear sky",
        "icon": "01d"
      }
    ],
    "main": {
      "temp": 36.02,
      "feels_like": 34.88,
      "temp_min": 36.02,
      "temp_max": 36.02,
      "pressure": 1011,
      "humidity": 24,
      "sea_level": 1011,
      "grnd_level": 991
    },
    "wind": {
      "speed": 1.03,
      "deg": 0
    }
  }
}
2025-07-19 09:23:50 [[32minfo[39m]: Simulated marine data {
  "service": "beach-safety-api",
  "wave_height": 0.41,
  "current_speed": 0.19
}
2025-07-19 09:23:50 [[32minfo[39m]: Transformed weather data {
  "service": "beach-safety-api",
  "centerId": "a1f85c07-8c14-4616-8199-a1c9c46d9b48",
  "centerName": "Tabarka Beach Safety Center",
  "original_visibility_meters": 10000,
  "transformed_visibility_km": 10,
  "temperature": 36.02,
  "wind_speed": 1.03,
  "weather_condition": "Clear",
  "wave_height": 0.41,
  "current_speed": 0.19
}
2025-07-19 09:23:50 [[32minfo[39m]: Current weather and marine data fetched and stored {
  "service": "beach-safety-api",
  "centerId": "f350b731-2da6-4e3d-9a9d-5fa3c8c985ab",
  "centerName": "Djerba Beach Safety Center",
  "temperature": 29.94,
  "condition": "Clear",
  "waveHeight": 0.33,
  "currentSpeed": 0.42
}
2025-07-19 09:23:50 [[32minfo[39m]: Weather data for flag determination {
  "service": "beach-safety-api",
  "centerId": "f350b731-2da6-4e3d-9a9d-5fa3c8c985ab",
  "visibility": "10.00",
  "temperature": "29.94",
  "wind_speed": "3.09",
  "wave_height": "0.33",
  "precipitation": "0.00",
  "weather_condition": "Clear"
}
2025-07-19 09:23:50 [[32minfo[39m]: Current weather and marine data fetched and stored {
  "service": "beach-safety-api",
  "centerId": "a1f85c07-8c14-4616-8199-a1c9c46d9b48",
  "centerName": "Tabarka Beach Safety Center",
  "temperature": 36.02,
  "condition": "Clear",
  "waveHeight": 0.41,
  "currentSpeed": 0.19
}
2025-07-19 09:23:50 [[32minfo[39m]: Weather update emitted {
  "service": "beach-safety-api",
  "centerId": "a1f85c07-8c14-4616-8199-a1c9c46d9b48"
}
2025-07-19 09:23:50 [[32minfo[39m]: Weather update sent to center {
  "service": "beach-safety-api",
  "centerId": "a1f85c07-8c14-4616-8199-a1c9c46d9b48",
  "centerName": "Tabarka Beach Safety Center"
}
2025-07-19 09:23:50 [[32minfo[39m]: Weather updates completed for all centers {
  "service": "beach-safety-api"
}
2025-07-19 09:23:50 [[32minfo[39m]: Scheduled weather update cycle completed {
  "service": "beach-safety-api"
}
2025-07-19 09:23:50 [[32minfo[39m]: Safety flag updated automatically {
  "service": "beach-safety-api",
  "centerId": "f350b731-2da6-4e3d-9a9d-5fa3c8c985ab",
  "oldFlag": "none",
  "newFlag": "green",
  "reason": "Safe conditions",
  "alerts": 0,
  "triggeredBy": "system",
  "updateReason": "No flag set - setting automatic flag"
}
2025-07-19 09:23:50 [[32minfo[39m]: Safety flag auto-updated for center {
  "service": "beach-safety-api",
  "centerId": "f350b731-2da6-4e3d-9a9d-5fa3c8c985ab",
  "centerName": "Djerba Beach Safety Center",
  "oldFlag": "none",
  "newFlag": "green",
  "reason": "No flag set - setting automatic flag"
}
2025-07-19 09:23:50 [[32minfo[39m]: Scheduled safety flag auto-update cycle completed {
  "service": "beach-safety-api"
}
2025-07-19 09:24:00 [[32minfo[39m]: ::1 - - [19/Jul/2025:08:24:00 +0000] "GET /api/v1/public/centers HTTP/1.1" 304 - "http://localhost:3000/" "Mozilla/5.0 (X11; Linux x86_64) AppleWebKit/537.36 (KHTML, like Gecko) Chrome/138.0.0.0 Safari/537.36" {
  "service": "beach-safety-api"
}
2025-07-19 09:24:00 [[32minfo[39m]: ::1 - - [19/Jul/2025:08:24:00 +0000] "GET /api/v1/public/lifeguards/counts HTTP/1.1" 304 - "http://localhost:3000/" "Mozilla/5.0 (X11; Linux x86_64) AppleWebKit/537.36 (KHTML, like Gecko) Chrome/138.0.0.0 Safari/537.36" {
  "service": "beach-safety-api"
}
2025-07-19 09:24:00 [[32minfo[39m]: Public weather query result: {
  "service": "beach-safety-api",
  "totalRows": 68,
  "centers": [
    {
      "center_id": "a1f85c07-8c14-4616-8199-a1c9c46d9b48",
      "center_name": "Tabarka Beach Safety Center",
      "recorded_at": "2025-07-19T08:23:50.044Z"
    },
    {
      "center_id": "f350b731-2da6-4e3d-9a9d-5fa3c8c985ab",
      "center_name": "Djerba Beach Safety Center",
      "recorded_at": "2025-07-19T08:23:50.042Z"
    },
    {
      "center_id": "5897994c-3d0f-4bcf-9624-3103ddffdcf4",
      "center_name": "Monastir Beach Safety Center",
      "recorded_at": "2025-07-19T08:23:50.012Z"
    },
    {
      "center_id": "2c140dc1-5fac-4efe-80e3-2ad63dea6b8f",
      "center_name": "maamoura",
      "recorded_at": "2025-07-19T08:23:49.988Z"
    },
    {
      "center_id": "a42d64f5-73d9-41cb-97c7-c020fd1fe520",
      "center_name": "Sousse Beach Safety Center",
      "recorded_at": "2025-07-19T08:23:49.987Z"
    },
    {
      "center_id": "6c847017-e5ab-4e48-b987-328d742f7562",
      "center_name": "Sounine",
      "recorded_at": "2025-07-19T08:23:49.913Z"
    },
    {
      "center_id": "6c847017-e5ab-4e48-b987-328d742f7562",
      "center_name": "Sounine",
      "recorded_at": "2025-07-19T08:23:49.908Z"
    },
    {
      "center_id": "6091fcc3-3b14-430e-8d28-0907aa1db98d",
      "center_name": "Takelsa",
      "recorded_at": "2025-07-19T08:23:49.906Z"
    },
    {
      "center_id": "f350b731-2da6-4e3d-9a9d-5fa3c8c985ab",
      "center_name": "Djerba Beach Safety Center",
      "recorded_at": "2025-07-19T08:23:49.723Z"
    },
    {
      "center_id": "6091fcc3-3b14-430e-8d28-0907aa1db98d",
      "center_name": "Takelsa",
      "recorded_at": "2025-07-19T08:23:49.721Z"
    },
    {
      "center_id": "a1f85c07-8c14-4616-8199-a1c9c46d9b48",
      "center_name": "Tabarka Beach Safety Center",
      "recorded_at": "2025-07-19T08:23:49.657Z"
    },
    {
      "center_id": "5897994c-3d0f-4bcf-9624-3103ddffdcf4",
      "center_name": "Monastir Beach Safety Center",
      "recorded_at": "2025-07-19T08:23:49.635Z"
    },
    {
      "center_id": "2c140dc1-5fac-4efe-80e3-2ad63dea6b8f",
      "center_name": "maamoura",
      "recorded_at": "2025-07-19T08:23:49.571Z"
    },
    {
      "center_id": "a42d64f5-73d9-41cb-97c7-c020fd1fe520",
      "center_name": "Sousse Beach Safety Center",
      "recorded_at": "2025-07-19T08:23:49.563Z"
    },
    {
      "center_id": "efe6b507-ecd3-4eac-bd21-82cbe1125cc0",
      "center_name": "Hammamet Beach Safety Center",
      "recorded_at": "2025-07-19T08:23:49.399Z"
    },
    {
      "center_id": "efe6b507-ecd3-4eac-bd21-82cbe1125cc0",
      "center_name": "Hammamet Beach Safety Center",
      "recorded_at": "2025-07-19T08:23:49.374Z"
    },
    {
      "center_id": "2c140dc1-5fac-4efe-80e3-2ad63dea6b8f",
      "center_name": "maamoura",
      "recorded_at": "2025-07-19T08:22:29.353Z"
    },
    {
      "center_id": "2c140dc1-5fac-4efe-80e3-2ad63dea6b8f",
      "center_name": "maamoura",
      "recorded_at": "2025-07-19T08:22:29.351Z"
    },
    {
      "center_id": "2c140dc1-5fac-4efe-80e3-2ad63dea6b8f",
      "center_name": "maamoura",
      "recorded_at": "2025-07-19T08:14:09.197Z"
    },
    {
      "center_id": "2c140dc1-5fac-4efe-80e3-2ad63dea6b8f",
      "center_name": "maamoura",
      "recorded_at": "2025-07-19T08:14:09.196Z"
    },
    {
      "center_id": "2c140dc1-5fac-4efe-80e3-2ad63dea6b8f",
      "center_name": "maamoura",
      "recorded_at": "2025-07-19T08:13:57.619Z"
    },
    {
      "center_id": "2c140dc1-5fac-4efe-80e3-2ad63dea6b8f",
      "center_name": "maamoura",
      "recorded_at": "2025-07-19T08:13:57.616Z"
    },
    {
      "center_id": "2c140dc1-5fac-4efe-80e3-2ad63dea6b8f",
      "center_name": "maamoura",
      "recorded_at": "2025-07-19T08:13:57.342Z"
    },
    {
      "center_id": "2c140dc1-5fac-4efe-80e3-2ad63dea6b8f",
      "center_name": "maamoura",
      "recorded_at": "2025-07-19T08:13:57.341Z"
    },
    {
      "center_id": "2c140dc1-5fac-4efe-80e3-2ad63dea6b8f",
      "center_name": "maamoura",
      "recorded_at": "2025-07-19T08:13:57.241Z"
    },
    {
      "center_id": "2c140dc1-5fac-4efe-80e3-2ad63dea6b8f",
      "center_name": "maamoura",
      "recorded_at": "2025-07-19T08:13:57.194Z"
    },
    {
      "center_id": "2c140dc1-5fac-4efe-80e3-2ad63dea6b8f",
      "center_name": "maamoura",
      "recorded_at": "2025-07-19T08:13:01.018Z"
    },
    {
      "center_id": "2c140dc1-5fac-4efe-80e3-2ad63dea6b8f",
      "center_name": "maamoura",
      "recorded_at": "2025-07-19T08:13:01.016Z"
    },
    {
      "center_id": "2c140dc1-5fac-4efe-80e3-2ad63dea6b8f",
      "center_name": "maamoura",
      "recorded_at": "2025-07-19T08:13:00.688Z"
    },
    {
      "center_id": "2c140dc1-5fac-4efe-80e3-2ad63dea6b8f",
      "center_name": "maamoura",
      "recorded_at": "2025-07-19T08:13:00.687Z"
    },
    {
      "center_id": "2c140dc1-5fac-4efe-80e3-2ad63dea6b8f",
      "center_name": "maamoura",
      "recorded_at": "2025-07-19T08:13:00.511Z"
    },
    {
      "center_id": "2c140dc1-5fac-4efe-80e3-2ad63dea6b8f",
      "center_name": "maamoura",
      "recorded_at": "2025-07-19T08:13:00.509Z"
    },
    {
      "center_id": "efe6b507-ecd3-4eac-bd21-82cbe1125cc0",
      "center_name": "Hammamet Beach Safety Center",
      "recorded_at": "2025-07-19T08:12:41.343Z"
    },
    {
      "center_id": "efe6b507-ecd3-4eac-bd21-82cbe1125cc0",
      "center_name": "Hammamet Beach Safety Center",
      "recorded_at": "2025-07-19T08:12:41.341Z"
    },
    {
      "center_id": "efe6b507-ecd3-4eac-bd21-82cbe1125cc0",
      "center_name": "Hammamet Beach Safety Center",
      "recorded_at": "2025-07-19T08:12:33.106Z"
    },
    {
      "center_id": "efe6b507-ecd3-4eac-bd21-82cbe1125cc0",
      "center_name": "Hammamet Beach Safety Center",
      "recorded_at": "2025-07-19T08:12:33.105Z"
    },
    {
      "center_id": "efe6b507-ecd3-4eac-bd21-82cbe1125cc0",
      "center_name": "Hammamet Beach Safety Center",
      "recorded_at": "2025-07-19T08:11:24.227Z"
    },
    {
      "center_id": "efe6b507-ecd3-4eac-bd21-82cbe1125cc0",
      "center_name": "Hammamet Beach Safety Center",
      "recorded_at": "2025-07-19T08:11:24.195Z"
    },
    {
      "center_id": "efe6b507-ecd3-4eac-bd21-82cbe1125cc0",
      "center_name": "Hammamet Beach Safety Center",
      "recorded_at": "2025-07-19T08:11:23.864Z"
    },
    {
      "center_id": "efe6b507-ecd3-4eac-bd21-82cbe1125cc0",
      "center_name": "Hammamet Beach Safety Center",
      "recorded_at": "2025-07-19T08:11:23.863Z"
    },
    {
      "center_id": "efe6b507-ecd3-4eac-bd21-82cbe1125cc0",
      "center_name": "Hammamet Beach Safety Center",
      "recorded_at": "2025-07-19T08:11:23.731Z"
    },
    {
      "center_id": "efe6b507-ecd3-4eac-bd21-82cbe1125cc0",
      "center_name": "Hammamet Beach Safety Center",
      "recorded_at": "2025-07-19T08:11:23.729Z"
    },
    {
      "center_id": "efe6b507-ecd3-4eac-bd21-82cbe1125cc0",
      "center_name": "Hammamet Beach Safety Center",
      "recorded_at": "2025-07-19T08:10:55.310Z"
    },
    {
      "center_id": "efe6b507-ecd3-4eac-bd21-82cbe1125cc0",
      "center_name": "Hammamet Beach Safety Center",
      "recorded_at": "2025-07-19T08:10:55.307Z"
    },
    {
      "center_id": "efe6b507-ecd3-4eac-bd21-82cbe1125cc0",
      "center_name": "Hammamet Beach Safety Center",
      "recorded_at": "2025-07-19T08:10:54.959Z"
    },
    {
      "center_id": "efe6b507-ecd3-4eac-bd21-82cbe1125cc0",
      "center_name": "Hammamet Beach Safety Center",
      "recorded_at": "2025-07-19T08:10:54.957Z"
    },
    {
      "center_id": "efe6b507-ecd3-4eac-bd21-82cbe1125cc0",
      "center_name": "Hammamet Beach Safety Center",
      "recorded_at": "2025-07-19T08:10:54.687Z"
    },
    {
      "center_id": "efe6b507-ecd3-4eac-bd21-82cbe1125cc0",
      "center_name": "Hammamet Beach Safety Center",
      "recorded_at": "2025-07-19T08:10:54.684Z"
    },
    {
      "center_id": "efe6b507-ecd3-4eac-bd21-82cbe1125cc0",
      "center_name": "Hammamet Beach Safety Center",
      "recorded_at": "2025-07-19T08:10:07.794Z"
    },
    {
      "center_id": "efe6b507-ecd3-4eac-bd21-82cbe1125cc0",
      "center_name": "Hammamet Beach Safety Center",
      "recorded_at": "2025-07-19T08:10:07.792Z"
    },
    {
      "center_id": "5897994c-3d0f-4bcf-9624-3103ddffdcf4",
      "center_name": "Monastir Beach Safety Center",
      "recorded_at": "2025-07-19T08:09:51.715Z"
    },
    {
      "center_id": "5897994c-3d0f-4bcf-9624-3103ddffdcf4",
      "center_name": "Monastir Beach Safety Center",
      "recorded_at": "2025-07-19T08:09:51.650Z"
    },
    {
      "center_id": "2c140dc1-5fac-4efe-80e3-2ad63dea6b8f",
      "center_name": "maamoura",
      "recorded_at": "2025-07-19T08:08:50.011Z"
    },
    {
      "center_id": "6091fcc3-3b14-430e-8d28-0907aa1db98d",
      "center_name": "Takelsa",
      "recorded_at": "2025-07-19T08:08:50.010Z"
    },
    {
      "center_id": "6c847017-e5ab-4e48-b987-328d742f7562",
      "center_name": "Sounine",
      "recorded_at": "2025-07-19T08:08:49.953Z"
    },
    {
      "center_id": "f350b731-2da6-4e3d-9a9d-5fa3c8c985ab",
      "center_name": "Djerba Beach Safety Center",
      "recorded_at": "2025-07-19T08:08:49.936Z"
    },
    {
      "center_id": "6091fcc3-3b14-430e-8d28-0907aa1db98d",
      "center_name": "Takelsa",
      "recorded_at": "2025-07-19T08:08:49.892Z"
    },
    {
      "center_id": "5897994c-3d0f-4bcf-9624-3103ddffdcf4",
      "center_name": "Monastir Beach Safety Center",
      "recorded_at": "2025-07-19T08:08:49.875Z"
    },
    {
      "center_id": "f350b731-2da6-4e3d-9a9d-5fa3c8c985ab",
      "center_name": "Djerba Beach Safety Center",
      "recorded_at": "2025-07-19T08:08:49.711Z"
    },
    {
      "center_id": "a1f85c07-8c14-4616-8199-a1c9c46d9b48",
      "center_name": "Tabarka Beach Safety Center",
      "recorded_at": "2025-07-19T08:08:49.687Z"
    },
    {
      "center_id": "5897994c-3d0f-4bcf-9624-3103ddffdcf4",
      "center_name": "Monastir Beach Safety Center",
      "recorded_at": "2025-07-19T08:08:49.639Z"
    },
    {
      "center_id": "6c847017-e5ab-4e48-b987-328d742f7562",
      "center_name": "Sounine",
      "recorded_at": "2025-07-19T08:08:49.637Z"
    },
    {
      "center_id": "efe6b507-ecd3-4eac-bd21-82cbe1125cc0",
      "center_name": "Hammamet Beach Safety Center",
      "recorded_at": "2025-07-19T08:08:49.623Z"
    },
    {
      "center_id": "a42d64f5-73d9-41cb-97c7-c020fd1fe520",
      "center_name": "Sousse Beach Safety Center",
      "recorded_at": "2025-07-19T08:08:49.594Z"
    },
    {
      "center_id": "2c140dc1-5fac-4efe-80e3-2ad63dea6b8f",
      "center_name": "maamoura",
      "recorded_at": "2025-07-19T08:08:49.532Z"
    },
    {
      "center_id": "a1f85c07-8c14-4616-8199-a1c9c46d9b48",
      "center_name": "Tabarka Beach Safety Center",
      "recorded_at": "2025-07-19T08:08:49.527Z"
    },
    {
      "center_id": "efe6b507-ecd3-4eac-bd21-82cbe1125cc0",
      "center_name": "Hammamet Beach Safety Center",
      "recorded_at": "2025-07-19T08:08:49.378Z"
    },
    {
      "center_id": "a42d64f5-73d9-41cb-97c7-c020fd1fe520",
      "center_name": "Sousse Beach Safety Center",
      "recorded_at": "2025-07-19T08:08:49.358Z"
    }
  ]
}
2025-07-19 09:24:00 [[32minfo[39m]: ::1 - - [19/Jul/2025:08:24:00 +0000] "GET /api/v1/public/weather/current HTTP/1.1" 200 43890 "http://localhost:3000/" "Mozilla/5.0 (X11; Linux x86_64) AppleWebKit/537.36 (KHTML, like Gecko) Chrome/138.0.0.0 Safari/537.36" {
  "service": "beach-safety-api"
}
2025-07-19 09:24:00 [[32minfo[39m]: ::1 - - [19/Jul/2025:08:24:00 +0000] "GET /api/v1/safety-zones/public HTTP/1.1" 304 - "http://localhost:3000/" "Mozilla/5.0 (X11; Linux x86_64) AppleWebKit/537.36 (KHTML, like Gecko) Chrome/138.0.0.0 Safari/537.36" {
  "service": "beach-safety-api"
}
2025-07-19 09:24:00 [[32minfo[39m]: ::1 - - [19/Jul/2025:08:24:00 +0000] "GET /api/v1/public/safety/flags HTTP/1.1" 200 1816 "http://localhost:3000/" "Mozilla/5.0 (X11; Linux x86_64) AppleWebKit/537.36 (KHTML, like Gecko) Chrome/138.0.0.0 Safari/537.36" {
  "service": "beach-safety-api"
}
2025-07-19 09:24:08 [[32minfo[39m]: ::1 - - [19/Jul/2025:08:24:08 +0000] "GET /api/v1/public/centers HTTP/1.1" 304 - "http://localhost:3000/" "Mozilla/5.0 (X11; Linux x86_64) AppleWebKit/537.36 (KHTML, like Gecko) Chrome/138.0.0.0 Safari/537.36" {
  "service": "beach-safety-api"
}
2025-07-19 09:24:08 [[32minfo[39m]: Public weather query result: {
  "service": "beach-safety-api",
  "totalRows": 68,
  "centers": [
    {
      "center_id": "a1f85c07-8c14-4616-8199-a1c9c46d9b48",
      "center_name": "Tabarka Beach Safety Center",
      "recorded_at": "2025-07-19T08:23:50.044Z"
    },
    {
      "center_id": "f350b731-2da6-4e3d-9a9d-5fa3c8c985ab",
      "center_name": "Djerba Beach Safety Center",
      "recorded_at": "2025-07-19T08:23:50.042Z"
    },
    {
      "center_id": "5897994c-3d0f-4bcf-9624-3103ddffdcf4",
      "center_name": "Monastir Beach Safety Center",
      "recorded_at": "2025-07-19T08:23:50.012Z"
    },
    {
      "center_id": "2c140dc1-5fac-4efe-80e3-2ad63dea6b8f",
      "center_name": "maamoura",
      "recorded_at": "2025-07-19T08:23:49.988Z"
    },
    {
      "center_id": "a42d64f5-73d9-41cb-97c7-c020fd1fe520",
      "center_name": "Sousse Beach Safety Center",
      "recorded_at": "2025-07-19T08:23:49.987Z"
    },
    {
      "center_id": "6c847017-e5ab-4e48-b987-328d742f7562",
      "center_name": "Sounine",
      "recorded_at": "2025-07-19T08:23:49.913Z"
    },
    {
      "center_id": "6c847017-e5ab-4e48-b987-328d742f7562",
      "center_name": "Sounine",
      "recorded_at": "2025-07-19T08:23:49.908Z"
    },
    {
      "center_id": "6091fcc3-3b14-430e-8d28-0907aa1db98d",
      "center_name": "Takelsa",
      "recorded_at": "2025-07-19T08:23:49.906Z"
    },
    {
      "center_id": "f350b731-2da6-4e3d-9a9d-5fa3c8c985ab",
      "center_name": "Djerba Beach Safety Center",
      "recorded_at": "2025-07-19T08:23:49.723Z"
    },
    {
      "center_id": "6091fcc3-3b14-430e-8d28-0907aa1db98d",
      "center_name": "Takelsa",
      "recorded_at": "2025-07-19T08:23:49.721Z"
    },
    {
      "center_id": "a1f85c07-8c14-4616-8199-a1c9c46d9b48",
      "center_name": "Tabarka Beach Safety Center",
      "recorded_at": "2025-07-19T08:23:49.657Z"
    },
    {
      "center_id": "5897994c-3d0f-4bcf-9624-3103ddffdcf4",
      "center_name": "Monastir Beach Safety Center",
      "recorded_at": "2025-07-19T08:23:49.635Z"
    },
    {
      "center_id": "2c140dc1-5fac-4efe-80e3-2ad63dea6b8f",
      "center_name": "maamoura",
      "recorded_at": "2025-07-19T08:23:49.571Z"
    },
    {
      "center_id": "a42d64f5-73d9-41cb-97c7-c020fd1fe520",
      "center_name": "Sousse Beach Safety Center",
      "recorded_at": "2025-07-19T08:23:49.563Z"
    },
    {
      "center_id": "efe6b507-ecd3-4eac-bd21-82cbe1125cc0",
      "center_name": "Hammamet Beach Safety Center",
      "recorded_at": "2025-07-19T08:23:49.399Z"
    },
    {
      "center_id": "efe6b507-ecd3-4eac-bd21-82cbe1125cc0",
      "center_name": "Hammamet Beach Safety Center",
      "recorded_at": "2025-07-19T08:23:49.374Z"
    },
    {
      "center_id": "2c140dc1-5fac-4efe-80e3-2ad63dea6b8f",
      "center_name": "maamoura",
      "recorded_at": "2025-07-19T08:22:29.353Z"
    },
    {
      "center_id": "2c140dc1-5fac-4efe-80e3-2ad63dea6b8f",
      "center_name": "maamoura",
      "recorded_at": "2025-07-19T08:22:29.351Z"
    },
    {
      "center_id": "2c140dc1-5fac-4efe-80e3-2ad63dea6b8f",
      "center_name": "maamoura",
      "recorded_at": "2025-07-19T08:14:09.197Z"
    },
    {
      "center_id": "2c140dc1-5fac-4efe-80e3-2ad63dea6b8f",
      "center_name": "maamoura",
      "recorded_at": "2025-07-19T08:14:09.196Z"
    },
    {
      "center_id": "2c140dc1-5fac-4efe-80e3-2ad63dea6b8f",
      "center_name": "maamoura",
      "recorded_at": "2025-07-19T08:13:57.619Z"
    },
    {
      "center_id": "2c140dc1-5fac-4efe-80e3-2ad63dea6b8f",
      "center_name": "maamoura",
      "recorded_at": "2025-07-19T08:13:57.616Z"
    },
    {
      "center_id": "2c140dc1-5fac-4efe-80e3-2ad63dea6b8f",
      "center_name": "maamoura",
      "recorded_at": "2025-07-19T08:13:57.342Z"
    },
    {
      "center_id": "2c140dc1-5fac-4efe-80e3-2ad63dea6b8f",
      "center_name": "maamoura",
      "recorded_at": "2025-07-19T08:13:57.341Z"
    },
    {
      "center_id": "2c140dc1-5fac-4efe-80e3-2ad63dea6b8f",
      "center_name": "maamoura",
      "recorded_at": "2025-07-19T08:13:57.241Z"
    },
    {
      "center_id": "2c140dc1-5fac-4efe-80e3-2ad63dea6b8f",
      "center_name": "maamoura",
      "recorded_at": "2025-07-19T08:13:57.194Z"
    },
    {
      "center_id": "2c140dc1-5fac-4efe-80e3-2ad63dea6b8f",
      "center_name": "maamoura",
      "recorded_at": "2025-07-19T08:13:01.018Z"
    },
    {
      "center_id": "2c140dc1-5fac-4efe-80e3-2ad63dea6b8f",
      "center_name": "maamoura",
      "recorded_at": "2025-07-19T08:13:01.016Z"
    },
    {
      "center_id": "2c140dc1-5fac-4efe-80e3-2ad63dea6b8f",
      "center_name": "maamoura",
      "recorded_at": "2025-07-19T08:13:00.688Z"
    },
    {
      "center_id": "2c140dc1-5fac-4efe-80e3-2ad63dea6b8f",
      "center_name": "maamoura",
      "recorded_at": "2025-07-19T08:13:00.687Z"
    },
    {
      "center_id": "2c140dc1-5fac-4efe-80e3-2ad63dea6b8f",
      "center_name": "maamoura",
      "recorded_at": "2025-07-19T08:13:00.511Z"
    },
    {
      "center_id": "2c140dc1-5fac-4efe-80e3-2ad63dea6b8f",
      "center_name": "maamoura",
      "recorded_at": "2025-07-19T08:13:00.509Z"
    },
    {
      "center_id": "efe6b507-ecd3-4eac-bd21-82cbe1125cc0",
      "center_name": "Hammamet Beach Safety Center",
      "recorded_at": "2025-07-19T08:12:41.343Z"
    },
    {
      "center_id": "efe6b507-ecd3-4eac-bd21-82cbe1125cc0",
      "center_name": "Hammamet Beach Safety Center",
      "recorded_at": "2025-07-19T08:12:41.341Z"
    },
    {
      "center_id": "efe6b507-ecd3-4eac-bd21-82cbe1125cc0",
      "center_name": "Hammamet Beach Safety Center",
      "recorded_at": "2025-07-19T08:12:33.106Z"
    },
    {
      "center_id": "efe6b507-ecd3-4eac-bd21-82cbe1125cc0",
      "center_name": "Hammamet Beach Safety Center",
      "recorded_at": "2025-07-19T08:12:33.105Z"
    },
    {
      "center_id": "efe6b507-ecd3-4eac-bd21-82cbe1125cc0",
      "center_name": "Hammamet Beach Safety Center",
      "recorded_at": "2025-07-19T08:11:24.227Z"
    },
    {
      "center_id": "efe6b507-ecd3-4eac-bd21-82cbe1125cc0",
      "center_name": "Hammamet Beach Safety Center",
      "recorded_at": "2025-07-19T08:11:24.195Z"
    },
    {
      "center_id": "efe6b507-ecd3-4eac-bd21-82cbe1125cc0",
      "center_name": "Hammamet Beach Safety Center",
      "recorded_at": "2025-07-19T08:11:23.864Z"
    },
    {
      "center_id": "efe6b507-ecd3-4eac-bd21-82cbe1125cc0",
      "center_name": "Hammamet Beach Safety Center",
      "recorded_at": "2025-07-19T08:11:23.863Z"
    },
    {
      "center_id": "efe6b507-ecd3-4eac-bd21-82cbe1125cc0",
      "center_name": "Hammamet Beach Safety Center",
      "recorded_at": "2025-07-19T08:11:23.731Z"
    },
    {
      "center_id": "efe6b507-ecd3-4eac-bd21-82cbe1125cc0",
      "center_name": "Hammamet Beach Safety Center",
      "recorded_at": "2025-07-19T08:11:23.729Z"
    },
    {
      "center_id": "efe6b507-ecd3-4eac-bd21-82cbe1125cc0",
      "center_name": "Hammamet Beach Safety Center",
      "recorded_at": "2025-07-19T08:10:55.310Z"
    },
    {
      "center_id": "efe6b507-ecd3-4eac-bd21-82cbe1125cc0",
      "center_name": "Hammamet Beach Safety Center",
      "recorded_at": "2025-07-19T08:10:55.307Z"
    },
    {
      "center_id": "efe6b507-ecd3-4eac-bd21-82cbe1125cc0",
      "center_name": "Hammamet Beach Safety Center",
      "recorded_at": "2025-07-19T08:10:54.959Z"
    },
    {
      "center_id": "efe6b507-ecd3-4eac-bd21-82cbe1125cc0",
      "center_name": "Hammamet Beach Safety Center",
      "recorded_at": "2025-07-19T08:10:54.957Z"
    },
    {
      "center_id": "efe6b507-ecd3-4eac-bd21-82cbe1125cc0",
      "center_name": "Hammamet Beach Safety Center",
      "recorded_at": "2025-07-19T08:10:54.687Z"
    },
    {
      "center_id": "efe6b507-ecd3-4eac-bd21-82cbe1125cc0",
      "center_name": "Hammamet Beach Safety Center",
      "recorded_at": "2025-07-19T08:10:54.684Z"
    },
    {
      "center_id": "efe6b507-ecd3-4eac-bd21-82cbe1125cc0",
      "center_name": "Hammamet Beach Safety Center",
      "recorded_at": "2025-07-19T08:10:07.794Z"
    },
    {
      "center_id": "efe6b507-ecd3-4eac-bd21-82cbe1125cc0",
      "center_name": "Hammamet Beach Safety Center",
      "recorded_at": "2025-07-19T08:10:07.792Z"
    },
    {
      "center_id": "5897994c-3d0f-4bcf-9624-3103ddffdcf4",
      "center_name": "Monastir Beach Safety Center",
      "recorded_at": "2025-07-19T08:09:51.715Z"
    },
    {
      "center_id": "5897994c-3d0f-4bcf-9624-3103ddffdcf4",
      "center_name": "Monastir Beach Safety Center",
      "recorded_at": "2025-07-19T08:09:51.650Z"
    },
    {
      "center_id": "2c140dc1-5fac-4efe-80e3-2ad63dea6b8f",
      "center_name": "maamoura",
      "recorded_at": "2025-07-19T08:08:50.011Z"
    },
    {
      "center_id": "6091fcc3-3b14-430e-8d28-0907aa1db98d",
      "center_name": "Takelsa",
      "recorded_at": "2025-07-19T08:08:50.010Z"
    },
    {
      "center_id": "6c847017-e5ab-4e48-b987-328d742f7562",
      "center_name": "Sounine",
      "recorded_at": "2025-07-19T08:08:49.953Z"
    },
    {
      "center_id": "f350b731-2da6-4e3d-9a9d-5fa3c8c985ab",
      "center_name": "Djerba Beach Safety Center",
      "recorded_at": "2025-07-19T08:08:49.936Z"
    },
    {
      "center_id": "6091fcc3-3b14-430e-8d28-0907aa1db98d",
      "center_name": "Takelsa",
      "recorded_at": "2025-07-19T08:08:49.892Z"
    },
    {
      "center_id": "5897994c-3d0f-4bcf-9624-3103ddffdcf4",
      "center_name": "Monastir Beach Safety Center",
      "recorded_at": "2025-07-19T08:08:49.875Z"
    },
    {
      "center_id": "f350b731-2da6-4e3d-9a9d-5fa3c8c985ab",
      "center_name": "Djerba Beach Safety Center",
      "recorded_at": "2025-07-19T08:08:49.711Z"
    },
    {
      "center_id": "a1f85c07-8c14-4616-8199-a1c9c46d9b48",
      "center_name": "Tabarka Beach Safety Center",
      "recorded_at": "2025-07-19T08:08:49.687Z"
    },
    {
      "center_id": "5897994c-3d0f-4bcf-9624-3103ddffdcf4",
      "center_name": "Monastir Beach Safety Center",
      "recorded_at": "2025-07-19T08:08:49.639Z"
    },
    {
      "center_id": "6c847017-e5ab-4e48-b987-328d742f7562",
      "center_name": "Sounine",
      "recorded_at": "2025-07-19T08:08:49.637Z"
    },
    {
      "center_id": "efe6b507-ecd3-4eac-bd21-82cbe1125cc0",
      "center_name": "Hammamet Beach Safety Center",
      "recorded_at": "2025-07-19T08:08:49.623Z"
    },
    {
      "center_id": "a42d64f5-73d9-41cb-97c7-c020fd1fe520",
      "center_name": "Sousse Beach Safety Center",
      "recorded_at": "2025-07-19T08:08:49.594Z"
    },
    {
      "center_id": "2c140dc1-5fac-4efe-80e3-2ad63dea6b8f",
      "center_name": "maamoura",
      "recorded_at": "2025-07-19T08:08:49.532Z"
    },
    {
      "center_id": "a1f85c07-8c14-4616-8199-a1c9c46d9b48",
      "center_name": "Tabarka Beach Safety Center",
      "recorded_at": "2025-07-19T08:08:49.527Z"
    },
    {
      "center_id": "efe6b507-ecd3-4eac-bd21-82cbe1125cc0",
      "center_name": "Hammamet Beach Safety Center",
      "recorded_at": "2025-07-19T08:08:49.378Z"
    },
    {
      "center_id": "a42d64f5-73d9-41cb-97c7-c020fd1fe520",
      "center_name": "Sousse Beach Safety Center",
      "recorded_at": "2025-07-19T08:08:49.358Z"
    }
  ]
}
2025-07-19 09:24:08 [[32minfo[39m]: ::1 - - [19/Jul/2025:08:24:08 +0000] "GET /api/v1/public/weather/current HTTP/1.1" 304 - "http://localhost:3000/" "Mozilla/5.0 (X11; Linux x86_64) AppleWebKit/537.36 (KHTML, like Gecko) Chrome/138.0.0.0 Safari/537.36" {
  "service": "beach-safety-api"
}
2025-07-19 09:24:08 [[32minfo[39m]: ::1 - - [19/Jul/2025:08:24:08 +0000] "GET /api/v1/safety-zones/public HTTP/1.1" 304 - "http://localhost:3000/" "Mozilla/5.0 (X11; Linux x86_64) AppleWebKit/537.36 (KHTML, like Gecko) Chrome/138.0.0.0 Safari/537.36" {
  "service": "beach-safety-api"
}
2025-07-19 09:24:08 [[32minfo[39m]: ::1 - - [19/Jul/2025:08:24:08 +0000] "GET /api/v1/public/safety/flags HTTP/1.1" 304 - "http://localhost:3000/" "Mozilla/5.0 (X11; Linux x86_64) AppleWebKit/537.36 (KHTML, like Gecko) Chrome/138.0.0.0 Safari/537.36" {
  "service": "beach-safety-api"
}
2025-07-19 09:24:08 [[32minfo[39m]: ::1 - - [19/Jul/2025:08:24:08 +0000] "GET /api/v1/public/lifeguards/counts HTTP/1.1" 304 - "http://localhost:3000/" "Mozilla/5.0 (X11; Linux x86_64) AppleWebKit/537.36 (KHTML, like Gecko) Chrome/138.0.0.0 Safari/537.36" {
  "service": "beach-safety-api"
}
2025-07-19 09:24:19 [[32minfo[39m]: ::1 - - [19/Jul/2025:08:24:19 +0000] "GET /api/v1/public/centers HTTP/1.1" 304 - "http://localhost:3000/" "Mozilla/5.0 (X11; Linux x86_64) AppleWebKit/537.36 (KHTML, like Gecko) Chrome/138.0.0.0 Safari/537.36" {
  "service": "beach-safety-api"
}
2025-07-19 09:24:19 [[32minfo[39m]: Public weather query result: {
  "service": "beach-safety-api",
  "totalRows": 68,
  "centers": [
    {
      "center_id": "a1f85c07-8c14-4616-8199-a1c9c46d9b48",
      "center_name": "Tabarka Beach Safety Center",
      "recorded_at": "2025-07-19T08:23:50.044Z"
    },
    {
      "center_id": "f350b731-2da6-4e3d-9a9d-5fa3c8c985ab",
      "center_name": "Djerba Beach Safety Center",
      "recorded_at": "2025-07-19T08:23:50.042Z"
    },
    {
      "center_id": "5897994c-3d0f-4bcf-9624-3103ddffdcf4",
      "center_name": "Monastir Beach Safety Center",
      "recorded_at": "2025-07-19T08:23:50.012Z"
    },
    {
      "center_id": "2c140dc1-5fac-4efe-80e3-2ad63dea6b8f",
      "center_name": "maamoura",
      "recorded_at": "2025-07-19T08:23:49.988Z"
    },
    {
      "center_id": "a42d64f5-73d9-41cb-97c7-c020fd1fe520",
      "center_name": "Sousse Beach Safety Center",
      "recorded_at": "2025-07-19T08:23:49.987Z"
    },
    {
      "center_id": "6c847017-e5ab-4e48-b987-328d742f7562",
      "center_name": "Sounine",
      "recorded_at": "2025-07-19T08:23:49.913Z"
    },
    {
      "center_id": "6c847017-e5ab-4e48-b987-328d742f7562",
      "center_name": "Sounine",
      "recorded_at": "2025-07-19T08:23:49.908Z"
    },
    {
      "center_id": "6091fcc3-3b14-430e-8d28-0907aa1db98d",
      "center_name": "Takelsa",
      "recorded_at": "2025-07-19T08:23:49.906Z"
    },
    {
      "center_id": "f350b731-2da6-4e3d-9a9d-5fa3c8c985ab",
      "center_name": "Djerba Beach Safety Center",
      "recorded_at": "2025-07-19T08:23:49.723Z"
    },
    {
      "center_id": "6091fcc3-3b14-430e-8d28-0907aa1db98d",
      "center_name": "Takelsa",
      "recorded_at": "2025-07-19T08:23:49.721Z"
    },
    {
      "center_id": "a1f85c07-8c14-4616-8199-a1c9c46d9b48",
      "center_name": "Tabarka Beach Safety Center",
      "recorded_at": "2025-07-19T08:23:49.657Z"
    },
    {
      "center_id": "5897994c-3d0f-4bcf-9624-3103ddffdcf4",
      "center_name": "Monastir Beach Safety Center",
      "recorded_at": "2025-07-19T08:23:49.635Z"
    },
    {
      "center_id": "2c140dc1-5fac-4efe-80e3-2ad63dea6b8f",
      "center_name": "maamoura",
      "recorded_at": "2025-07-19T08:23:49.571Z"
    },
    {
      "center_id": "a42d64f5-73d9-41cb-97c7-c020fd1fe520",
      "center_name": "Sousse Beach Safety Center",
      "recorded_at": "2025-07-19T08:23:49.563Z"
    },
    {
      "center_id": "efe6b507-ecd3-4eac-bd21-82cbe1125cc0",
      "center_name": "Hammamet Beach Safety Center",
      "recorded_at": "2025-07-19T08:23:49.399Z"
    },
    {
      "center_id": "efe6b507-ecd3-4eac-bd21-82cbe1125cc0",
      "center_name": "Hammamet Beach Safety Center",
      "recorded_at": "2025-07-19T08:23:49.374Z"
    },
    {
      "center_id": "2c140dc1-5fac-4efe-80e3-2ad63dea6b8f",
      "center_name": "maamoura",
      "recorded_at": "2025-07-19T08:22:29.353Z"
    },
    {
      "center_id": "2c140dc1-5fac-4efe-80e3-2ad63dea6b8f",
      "center_name": "maamoura",
      "recorded_at": "2025-07-19T08:22:29.351Z"
    },
    {
      "center_id": "2c140dc1-5fac-4efe-80e3-2ad63dea6b8f",
      "center_name": "maamoura",
      "recorded_at": "2025-07-19T08:14:09.197Z"
    },
    {
      "center_id": "2c140dc1-5fac-4efe-80e3-2ad63dea6b8f",
      "center_name": "maamoura",
      "recorded_at": "2025-07-19T08:14:09.196Z"
    },
    {
      "center_id": "2c140dc1-5fac-4efe-80e3-2ad63dea6b8f",
      "center_name": "maamoura",
      "recorded_at": "2025-07-19T08:13:57.619Z"
    },
    {
      "center_id": "2c140dc1-5fac-4efe-80e3-2ad63dea6b8f",
      "center_name": "maamoura",
      "recorded_at": "2025-07-19T08:13:57.616Z"
    },
    {
      "center_id": "2c140dc1-5fac-4efe-80e3-2ad63dea6b8f",
      "center_name": "maamoura",
      "recorded_at": "2025-07-19T08:13:57.342Z"
    },
    {
      "center_id": "2c140dc1-5fac-4efe-80e3-2ad63dea6b8f",
      "center_name": "maamoura",
      "recorded_at": "2025-07-19T08:13:57.341Z"
    },
    {
      "center_id": "2c140dc1-5fac-4efe-80e3-2ad63dea6b8f",
      "center_name": "maamoura",
      "recorded_at": "2025-07-19T08:13:57.241Z"
    },
    {
      "center_id": "2c140dc1-5fac-4efe-80e3-2ad63dea6b8f",
      "center_name": "maamoura",
      "recorded_at": "2025-07-19T08:13:57.194Z"
    },
    {
      "center_id": "2c140dc1-5fac-4efe-80e3-2ad63dea6b8f",
      "center_name": "maamoura",
      "recorded_at": "2025-07-19T08:13:01.018Z"
    },
    {
      "center_id": "2c140dc1-5fac-4efe-80e3-2ad63dea6b8f",
      "center_name": "maamoura",
      "recorded_at": "2025-07-19T08:13:01.016Z"
    },
    {
      "center_id": "2c140dc1-5fac-4efe-80e3-2ad63dea6b8f",
      "center_name": "maamoura",
      "recorded_at": "2025-07-19T08:13:00.688Z"
    },
    {
      "center_id": "2c140dc1-5fac-4efe-80e3-2ad63dea6b8f",
      "center_name": "maamoura",
      "recorded_at": "2025-07-19T08:13:00.687Z"
    },
    {
      "center_id": "2c140dc1-5fac-4efe-80e3-2ad63dea6b8f",
      "center_name": "maamoura",
      "recorded_at": "2025-07-19T08:13:00.511Z"
    },
    {
      "center_id": "2c140dc1-5fac-4efe-80e3-2ad63dea6b8f",
      "center_name": "maamoura",
      "recorded_at": "2025-07-19T08:13:00.509Z"
    },
    {
      "center_id": "efe6b507-ecd3-4eac-bd21-82cbe1125cc0",
      "center_name": "Hammamet Beach Safety Center",
      "recorded_at": "2025-07-19T08:12:41.343Z"
    },
    {
      "center_id": "efe6b507-ecd3-4eac-bd21-82cbe1125cc0",
      "center_name": "Hammamet Beach Safety Center",
      "recorded_at": "2025-07-19T08:12:41.341Z"
    },
    {
      "center_id": "efe6b507-ecd3-4eac-bd21-82cbe1125cc0",
      "center_name": "Hammamet Beach Safety Center",
      "recorded_at": "2025-07-19T08:12:33.106Z"
    },
    {
      "center_id": "efe6b507-ecd3-4eac-bd21-82cbe1125cc0",
      "center_name": "Hammamet Beach Safety Center",
      "recorded_at": "2025-07-19T08:12:33.105Z"
    },
    {
      "center_id": "efe6b507-ecd3-4eac-bd21-82cbe1125cc0",
      "center_name": "Hammamet Beach Safety Center",
      "recorded_at": "2025-07-19T08:11:24.227Z"
    },
    {
      "center_id": "efe6b507-ecd3-4eac-bd21-82cbe1125cc0",
      "center_name": "Hammamet Beach Safety Center",
      "recorded_at": "2025-07-19T08:11:24.195Z"
    },
    {
      "center_id": "efe6b507-ecd3-4eac-bd21-82cbe1125cc0",
      "center_name": "Hammamet Beach Safety Center",
      "recorded_at": "2025-07-19T08:11:23.864Z"
    },
    {
      "center_id": "efe6b507-ecd3-4eac-bd21-82cbe1125cc0",
      "center_name": "Hammamet Beach Safety Center",
      "recorded_at": "2025-07-19T08:11:23.863Z"
    },
    {
      "center_id": "efe6b507-ecd3-4eac-bd21-82cbe1125cc0",
      "center_name": "Hammamet Beach Safety Center",
      "recorded_at": "2025-07-19T08:11:23.731Z"
    },
    {
      "center_id": "efe6b507-ecd3-4eac-bd21-82cbe1125cc0",
      "center_name": "Hammamet Beach Safety Center",
      "recorded_at": "2025-07-19T08:11:23.729Z"
    },
    {
      "center_id": "efe6b507-ecd3-4eac-bd21-82cbe1125cc0",
      "center_name": "Hammamet Beach Safety Center",
      "recorded_at": "2025-07-19T08:10:55.310Z"
    },
    {
      "center_id": "efe6b507-ecd3-4eac-bd21-82cbe1125cc0",
      "center_name": "Hammamet Beach Safety Center",
      "recorded_at": "2025-07-19T08:10:55.307Z"
    },
    {
      "center_id": "efe6b507-ecd3-4eac-bd21-82cbe1125cc0",
      "center_name": "Hammamet Beach Safety Center",
      "recorded_at": "2025-07-19T08:10:54.959Z"
    },
    {
      "center_id": "efe6b507-ecd3-4eac-bd21-82cbe1125cc0",
      "center_name": "Hammamet Beach Safety Center",
      "recorded_at": "2025-07-19T08:10:54.957Z"
    },
    {
      "center_id": "efe6b507-ecd3-4eac-bd21-82cbe1125cc0",
      "center_name": "Hammamet Beach Safety Center",
      "recorded_at": "2025-07-19T08:10:54.687Z"
    },
    {
      "center_id": "efe6b507-ecd3-4eac-bd21-82cbe1125cc0",
      "center_name": "Hammamet Beach Safety Center",
      "recorded_at": "2025-07-19T08:10:54.684Z"
    },
    {
      "center_id": "efe6b507-ecd3-4eac-bd21-82cbe1125cc0",
      "center_name": "Hammamet Beach Safety Center",
      "recorded_at": "2025-07-19T08:10:07.794Z"
    },
    {
      "center_id": "efe6b507-ecd3-4eac-bd21-82cbe1125cc0",
      "center_name": "Hammamet Beach Safety Center",
      "recorded_at": "2025-07-19T08:10:07.792Z"
    },
    {
      "center_id": "5897994c-3d0f-4bcf-9624-3103ddffdcf4",
      "center_name": "Monastir Beach Safety Center",
      "recorded_at": "2025-07-19T08:09:51.715Z"
    },
    {
      "center_id": "5897994c-3d0f-4bcf-9624-3103ddffdcf4",
      "center_name": "Monastir Beach Safety Center",
      "recorded_at": "2025-07-19T08:09:51.650Z"
    },
    {
      "center_id": "2c140dc1-5fac-4efe-80e3-2ad63dea6b8f",
      "center_name": "maamoura",
      "recorded_at": "2025-07-19T08:08:50.011Z"
    },
    {
      "center_id": "6091fcc3-3b14-430e-8d28-0907aa1db98d",
      "center_name": "Takelsa",
      "recorded_at": "2025-07-19T08:08:50.010Z"
    },
    {
      "center_id": "6c847017-e5ab-4e48-b987-328d742f7562",
      "center_name": "Sounine",
      "recorded_at": "2025-07-19T08:08:49.953Z"
    },
    {
      "center_id": "f350b731-2da6-4e3d-9a9d-5fa3c8c985ab",
      "center_name": "Djerba Beach Safety Center",
      "recorded_at": "2025-07-19T08:08:49.936Z"
    },
    {
      "center_id": "6091fcc3-3b14-430e-8d28-0907aa1db98d",
      "center_name": "Takelsa",
      "recorded_at": "2025-07-19T08:08:49.892Z"
    },
    {
      "center_id": "5897994c-3d0f-4bcf-9624-3103ddffdcf4",
      "center_name": "Monastir Beach Safety Center",
      "recorded_at": "2025-07-19T08:08:49.875Z"
    },
    {
      "center_id": "f350b731-2da6-4e3d-9a9d-5fa3c8c985ab",
      "center_name": "Djerba Beach Safety Center",
      "recorded_at": "2025-07-19T08:08:49.711Z"
    },
    {
      "center_id": "a1f85c07-8c14-4616-8199-a1c9c46d9b48",
      "center_name": "Tabarka Beach Safety Center",
      "recorded_at": "2025-07-19T08:08:49.687Z"
    },
    {
      "center_id": "5897994c-3d0f-4bcf-9624-3103ddffdcf4",
      "center_name": "Monastir Beach Safety Center",
      "recorded_at": "2025-07-19T08:08:49.639Z"
    },
    {
      "center_id": "6c847017-e5ab-4e48-b987-328d742f7562",
      "center_name": "Sounine",
      "recorded_at": "2025-07-19T08:08:49.637Z"
    },
    {
      "center_id": "efe6b507-ecd3-4eac-bd21-82cbe1125cc0",
      "center_name": "Hammamet Beach Safety Center",
      "recorded_at": "2025-07-19T08:08:49.623Z"
    },
    {
      "center_id": "a42d64f5-73d9-41cb-97c7-c020fd1fe520",
      "center_name": "Sousse Beach Safety Center",
      "recorded_at": "2025-07-19T08:08:49.594Z"
    },
    {
      "center_id": "2c140dc1-5fac-4efe-80e3-2ad63dea6b8f",
      "center_name": "maamoura",
      "recorded_at": "2025-07-19T08:08:49.532Z"
    },
    {
      "center_id": "a1f85c07-8c14-4616-8199-a1c9c46d9b48",
      "center_name": "Tabarka Beach Safety Center",
      "recorded_at": "2025-07-19T08:08:49.527Z"
    },
    {
      "center_id": "efe6b507-ecd3-4eac-bd21-82cbe1125cc0",
      "center_name": "Hammamet Beach Safety Center",
      "recorded_at": "2025-07-19T08:08:49.378Z"
    },
    {
      "center_id": "a42d64f5-73d9-41cb-97c7-c020fd1fe520",
      "center_name": "Sousse Beach Safety Center",
      "recorded_at": "2025-07-19T08:08:49.358Z"
    }
  ]
}
2025-07-19 09:24:19 [[32minfo[39m]: ::1 - - [19/Jul/2025:08:24:19 +0000] "GET /api/v1/public/weather/current HTTP/1.1" 304 - "http://localhost:3000/" "Mozilla/5.0 (X11; Linux x86_64) AppleWebKit/537.36 (KHTML, like Gecko) Chrome/138.0.0.0 Safari/537.36" {
  "service": "beach-safety-api"
}
2025-07-19 09:24:19 [[32minfo[39m]: ::1 - - [19/Jul/2025:08:24:19 +0000] "GET /api/v1/safety-zones/public HTTP/1.1" 304 - "http://localhost:3000/" "Mozilla/5.0 (X11; Linux x86_64) AppleWebKit/537.36 (KHTML, like Gecko) Chrome/138.0.0.0 Safari/537.36" {
  "service": "beach-safety-api"
}
2025-07-19 09:24:19 [[32minfo[39m]: ::1 - - [19/Jul/2025:08:24:19 +0000] "GET /api/v1/public/lifeguards/counts HTTP/1.1" 304 - "http://localhost:3000/" "Mozilla/5.0 (X11; Linux x86_64) AppleWebKit/537.36 (KHTML, like Gecko) Chrome/138.0.0.0 Safari/537.36" {
  "service": "beach-safety-api"
}
2025-07-19 09:24:19 [[32minfo[39m]: ::1 - - [19/Jul/2025:08:24:19 +0000] "GET /api/v1/public/safety/flags HTTP/1.1" 304 - "http://localhost:3000/" "Mozilla/5.0 (X11; Linux x86_64) AppleWebKit/537.36 (KHTML, like Gecko) Chrome/138.0.0.0 Safari/537.36" {
  "service": "beach-safety-api"
}
2025-07-19 09:24:26 [[32minfo[39m]: ::1 - - [19/Jul/2025:08:24:26 +0000] "GET /api/v1/public/centers HTTP/1.1" 304 - "http://localhost:3000/" "Mozilla/5.0 (X11; Linux x86_64) AppleWebKit/537.36 (KHTML, like Gecko) Chrome/138.0.0.0 Safari/537.36" {
  "service": "beach-safety-api"
}
2025-07-19 09:24:26 [[32minfo[39m]: Public weather query result: {
  "service": "beach-safety-api",
  "totalRows": 68,
  "centers": [
    {
      "center_id": "a1f85c07-8c14-4616-8199-a1c9c46d9b48",
      "center_name": "Tabarka Beach Safety Center",
      "recorded_at": "2025-07-19T08:23:50.044Z"
    },
    {
      "center_id": "f350b731-2da6-4e3d-9a9d-5fa3c8c985ab",
      "center_name": "Djerba Beach Safety Center",
      "recorded_at": "2025-07-19T08:23:50.042Z"
    },
    {
      "center_id": "5897994c-3d0f-4bcf-9624-3103ddffdcf4",
      "center_name": "Monastir Beach Safety Center",
      "recorded_at": "2025-07-19T08:23:50.012Z"
    },
    {
      "center_id": "2c140dc1-5fac-4efe-80e3-2ad63dea6b8f",
      "center_name": "maamoura",
      "recorded_at": "2025-07-19T08:23:49.988Z"
    },
    {
      "center_id": "a42d64f5-73d9-41cb-97c7-c020fd1fe520",
      "center_name": "Sousse Beach Safety Center",
      "recorded_at": "2025-07-19T08:23:49.987Z"
    },
    {
      "center_id": "6c847017-e5ab-4e48-b987-328d742f7562",
      "center_name": "Sounine",
      "recorded_at": "2025-07-19T08:23:49.913Z"
    },
    {
      "center_id": "6c847017-e5ab-4e48-b987-328d742f7562",
      "center_name": "Sounine",
      "recorded_at": "2025-07-19T08:23:49.908Z"
    },
    {
      "center_id": "6091fcc3-3b14-430e-8d28-0907aa1db98d",
      "center_name": "Takelsa",
      "recorded_at": "2025-07-19T08:23:49.906Z"
    },
    {
      "center_id": "f350b731-2da6-4e3d-9a9d-5fa3c8c985ab",
      "center_name": "Djerba Beach Safety Center",
      "recorded_at": "2025-07-19T08:23:49.723Z"
    },
    {
      "center_id": "6091fcc3-3b14-430e-8d28-0907aa1db98d",
      "center_name": "Takelsa",
      "recorded_at": "2025-07-19T08:23:49.721Z"
    },
    {
      "center_id": "a1f85c07-8c14-4616-8199-a1c9c46d9b48",
      "center_name": "Tabarka Beach Safety Center",
      "recorded_at": "2025-07-19T08:23:49.657Z"
    },
    {
      "center_id": "5897994c-3d0f-4bcf-9624-3103ddffdcf4",
      "center_name": "Monastir Beach Safety Center",
      "recorded_at": "2025-07-19T08:23:49.635Z"
    },
    {
      "center_id": "2c140dc1-5fac-4efe-80e3-2ad63dea6b8f",
      "center_name": "maamoura",
      "recorded_at": "2025-07-19T08:23:49.571Z"
    },
    {
      "center_id": "a42d64f5-73d9-41cb-97c7-c020fd1fe520",
      "center_name": "Sousse Beach Safety Center",
      "recorded_at": "2025-07-19T08:23:49.563Z"
    },
    {
      "center_id": "efe6b507-ecd3-4eac-bd21-82cbe1125cc0",
      "center_name": "Hammamet Beach Safety Center",
      "recorded_at": "2025-07-19T08:23:49.399Z"
    },
    {
      "center_id": "efe6b507-ecd3-4eac-bd21-82cbe1125cc0",
      "center_name": "Hammamet Beach Safety Center",
      "recorded_at": "2025-07-19T08:23:49.374Z"
    },
    {
      "center_id": "2c140dc1-5fac-4efe-80e3-2ad63dea6b8f",
      "center_name": "maamoura",
      "recorded_at": "2025-07-19T08:22:29.353Z"
    },
    {
      "center_id": "2c140dc1-5fac-4efe-80e3-2ad63dea6b8f",
      "center_name": "maamoura",
      "recorded_at": "2025-07-19T08:22:29.351Z"
    },
    {
      "center_id": "2c140dc1-5fac-4efe-80e3-2ad63dea6b8f",
      "center_name": "maamoura",
      "recorded_at": "2025-07-19T08:14:09.197Z"
    },
    {
      "center_id": "2c140dc1-5fac-4efe-80e3-2ad63dea6b8f",
      "center_name": "maamoura",
      "recorded_at": "2025-07-19T08:14:09.196Z"
    },
    {
      "center_id": "2c140dc1-5fac-4efe-80e3-2ad63dea6b8f",
      "center_name": "maamoura",
      "recorded_at": "2025-07-19T08:13:57.619Z"
    },
    {
      "center_id": "2c140dc1-5fac-4efe-80e3-2ad63dea6b8f",
      "center_name": "maamoura",
      "recorded_at": "2025-07-19T08:13:57.616Z"
    },
    {
      "center_id": "2c140dc1-5fac-4efe-80e3-2ad63dea6b8f",
      "center_name": "maamoura",
      "recorded_at": "2025-07-19T08:13:57.342Z"
    },
    {
      "center_id": "2c140dc1-5fac-4efe-80e3-2ad63dea6b8f",
      "center_name": "maamoura",
      "recorded_at": "2025-07-19T08:13:57.341Z"
    },
    {
      "center_id": "2c140dc1-5fac-4efe-80e3-2ad63dea6b8f",
      "center_name": "maamoura",
      "recorded_at": "2025-07-19T08:13:57.241Z"
    },
    {
      "center_id": "2c140dc1-5fac-4efe-80e3-2ad63dea6b8f",
      "center_name": "maamoura",
      "recorded_at": "2025-07-19T08:13:57.194Z"
    },
    {
      "center_id": "2c140dc1-5fac-4efe-80e3-2ad63dea6b8f",
      "center_name": "maamoura",
      "recorded_at": "2025-07-19T08:13:01.018Z"
    },
    {
      "center_id": "2c140dc1-5fac-4efe-80e3-2ad63dea6b8f",
      "center_name": "maamoura",
      "recorded_at": "2025-07-19T08:13:01.016Z"
    },
    {
      "center_id": "2c140dc1-5fac-4efe-80e3-2ad63dea6b8f",
      "center_name": "maamoura",
      "recorded_at": "2025-07-19T08:13:00.688Z"
    },
    {
      "center_id": "2c140dc1-5fac-4efe-80e3-2ad63dea6b8f",
      "center_name": "maamoura",
      "recorded_at": "2025-07-19T08:13:00.687Z"
    },
    {
      "center_id": "2c140dc1-5fac-4efe-80e3-2ad63dea6b8f",
      "center_name": "maamoura",
      "recorded_at": "2025-07-19T08:13:00.511Z"
    },
    {
      "center_id": "2c140dc1-5fac-4efe-80e3-2ad63dea6b8f",
      "center_name": "maamoura",
      "recorded_at": "2025-07-19T08:13:00.509Z"
    },
    {
      "center_id": "efe6b507-ecd3-4eac-bd21-82cbe1125cc0",
      "center_name": "Hammamet Beach Safety Center",
      "recorded_at": "2025-07-19T08:12:41.343Z"
    },
    {
      "center_id": "efe6b507-ecd3-4eac-bd21-82cbe1125cc0",
      "center_name": "Hammamet Beach Safety Center",
      "recorded_at": "2025-07-19T08:12:41.341Z"
    },
    {
      "center_id": "efe6b507-ecd3-4eac-bd21-82cbe1125cc0",
      "center_name": "Hammamet Beach Safety Center",
      "recorded_at": "2025-07-19T08:12:33.106Z"
    },
    {
      "center_id": "efe6b507-ecd3-4eac-bd21-82cbe1125cc0",
      "center_name": "Hammamet Beach Safety Center",
      "recorded_at": "2025-07-19T08:12:33.105Z"
    },
    {
      "center_id": "efe6b507-ecd3-4eac-bd21-82cbe1125cc0",
      "center_name": "Hammamet Beach Safety Center",
      "recorded_at": "2025-07-19T08:11:24.227Z"
    },
    {
      "center_id": "efe6b507-ecd3-4eac-bd21-82cbe1125cc0",
      "center_name": "Hammamet Beach Safety Center",
      "recorded_at": "2025-07-19T08:11:24.195Z"
    },
    {
      "center_id": "efe6b507-ecd3-4eac-bd21-82cbe1125cc0",
      "center_name": "Hammamet Beach Safety Center",
      "recorded_at": "2025-07-19T08:11:23.864Z"
    },
    {
      "center_id": "efe6b507-ecd3-4eac-bd21-82cbe1125cc0",
      "center_name": "Hammamet Beach Safety Center",
      "recorded_at": "2025-07-19T08:11:23.863Z"
    },
    {
      "center_id": "efe6b507-ecd3-4eac-bd21-82cbe1125cc0",
      "center_name": "Hammamet Beach Safety Center",
      "recorded_at": "2025-07-19T08:11:23.731Z"
    },
    {
      "center_id": "efe6b507-ecd3-4eac-bd21-82cbe1125cc0",
      "center_name": "Hammamet Beach Safety Center",
      "recorded_at": "2025-07-19T08:11:23.729Z"
    },
    {
      "center_id": "efe6b507-ecd3-4eac-bd21-82cbe1125cc0",
      "center_name": "Hammamet Beach Safety Center",
      "recorded_at": "2025-07-19T08:10:55.310Z"
    },
    {
      "center_id": "efe6b507-ecd3-4eac-bd21-82cbe1125cc0",
      "center_name": "Hammamet Beach Safety Center",
      "recorded_at": "2025-07-19T08:10:55.307Z"
    },
    {
      "center_id": "efe6b507-ecd3-4eac-bd21-82cbe1125cc0",
      "center_name": "Hammamet Beach Safety Center",
      "recorded_at": "2025-07-19T08:10:54.959Z"
    },
    {
      "center_id": "efe6b507-ecd3-4eac-bd21-82cbe1125cc0",
      "center_name": "Hammamet Beach Safety Center",
      "recorded_at": "2025-07-19T08:10:54.957Z"
    },
    {
      "center_id": "efe6b507-ecd3-4eac-bd21-82cbe1125cc0",
      "center_name": "Hammamet Beach Safety Center",
      "recorded_at": "2025-07-19T08:10:54.687Z"
    },
    {
      "center_id": "efe6b507-ecd3-4eac-bd21-82cbe1125cc0",
      "center_name": "Hammamet Beach Safety Center",
      "recorded_at": "2025-07-19T08:10:54.684Z"
    },
    {
      "center_id": "efe6b507-ecd3-4eac-bd21-82cbe1125cc0",
      "center_name": "Hammamet Beach Safety Center",
      "recorded_at": "2025-07-19T08:10:07.794Z"
    },
    {
      "center_id": "efe6b507-ecd3-4eac-bd21-82cbe1125cc0",
      "center_name": "Hammamet Beach Safety Center",
      "recorded_at": "2025-07-19T08:10:07.792Z"
    },
    {
      "center_id": "5897994c-3d0f-4bcf-9624-3103ddffdcf4",
      "center_name": "Monastir Beach Safety Center",
      "recorded_at": "2025-07-19T08:09:51.715Z"
    },
    {
      "center_id": "5897994c-3d0f-4bcf-9624-3103ddffdcf4",
      "center_name": "Monastir Beach Safety Center",
      "recorded_at": "2025-07-19T08:09:51.650Z"
    },
    {
      "center_id": "2c140dc1-5fac-4efe-80e3-2ad63dea6b8f",
      "center_name": "maamoura",
      "recorded_at": "2025-07-19T08:08:50.011Z"
    },
    {
      "center_id": "6091fcc3-3b14-430e-8d28-0907aa1db98d",
      "center_name": "Takelsa",
      "recorded_at": "2025-07-19T08:08:50.010Z"
    },
    {
      "center_id": "6c847017-e5ab-4e48-b987-328d742f7562",
      "center_name": "Sounine",
      "recorded_at": "2025-07-19T08:08:49.953Z"
    },
    {
      "center_id": "f350b731-2da6-4e3d-9a9d-5fa3c8c985ab",
      "center_name": "Djerba Beach Safety Center",
      "recorded_at": "2025-07-19T08:08:49.936Z"
    },
    {
      "center_id": "6091fcc3-3b14-430e-8d28-0907aa1db98d",
      "center_name": "Takelsa",
      "recorded_at": "2025-07-19T08:08:49.892Z"
    },
    {
      "center_id": "5897994c-3d0f-4bcf-9624-3103ddffdcf4",
      "center_name": "Monastir Beach Safety Center",
      "recorded_at": "2025-07-19T08:08:49.875Z"
    },
    {
      "center_id": "f350b731-2da6-4e3d-9a9d-5fa3c8c985ab",
      "center_name": "Djerba Beach Safety Center",
      "recorded_at": "2025-07-19T08:08:49.711Z"
    },
    {
      "center_id": "a1f85c07-8c14-4616-8199-a1c9c46d9b48",
      "center_name": "Tabarka Beach Safety Center",
      "recorded_at": "2025-07-19T08:08:49.687Z"
    },
    {
      "center_id": "5897994c-3d0f-4bcf-9624-3103ddffdcf4",
      "center_name": "Monastir Beach Safety Center",
      "recorded_at": "2025-07-19T08:08:49.639Z"
    },
    {
      "center_id": "6c847017-e5ab-4e48-b987-328d742f7562",
      "center_name": "Sounine",
      "recorded_at": "2025-07-19T08:08:49.637Z"
    },
    {
      "center_id": "efe6b507-ecd3-4eac-bd21-82cbe1125cc0",
      "center_name": "Hammamet Beach Safety Center",
      "recorded_at": "2025-07-19T08:08:49.623Z"
    },
    {
      "center_id": "a42d64f5-73d9-41cb-97c7-c020fd1fe520",
      "center_name": "Sousse Beach Safety Center",
      "recorded_at": "2025-07-19T08:08:49.594Z"
    },
    {
      "center_id": "2c140dc1-5fac-4efe-80e3-2ad63dea6b8f",
      "center_name": "maamoura",
      "recorded_at": "2025-07-19T08:08:49.532Z"
    },
    {
      "center_id": "a1f85c07-8c14-4616-8199-a1c9c46d9b48",
      "center_name": "Tabarka Beach Safety Center",
      "recorded_at": "2025-07-19T08:08:49.527Z"
    },
    {
      "center_id": "efe6b507-ecd3-4eac-bd21-82cbe1125cc0",
      "center_name": "Hammamet Beach Safety Center",
      "recorded_at": "2025-07-19T08:08:49.378Z"
    },
    {
      "center_id": "a42d64f5-73d9-41cb-97c7-c020fd1fe520",
      "center_name": "Sousse Beach Safety Center",
      "recorded_at": "2025-07-19T08:08:49.358Z"
    }
  ]
}
2025-07-19 09:24:26 [[32minfo[39m]: ::1 - - [19/Jul/2025:08:24:26 +0000] "GET /api/v1/public/weather/current HTTP/1.1" 304 - "http://localhost:3000/" "Mozilla/5.0 (X11; Linux x86_64) AppleWebKit/537.36 (KHTML, like Gecko) Chrome/138.0.0.0 Safari/537.36" {
  "service": "beach-safety-api"
}
2025-07-19 09:24:26 [[32minfo[39m]: ::1 - - [19/Jul/2025:08:24:26 +0000] "GET /api/v1/safety-zones/public HTTP/1.1" 304 - "http://localhost:3000/" "Mozilla/5.0 (X11; Linux x86_64) AppleWebKit/537.36 (KHTML, like Gecko) Chrome/138.0.0.0 Safari/537.36" {
  "service": "beach-safety-api"
}
2025-07-19 09:24:26 [[32minfo[39m]: ::1 - - [19/Jul/2025:08:24:26 +0000] "GET /api/v1/public/lifeguards/counts HTTP/1.1" 304 - "http://localhost:3000/" "Mozilla/5.0 (X11; Linux x86_64) AppleWebKit/537.36 (KHTML, like Gecko) Chrome/138.0.0.0 Safari/537.36" {
  "service": "beach-safety-api"
}
2025-07-19 09:24:26 [[32minfo[39m]: ::1 - - [19/Jul/2025:08:24:26 +0000] "GET /api/v1/public/safety/flags HTTP/1.1" 304 - "http://localhost:3000/" "Mozilla/5.0 (X11; Linux x86_64) AppleWebKit/537.36 (KHTML, like Gecko) Chrome/138.0.0.0 Safari/537.36" {
  "service": "beach-safety-api"
}
2025-07-19 09:24:36 [[32minfo[39m]: ::1 - - [19/Jul/2025:08:24:36 +0000] "GET /api/v1/public/centers HTTP/1.1" 304 - "http://localhost:3000/" "Mozilla/5.0 (X11; Linux x86_64) AppleWebKit/537.36 (KHTML, like Gecko) Chrome/138.0.0.0 Safari/537.36" {
  "service": "beach-safety-api"
}
2025-07-19 09:24:36 [[32minfo[39m]: Public weather query result: {
  "service": "beach-safety-api",
  "totalRows": 68,
  "centers": [
    {
      "center_id": "a1f85c07-8c14-4616-8199-a1c9c46d9b48",
      "center_name": "Tabarka Beach Safety Center",
      "recorded_at": "2025-07-19T08:23:50.044Z"
    },
    {
      "center_id": "f350b731-2da6-4e3d-9a9d-5fa3c8c985ab",
      "center_name": "Djerba Beach Safety Center",
      "recorded_at": "2025-07-19T08:23:50.042Z"
    },
    {
      "center_id": "5897994c-3d0f-4bcf-9624-3103ddffdcf4",
      "center_name": "Monastir Beach Safety Center",
      "recorded_at": "2025-07-19T08:23:50.012Z"
    },
    {
      "center_id": "2c140dc1-5fac-4efe-80e3-2ad63dea6b8f",
      "center_name": "maamoura",
      "recorded_at": "2025-07-19T08:23:49.988Z"
    },
    {
      "center_id": "a42d64f5-73d9-41cb-97c7-c020fd1fe520",
      "center_name": "Sousse Beach Safety Center",
      "recorded_at": "2025-07-19T08:23:49.987Z"
    },
    {
      "center_id": "6c847017-e5ab-4e48-b987-328d742f7562",
      "center_name": "Sounine",
      "recorded_at": "2025-07-19T08:23:49.913Z"
    },
    {
      "center_id": "6c847017-e5ab-4e48-b987-328d742f7562",
      "center_name": "Sounine",
      "recorded_at": "2025-07-19T08:23:49.908Z"
    },
    {
      "center_id": "6091fcc3-3b14-430e-8d28-0907aa1db98d",
      "center_name": "Takelsa",
      "recorded_at": "2025-07-19T08:23:49.906Z"
    },
    {
      "center_id": "f350b731-2da6-4e3d-9a9d-5fa3c8c985ab",
      "center_name": "Djerba Beach Safety Center",
      "recorded_at": "2025-07-19T08:23:49.723Z"
    },
    {
      "center_id": "6091fcc3-3b14-430e-8d28-0907aa1db98d",
      "center_name": "Takelsa",
      "recorded_at": "2025-07-19T08:23:49.721Z"
    },
    {
      "center_id": "a1f85c07-8c14-4616-8199-a1c9c46d9b48",
      "center_name": "Tabarka Beach Safety Center",
      "recorded_at": "2025-07-19T08:23:49.657Z"
    },
    {
      "center_id": "5897994c-3d0f-4bcf-9624-3103ddffdcf4",
      "center_name": "Monastir Beach Safety Center",
      "recorded_at": "2025-07-19T08:23:49.635Z"
    },
    {
      "center_id": "2c140dc1-5fac-4efe-80e3-2ad63dea6b8f",
      "center_name": "maamoura",
      "recorded_at": "2025-07-19T08:23:49.571Z"
    },
    {
      "center_id": "a42d64f5-73d9-41cb-97c7-c020fd1fe520",
      "center_name": "Sousse Beach Safety Center",
      "recorded_at": "2025-07-19T08:23:49.563Z"
    },
    {
      "center_id": "efe6b507-ecd3-4eac-bd21-82cbe1125cc0",
      "center_name": "Hammamet Beach Safety Center",
      "recorded_at": "2025-07-19T08:23:49.399Z"
    },
    {
      "center_id": "efe6b507-ecd3-4eac-bd21-82cbe1125cc0",
      "center_name": "Hammamet Beach Safety Center",
      "recorded_at": "2025-07-19T08:23:49.374Z"
    },
    {
      "center_id": "2c140dc1-5fac-4efe-80e3-2ad63dea6b8f",
      "center_name": "maamoura",
      "recorded_at": "2025-07-19T08:22:29.353Z"
    },
    {
      "center_id": "2c140dc1-5fac-4efe-80e3-2ad63dea6b8f",
      "center_name": "maamoura",
      "recorded_at": "2025-07-19T08:22:29.351Z"
    },
    {
      "center_id": "2c140dc1-5fac-4efe-80e3-2ad63dea6b8f",
      "center_name": "maamoura",
      "recorded_at": "2025-07-19T08:14:09.197Z"
    },
    {
      "center_id": "2c140dc1-5fac-4efe-80e3-2ad63dea6b8f",
      "center_name": "maamoura",
      "recorded_at": "2025-07-19T08:14:09.196Z"
    },
    {
      "center_id": "2c140dc1-5fac-4efe-80e3-2ad63dea6b8f",
      "center_name": "maamoura",
      "recorded_at": "2025-07-19T08:13:57.619Z"
    },
    {
      "center_id": "2c140dc1-5fac-4efe-80e3-2ad63dea6b8f",
      "center_name": "maamoura",
      "recorded_at": "2025-07-19T08:13:57.616Z"
    },
    {
      "center_id": "2c140dc1-5fac-4efe-80e3-2ad63dea6b8f",
      "center_name": "maamoura",
      "recorded_at": "2025-07-19T08:13:57.342Z"
    },
    {
      "center_id": "2c140dc1-5fac-4efe-80e3-2ad63dea6b8f",
      "center_name": "maamoura",
      "recorded_at": "2025-07-19T08:13:57.341Z"
    },
    {
      "center_id": "2c140dc1-5fac-4efe-80e3-2ad63dea6b8f",
      "center_name": "maamoura",
      "recorded_at": "2025-07-19T08:13:57.241Z"
    },
    {
      "center_id": "2c140dc1-5fac-4efe-80e3-2ad63dea6b8f",
      "center_name": "maamoura",
      "recorded_at": "2025-07-19T08:13:57.194Z"
    },
    {
      "center_id": "2c140dc1-5fac-4efe-80e3-2ad63dea6b8f",
      "center_name": "maamoura",
      "recorded_at": "2025-07-19T08:13:01.018Z"
    },
    {
      "center_id": "2c140dc1-5fac-4efe-80e3-2ad63dea6b8f",
      "center_name": "maamoura",
      "recorded_at": "2025-07-19T08:13:01.016Z"
    },
    {
      "center_id": "2c140dc1-5fac-4efe-80e3-2ad63dea6b8f",
      "center_name": "maamoura",
      "recorded_at": "2025-07-19T08:13:00.688Z"
    },
    {
      "center_id": "2c140dc1-5fac-4efe-80e3-2ad63dea6b8f",
      "center_name": "maamoura",
      "recorded_at": "2025-07-19T08:13:00.687Z"
    },
    {
      "center_id": "2c140dc1-5fac-4efe-80e3-2ad63dea6b8f",
      "center_name": "maamoura",
      "recorded_at": "2025-07-19T08:13:00.511Z"
    },
    {
      "center_id": "2c140dc1-5fac-4efe-80e3-2ad63dea6b8f",
      "center_name": "maamoura",
      "recorded_at": "2025-07-19T08:13:00.509Z"
    },
    {
      "center_id": "efe6b507-ecd3-4eac-bd21-82cbe1125cc0",
      "center_name": "Hammamet Beach Safety Center",
      "recorded_at": "2025-07-19T08:12:41.343Z"
    },
    {
      "center_id": "efe6b507-ecd3-4eac-bd21-82cbe1125cc0",
      "center_name": "Hammamet Beach Safety Center",
      "recorded_at": "2025-07-19T08:12:41.341Z"
    },
    {
      "center_id": "efe6b507-ecd3-4eac-bd21-82cbe1125cc0",
      "center_name": "Hammamet Beach Safety Center",
      "recorded_at": "2025-07-19T08:12:33.106Z"
    },
    {
      "center_id": "efe6b507-ecd3-4eac-bd21-82cbe1125cc0",
      "center_name": "Hammamet Beach Safety Center",
      "recorded_at": "2025-07-19T08:12:33.105Z"
    },
    {
      "center_id": "efe6b507-ecd3-4eac-bd21-82cbe1125cc0",
      "center_name": "Hammamet Beach Safety Center",
      "recorded_at": "2025-07-19T08:11:24.227Z"
    },
    {
      "center_id": "efe6b507-ecd3-4eac-bd21-82cbe1125cc0",
      "center_name": "Hammamet Beach Safety Center",
      "recorded_at": "2025-07-19T08:11:24.195Z"
    },
    {
      "center_id": "efe6b507-ecd3-4eac-bd21-82cbe1125cc0",
      "center_name": "Hammamet Beach Safety Center",
      "recorded_at": "2025-07-19T08:11:23.864Z"
    },
    {
      "center_id": "efe6b507-ecd3-4eac-bd21-82cbe1125cc0",
      "center_name": "Hammamet Beach Safety Center",
      "recorded_at": "2025-07-19T08:11:23.863Z"
    },
    {
      "center_id": "efe6b507-ecd3-4eac-bd21-82cbe1125cc0",
      "center_name": "Hammamet Beach Safety Center",
      "recorded_at": "2025-07-19T08:11:23.731Z"
    },
    {
      "center_id": "efe6b507-ecd3-4eac-bd21-82cbe1125cc0",
      "center_name": "Hammamet Beach Safety Center",
      "recorded_at": "2025-07-19T08:11:23.729Z"
    },
    {
      "center_id": "efe6b507-ecd3-4eac-bd21-82cbe1125cc0",
      "center_name": "Hammamet Beach Safety Center",
      "recorded_at": "2025-07-19T08:10:55.310Z"
    },
    {
      "center_id": "efe6b507-ecd3-4eac-bd21-82cbe1125cc0",
      "center_name": "Hammamet Beach Safety Center",
      "recorded_at": "2025-07-19T08:10:55.307Z"
    },
    {
      "center_id": "efe6b507-ecd3-4eac-bd21-82cbe1125cc0",
      "center_name": "Hammamet Beach Safety Center",
      "recorded_at": "2025-07-19T08:10:54.959Z"
    },
    {
      "center_id": "efe6b507-ecd3-4eac-bd21-82cbe1125cc0",
      "center_name": "Hammamet Beach Safety Center",
      "recorded_at": "2025-07-19T08:10:54.957Z"
    },
    {
      "center_id": "efe6b507-ecd3-4eac-bd21-82cbe1125cc0",
      "center_name": "Hammamet Beach Safety Center",
      "recorded_at": "2025-07-19T08:10:54.687Z"
    },
    {
      "center_id": "efe6b507-ecd3-4eac-bd21-82cbe1125cc0",
      "center_name": "Hammamet Beach Safety Center",
      "recorded_at": "2025-07-19T08:10:54.684Z"
    },
    {
      "center_id": "efe6b507-ecd3-4eac-bd21-82cbe1125cc0",
      "center_name": "Hammamet Beach Safety Center",
      "recorded_at": "2025-07-19T08:10:07.794Z"
    },
    {
      "center_id": "efe6b507-ecd3-4eac-bd21-82cbe1125cc0",
      "center_name": "Hammamet Beach Safety Center",
      "recorded_at": "2025-07-19T08:10:07.792Z"
    },
    {
      "center_id": "5897994c-3d0f-4bcf-9624-3103ddffdcf4",
      "center_name": "Monastir Beach Safety Center",
      "recorded_at": "2025-07-19T08:09:51.715Z"
    },
    {
      "center_id": "5897994c-3d0f-4bcf-9624-3103ddffdcf4",
      "center_name": "Monastir Beach Safety Center",
      "recorded_at": "2025-07-19T08:09:51.650Z"
    },
    {
      "center_id": "2c140dc1-5fac-4efe-80e3-2ad63dea6b8f",
      "center_name": "maamoura",
      "recorded_at": "2025-07-19T08:08:50.011Z"
    },
    {
      "center_id": "6091fcc3-3b14-430e-8d28-0907aa1db98d",
      "center_name": "Takelsa",
      "recorded_at": "2025-07-19T08:08:50.010Z"
    },
    {
      "center_id": "6c847017-e5ab-4e48-b987-328d742f7562",
      "center_name": "Sounine",
      "recorded_at": "2025-07-19T08:08:49.953Z"
    },
    {
      "center_id": "f350b731-2da6-4e3d-9a9d-5fa3c8c985ab",
      "center_name": "Djerba Beach Safety Center",
      "recorded_at": "2025-07-19T08:08:49.936Z"
    },
    {
      "center_id": "6091fcc3-3b14-430e-8d28-0907aa1db98d",
      "center_name": "Takelsa",
      "recorded_at": "2025-07-19T08:08:49.892Z"
    },
    {
      "center_id": "5897994c-3d0f-4bcf-9624-3103ddffdcf4",
      "center_name": "Monastir Beach Safety Center",
      "recorded_at": "2025-07-19T08:08:49.875Z"
    },
    {
      "center_id": "f350b731-2da6-4e3d-9a9d-5fa3c8c985ab",
      "center_name": "Djerba Beach Safety Center",
      "recorded_at": "2025-07-19T08:08:49.711Z"
    },
    {
      "center_id": "a1f85c07-8c14-4616-8199-a1c9c46d9b48",
      "center_name": "Tabarka Beach Safety Center",
      "recorded_at": "2025-07-19T08:08:49.687Z"
    },
    {
      "center_id": "5897994c-3d0f-4bcf-9624-3103ddffdcf4",
      "center_name": "Monastir Beach Safety Center",
      "recorded_at": "2025-07-19T08:08:49.639Z"
    },
    {
      "center_id": "6c847017-e5ab-4e48-b987-328d742f7562",
      "center_name": "Sounine",
      "recorded_at": "2025-07-19T08:08:49.637Z"
    },
    {
      "center_id": "efe6b507-ecd3-4eac-bd21-82cbe1125cc0",
      "center_name": "Hammamet Beach Safety Center",
      "recorded_at": "2025-07-19T08:08:49.623Z"
    },
    {
      "center_id": "a42d64f5-73d9-41cb-97c7-c020fd1fe520",
      "center_name": "Sousse Beach Safety Center",
      "recorded_at": "2025-07-19T08:08:49.594Z"
    },
    {
      "center_id": "2c140dc1-5fac-4efe-80e3-2ad63dea6b8f",
      "center_name": "maamoura",
      "recorded_at": "2025-07-19T08:08:49.532Z"
    },
    {
      "center_id": "a1f85c07-8c14-4616-8199-a1c9c46d9b48",
      "center_name": "Tabarka Beach Safety Center",
      "recorded_at": "2025-07-19T08:08:49.527Z"
    },
    {
      "center_id": "efe6b507-ecd3-4eac-bd21-82cbe1125cc0",
      "center_name": "Hammamet Beach Safety Center",
      "recorded_at": "2025-07-19T08:08:49.378Z"
    },
    {
      "center_id": "a42d64f5-73d9-41cb-97c7-c020fd1fe520",
      "center_name": "Sousse Beach Safety Center",
      "recorded_at": "2025-07-19T08:08:49.358Z"
    }
  ]
}
2025-07-19 09:24:36 [[32minfo[39m]: ::1 - - [19/Jul/2025:08:24:36 +0000] "GET /api/v1/public/weather/current HTTP/1.1" 304 - "http://localhost:3000/" "Mozilla/5.0 (X11; Linux x86_64) AppleWebKit/537.36 (KHTML, like Gecko) Chrome/138.0.0.0 Safari/537.36" {
  "service": "beach-safety-api"
}
2025-07-19 09:24:36 [[32minfo[39m]: ::1 - - [19/Jul/2025:08:24:36 +0000] "GET /api/v1/safety-zones/public HTTP/1.1" 304 - "http://localhost:3000/" "Mozilla/5.0 (X11; Linux x86_64) AppleWebKit/537.36 (KHTML, like Gecko) Chrome/138.0.0.0 Safari/537.36" {
  "service": "beach-safety-api"
}
2025-07-19 09:24:36 [[32minfo[39m]: ::1 - - [19/Jul/2025:08:24:36 +0000] "GET /api/v1/public/lifeguards/counts HTTP/1.1" 304 - "http://localhost:3000/" "Mozilla/5.0 (X11; Linux x86_64) AppleWebKit/537.36 (KHTML, like Gecko) Chrome/138.0.0.0 Safari/537.36" {
  "service": "beach-safety-api"
}
2025-07-19 09:24:36 [[32minfo[39m]: ::1 - - [19/Jul/2025:08:24:36 +0000] "GET /api/v1/public/safety/flags HTTP/1.1" 304 - "http://localhost:3000/" "Mozilla/5.0 (X11; Linux x86_64) AppleWebKit/537.36 (KHTML, like Gecko) Chrome/138.0.0.0 Safari/537.36" {
  "service": "beach-safety-api"
}
2025-07-19 09:24:45 [[32minfo[39m]: ::1 - - [19/Jul/2025:08:24:45 +0000] "GET /api/v1/public/centers HTTP/1.1" 304 - "http://localhost:3000/" "Mozilla/5.0 (X11; Linux x86_64) AppleWebKit/537.36 (KHTML, like Gecko) Chrome/138.0.0.0 Safari/537.36" {
  "service": "beach-safety-api"
}
2025-07-19 09:24:45 [[32minfo[39m]: Public weather query result: {
  "service": "beach-safety-api",
  "totalRows": 68,
  "centers": [
    {
      "center_id": "a1f85c07-8c14-4616-8199-a1c9c46d9b48",
      "center_name": "Tabarka Beach Safety Center",
      "recorded_at": "2025-07-19T08:23:50.044Z"
    },
    {
      "center_id": "f350b731-2da6-4e3d-9a9d-5fa3c8c985ab",
      "center_name": "Djerba Beach Safety Center",
      "recorded_at": "2025-07-19T08:23:50.042Z"
    },
    {
      "center_id": "5897994c-3d0f-4bcf-9624-3103ddffdcf4",
      "center_name": "Monastir Beach Safety Center",
      "recorded_at": "2025-07-19T08:23:50.012Z"
    },
    {
      "center_id": "2c140dc1-5fac-4efe-80e3-2ad63dea6b8f",
      "center_name": "maamoura",
      "recorded_at": "2025-07-19T08:23:49.988Z"
    },
    {
      "center_id": "a42d64f5-73d9-41cb-97c7-c020fd1fe520",
      "center_name": "Sousse Beach Safety Center",
      "recorded_at": "2025-07-19T08:23:49.987Z"
    },
    {
      "center_id": "6c847017-e5ab-4e48-b987-328d742f7562",
      "center_name": "Sounine",
      "recorded_at": "2025-07-19T08:23:49.913Z"
    },
    {
      "center_id": "6c847017-e5ab-4e48-b987-328d742f7562",
      "center_name": "Sounine",
      "recorded_at": "2025-07-19T08:23:49.908Z"
    },
    {
      "center_id": "6091fcc3-3b14-430e-8d28-0907aa1db98d",
      "center_name": "Takelsa",
      "recorded_at": "2025-07-19T08:23:49.906Z"
    },
    {
      "center_id": "f350b731-2da6-4e3d-9a9d-5fa3c8c985ab",
      "center_name": "Djerba Beach Safety Center",
      "recorded_at": "2025-07-19T08:23:49.723Z"
    },
    {
      "center_id": "6091fcc3-3b14-430e-8d28-0907aa1db98d",
      "center_name": "Takelsa",
      "recorded_at": "2025-07-19T08:23:49.721Z"
    },
    {
      "center_id": "a1f85c07-8c14-4616-8199-a1c9c46d9b48",
      "center_name": "Tabarka Beach Safety Center",
      "recorded_at": "2025-07-19T08:23:49.657Z"
    },
    {
      "center_id": "5897994c-3d0f-4bcf-9624-3103ddffdcf4",
      "center_name": "Monastir Beach Safety Center",
      "recorded_at": "2025-07-19T08:23:49.635Z"
    },
    {
      "center_id": "2c140dc1-5fac-4efe-80e3-2ad63dea6b8f",
      "center_name": "maamoura",
      "recorded_at": "2025-07-19T08:23:49.571Z"
    },
    {
      "center_id": "a42d64f5-73d9-41cb-97c7-c020fd1fe520",
      "center_name": "Sousse Beach Safety Center",
      "recorded_at": "2025-07-19T08:23:49.563Z"
    },
    {
      "center_id": "efe6b507-ecd3-4eac-bd21-82cbe1125cc0",
      "center_name": "Hammamet Beach Safety Center",
      "recorded_at": "2025-07-19T08:23:49.399Z"
    },
    {
      "center_id": "efe6b507-ecd3-4eac-bd21-82cbe1125cc0",
      "center_name": "Hammamet Beach Safety Center",
      "recorded_at": "2025-07-19T08:23:49.374Z"
    },
    {
      "center_id": "2c140dc1-5fac-4efe-80e3-2ad63dea6b8f",
      "center_name": "maamoura",
      "recorded_at": "2025-07-19T08:22:29.353Z"
    },
    {
      "center_id": "2c140dc1-5fac-4efe-80e3-2ad63dea6b8f",
      "center_name": "maamoura",
      "recorded_at": "2025-07-19T08:22:29.351Z"
    },
    {
      "center_id": "2c140dc1-5fac-4efe-80e3-2ad63dea6b8f",
      "center_name": "maamoura",
      "recorded_at": "2025-07-19T08:14:09.197Z"
    },
    {
      "center_id": "2c140dc1-5fac-4efe-80e3-2ad63dea6b8f",
      "center_name": "maamoura",
      "recorded_at": "2025-07-19T08:14:09.196Z"
    },
    {
      "center_id": "2c140dc1-5fac-4efe-80e3-2ad63dea6b8f",
      "center_name": "maamoura",
      "recorded_at": "2025-07-19T08:13:57.619Z"
    },
    {
      "center_id": "2c140dc1-5fac-4efe-80e3-2ad63dea6b8f",
      "center_name": "maamoura",
      "recorded_at": "2025-07-19T08:13:57.616Z"
    },
    {
      "center_id": "2c140dc1-5fac-4efe-80e3-2ad63dea6b8f",
      "center_name": "maamoura",
      "recorded_at": "2025-07-19T08:13:57.342Z"
    },
    {
      "center_id": "2c140dc1-5fac-4efe-80e3-2ad63dea6b8f",
      "center_name": "maamoura",
      "recorded_at": "2025-07-19T08:13:57.341Z"
    },
    {
      "center_id": "2c140dc1-5fac-4efe-80e3-2ad63dea6b8f",
      "center_name": "maamoura",
      "recorded_at": "2025-07-19T08:13:57.241Z"
    },
    {
      "center_id": "2c140dc1-5fac-4efe-80e3-2ad63dea6b8f",
      "center_name": "maamoura",
      "recorded_at": "2025-07-19T08:13:57.194Z"
    },
    {
      "center_id": "2c140dc1-5fac-4efe-80e3-2ad63dea6b8f",
      "center_name": "maamoura",
      "recorded_at": "2025-07-19T08:13:01.018Z"
    },
    {
      "center_id": "2c140dc1-5fac-4efe-80e3-2ad63dea6b8f",
      "center_name": "maamoura",
      "recorded_at": "2025-07-19T08:13:01.016Z"
    },
    {
      "center_id": "2c140dc1-5fac-4efe-80e3-2ad63dea6b8f",
      "center_name": "maamoura",
      "recorded_at": "2025-07-19T08:13:00.688Z"
    },
    {
      "center_id": "2c140dc1-5fac-4efe-80e3-2ad63dea6b8f",
      "center_name": "maamoura",
      "recorded_at": "2025-07-19T08:13:00.687Z"
    },
    {
      "center_id": "2c140dc1-5fac-4efe-80e3-2ad63dea6b8f",
      "center_name": "maamoura",
      "recorded_at": "2025-07-19T08:13:00.511Z"
    },
    {
      "center_id": "2c140dc1-5fac-4efe-80e3-2ad63dea6b8f",
      "center_name": "maamoura",
      "recorded_at": "2025-07-19T08:13:00.509Z"
    },
    {
      "center_id": "efe6b507-ecd3-4eac-bd21-82cbe1125cc0",
      "center_name": "Hammamet Beach Safety Center",
      "recorded_at": "2025-07-19T08:12:41.343Z"
    },
    {
      "center_id": "efe6b507-ecd3-4eac-bd21-82cbe1125cc0",
      "center_name": "Hammamet Beach Safety Center",
      "recorded_at": "2025-07-19T08:12:41.341Z"
    },
    {
      "center_id": "efe6b507-ecd3-4eac-bd21-82cbe1125cc0",
      "center_name": "Hammamet Beach Safety Center",
      "recorded_at": "2025-07-19T08:12:33.106Z"
    },
    {
      "center_id": "efe6b507-ecd3-4eac-bd21-82cbe1125cc0",
      "center_name": "Hammamet Beach Safety Center",
      "recorded_at": "2025-07-19T08:12:33.105Z"
    },
    {
      "center_id": "efe6b507-ecd3-4eac-bd21-82cbe1125cc0",
      "center_name": "Hammamet Beach Safety Center",
      "recorded_at": "2025-07-19T08:11:24.227Z"
    },
    {
      "center_id": "efe6b507-ecd3-4eac-bd21-82cbe1125cc0",
      "center_name": "Hammamet Beach Safety Center",
      "recorded_at": "2025-07-19T08:11:24.195Z"
    },
    {
      "center_id": "efe6b507-ecd3-4eac-bd21-82cbe1125cc0",
      "center_name": "Hammamet Beach Safety Center",
      "recorded_at": "2025-07-19T08:11:23.864Z"
    },
    {
      "center_id": "efe6b507-ecd3-4eac-bd21-82cbe1125cc0",
      "center_name": "Hammamet Beach Safety Center",
      "recorded_at": "2025-07-19T08:11:23.863Z"
    },
    {
      "center_id": "efe6b507-ecd3-4eac-bd21-82cbe1125cc0",
      "center_name": "Hammamet Beach Safety Center",
      "recorded_at": "2025-07-19T08:11:23.731Z"
    },
    {
      "center_id": "efe6b507-ecd3-4eac-bd21-82cbe1125cc0",
      "center_name": "Hammamet Beach Safety Center",
      "recorded_at": "2025-07-19T08:11:23.729Z"
    },
    {
      "center_id": "efe6b507-ecd3-4eac-bd21-82cbe1125cc0",
      "center_name": "Hammamet Beach Safety Center",
      "recorded_at": "2025-07-19T08:10:55.310Z"
    },
    {
      "center_id": "efe6b507-ecd3-4eac-bd21-82cbe1125cc0",
      "center_name": "Hammamet Beach Safety Center",
      "recorded_at": "2025-07-19T08:10:55.307Z"
    },
    {
      "center_id": "efe6b507-ecd3-4eac-bd21-82cbe1125cc0",
      "center_name": "Hammamet Beach Safety Center",
      "recorded_at": "2025-07-19T08:10:54.959Z"
    },
    {
      "center_id": "efe6b507-ecd3-4eac-bd21-82cbe1125cc0",
      "center_name": "Hammamet Beach Safety Center",
      "recorded_at": "2025-07-19T08:10:54.957Z"
    },
    {
      "center_id": "efe6b507-ecd3-4eac-bd21-82cbe1125cc0",
      "center_name": "Hammamet Beach Safety Center",
      "recorded_at": "2025-07-19T08:10:54.687Z"
    },
    {
      "center_id": "efe6b507-ecd3-4eac-bd21-82cbe1125cc0",
      "center_name": "Hammamet Beach Safety Center",
      "recorded_at": "2025-07-19T08:10:54.684Z"
    },
    {
      "center_id": "efe6b507-ecd3-4eac-bd21-82cbe1125cc0",
      "center_name": "Hammamet Beach Safety Center",
      "recorded_at": "2025-07-19T08:10:07.794Z"
    },
    {
      "center_id": "efe6b507-ecd3-4eac-bd21-82cbe1125cc0",
      "center_name": "Hammamet Beach Safety Center",
      "recorded_at": "2025-07-19T08:10:07.792Z"
    },
    {
      "center_id": "5897994c-3d0f-4bcf-9624-3103ddffdcf4",
      "center_name": "Monastir Beach Safety Center",
      "recorded_at": "2025-07-19T08:09:51.715Z"
    },
    {
      "center_id": "5897994c-3d0f-4bcf-9624-3103ddffdcf4",
      "center_name": "Monastir Beach Safety Center",
      "recorded_at": "2025-07-19T08:09:51.650Z"
    },
    {
      "center_id": "2c140dc1-5fac-4efe-80e3-2ad63dea6b8f",
      "center_name": "maamoura",
      "recorded_at": "2025-07-19T08:08:50.011Z"
    },
    {
      "center_id": "6091fcc3-3b14-430e-8d28-0907aa1db98d",
      "center_name": "Takelsa",
      "recorded_at": "2025-07-19T08:08:50.010Z"
    },
    {
      "center_id": "6c847017-e5ab-4e48-b987-328d742f7562",
      "center_name": "Sounine",
      "recorded_at": "2025-07-19T08:08:49.953Z"
    },
    {
      "center_id": "f350b731-2da6-4e3d-9a9d-5fa3c8c985ab",
      "center_name": "Djerba Beach Safety Center",
      "recorded_at": "2025-07-19T08:08:49.936Z"
    },
    {
      "center_id": "6091fcc3-3b14-430e-8d28-0907aa1db98d",
      "center_name": "Takelsa",
      "recorded_at": "2025-07-19T08:08:49.892Z"
    },
    {
      "center_id": "5897994c-3d0f-4bcf-9624-3103ddffdcf4",
      "center_name": "Monastir Beach Safety Center",
      "recorded_at": "2025-07-19T08:08:49.875Z"
    },
    {
      "center_id": "f350b731-2da6-4e3d-9a9d-5fa3c8c985ab",
      "center_name": "Djerba Beach Safety Center",
      "recorded_at": "2025-07-19T08:08:49.711Z"
    },
    {
      "center_id": "a1f85c07-8c14-4616-8199-a1c9c46d9b48",
      "center_name": "Tabarka Beach Safety Center",
      "recorded_at": "2025-07-19T08:08:49.687Z"
    },
    {
      "center_id": "5897994c-3d0f-4bcf-9624-3103ddffdcf4",
      "center_name": "Monastir Beach Safety Center",
      "recorded_at": "2025-07-19T08:08:49.639Z"
    },
    {
      "center_id": "6c847017-e5ab-4e48-b987-328d742f7562",
      "center_name": "Sounine",
      "recorded_at": "2025-07-19T08:08:49.637Z"
    },
    {
      "center_id": "efe6b507-ecd3-4eac-bd21-82cbe1125cc0",
      "center_name": "Hammamet Beach Safety Center",
      "recorded_at": "2025-07-19T08:08:49.623Z"
    },
    {
      "center_id": "a42d64f5-73d9-41cb-97c7-c020fd1fe520",
      "center_name": "Sousse Beach Safety Center",
      "recorded_at": "2025-07-19T08:08:49.594Z"
    },
    {
      "center_id": "2c140dc1-5fac-4efe-80e3-2ad63dea6b8f",
      "center_name": "maamoura",
      "recorded_at": "2025-07-19T08:08:49.532Z"
    },
    {
      "center_id": "a1f85c07-8c14-4616-8199-a1c9c46d9b48",
      "center_name": "Tabarka Beach Safety Center",
      "recorded_at": "2025-07-19T08:08:49.527Z"
    },
    {
      "center_id": "efe6b507-ecd3-4eac-bd21-82cbe1125cc0",
      "center_name": "Hammamet Beach Safety Center",
      "recorded_at": "2025-07-19T08:08:49.378Z"
    },
    {
      "center_id": "a42d64f5-73d9-41cb-97c7-c020fd1fe520",
      "center_name": "Sousse Beach Safety Center",
      "recorded_at": "2025-07-19T08:08:49.358Z"
    }
  ]
}
2025-07-19 09:24:45 [[32minfo[39m]: ::1 - - [19/Jul/2025:08:24:45 +0000] "GET /api/v1/public/weather/current HTTP/1.1" 304 - "http://localhost:3000/" "Mozilla/5.0 (X11; Linux x86_64) AppleWebKit/537.36 (KHTML, like Gecko) Chrome/138.0.0.0 Safari/537.36" {
  "service": "beach-safety-api"
}
2025-07-19 09:24:45 [[32minfo[39m]: ::1 - - [19/Jul/2025:08:24:45 +0000] "GET /api/v1/safety-zones/public HTTP/1.1" 304 - "http://localhost:3000/" "Mozilla/5.0 (X11; Linux x86_64) AppleWebKit/537.36 (KHTML, like Gecko) Chrome/138.0.0.0 Safari/537.36" {
  "service": "beach-safety-api"
}
2025-07-19 09:24:45 [[32minfo[39m]: ::1 - - [19/Jul/2025:08:24:45 +0000] "GET /api/v1/public/lifeguards/counts HTTP/1.1" 304 - "http://localhost:3000/" "Mozilla/5.0 (X11; Linux x86_64) AppleWebKit/537.36 (KHTML, like Gecko) Chrome/138.0.0.0 Safari/537.36" {
  "service": "beach-safety-api"
}
2025-07-19 09:24:45 [[32minfo[39m]: Connected to PostgreSQL database {
  "service": "beach-safety-api"
}
2025-07-19 09:24:45 [[32minfo[39m]: ::1 - - [19/Jul/2025:08:24:45 +0000] "GET /api/v1/public/safety/flags HTTP/1.1" 304 - "http://localhost:3000/" "Mozilla/5.0 (X11; Linux x86_64) AppleWebKit/537.36 (KHTML, like Gecko) Chrome/138.0.0.0 Safari/537.36" {
  "service": "beach-safety-api"
}
2025-07-19 09:24:50 [[32minfo[39m]: Public weather query result: {
  "service": "beach-safety-api",
  "totalRows": 68,
  "centers": [
    {
      "center_id": "a1f85c07-8c14-4616-8199-a1c9c46d9b48",
      "center_name": "Tabarka Beach Safety Center",
      "recorded_at": "2025-07-19T08:23:50.044Z"
    },
    {
      "center_id": "f350b731-2da6-4e3d-9a9d-5fa3c8c985ab",
      "center_name": "Djerba Beach Safety Center",
      "recorded_at": "2025-07-19T08:23:50.042Z"
    },
    {
      "center_id": "5897994c-3d0f-4bcf-9624-3103ddffdcf4",
      "center_name": "Monastir Beach Safety Center",
      "recorded_at": "2025-07-19T08:23:50.012Z"
    },
    {
      "center_id": "2c140dc1-5fac-4efe-80e3-2ad63dea6b8f",
      "center_name": "maamoura",
      "recorded_at": "2025-07-19T08:23:49.988Z"
    },
    {
      "center_id": "a42d64f5-73d9-41cb-97c7-c020fd1fe520",
      "center_name": "Sousse Beach Safety Center",
      "recorded_at": "2025-07-19T08:23:49.987Z"
    },
    {
      "center_id": "6c847017-e5ab-4e48-b987-328d742f7562",
      "center_name": "Sounine",
      "recorded_at": "2025-07-19T08:23:49.913Z"
    },
    {
      "center_id": "6c847017-e5ab-4e48-b987-328d742f7562",
      "center_name": "Sounine",
      "recorded_at": "2025-07-19T08:23:49.908Z"
    },
    {
      "center_id": "6091fcc3-3b14-430e-8d28-0907aa1db98d",
      "center_name": "Takelsa",
      "recorded_at": "2025-07-19T08:23:49.906Z"
    },
    {
      "center_id": "f350b731-2da6-4e3d-9a9d-5fa3c8c985ab",
      "center_name": "Djerba Beach Safety Center",
      "recorded_at": "2025-07-19T08:23:49.723Z"
    },
    {
      "center_id": "6091fcc3-3b14-430e-8d28-0907aa1db98d",
      "center_name": "Takelsa",
      "recorded_at": "2025-07-19T08:23:49.721Z"
    },
    {
      "center_id": "a1f85c07-8c14-4616-8199-a1c9c46d9b48",
      "center_name": "Tabarka Beach Safety Center",
      "recorded_at": "2025-07-19T08:23:49.657Z"
    },
    {
      "center_id": "5897994c-3d0f-4bcf-9624-3103ddffdcf4",
      "center_name": "Monastir Beach Safety Center",
      "recorded_at": "2025-07-19T08:23:49.635Z"
    },
    {
      "center_id": "2c140dc1-5fac-4efe-80e3-2ad63dea6b8f",
      "center_name": "maamoura",
      "recorded_at": "2025-07-19T08:23:49.571Z"
    },
    {
      "center_id": "a42d64f5-73d9-41cb-97c7-c020fd1fe520",
      "center_name": "Sousse Beach Safety Center",
      "recorded_at": "2025-07-19T08:23:49.563Z"
    },
    {
      "center_id": "efe6b507-ecd3-4eac-bd21-82cbe1125cc0",
      "center_name": "Hammamet Beach Safety Center",
      "recorded_at": "2025-07-19T08:23:49.399Z"
    },
    {
      "center_id": "efe6b507-ecd3-4eac-bd21-82cbe1125cc0",
      "center_name": "Hammamet Beach Safety Center",
      "recorded_at": "2025-07-19T08:23:49.374Z"
    },
    {
      "center_id": "2c140dc1-5fac-4efe-80e3-2ad63dea6b8f",
      "center_name": "maamoura",
      "recorded_at": "2025-07-19T08:22:29.353Z"
    },
    {
      "center_id": "2c140dc1-5fac-4efe-80e3-2ad63dea6b8f",
      "center_name": "maamoura",
      "recorded_at": "2025-07-19T08:22:29.351Z"
    },
    {
      "center_id": "2c140dc1-5fac-4efe-80e3-2ad63dea6b8f",
      "center_name": "maamoura",
      "recorded_at": "2025-07-19T08:14:09.197Z"
    },
    {
      "center_id": "2c140dc1-5fac-4efe-80e3-2ad63dea6b8f",
      "center_name": "maamoura",
      "recorded_at": "2025-07-19T08:14:09.196Z"
    },
    {
      "center_id": "2c140dc1-5fac-4efe-80e3-2ad63dea6b8f",
      "center_name": "maamoura",
      "recorded_at": "2025-07-19T08:13:57.619Z"
    },
    {
      "center_id": "2c140dc1-5fac-4efe-80e3-2ad63dea6b8f",
      "center_name": "maamoura",
      "recorded_at": "2025-07-19T08:13:57.616Z"
    },
    {
      "center_id": "2c140dc1-5fac-4efe-80e3-2ad63dea6b8f",
      "center_name": "maamoura",
      "recorded_at": "2025-07-19T08:13:57.342Z"
    },
    {
      "center_id": "2c140dc1-5fac-4efe-80e3-2ad63dea6b8f",
      "center_name": "maamoura",
      "recorded_at": "2025-07-19T08:13:57.341Z"
    },
    {
      "center_id": "2c140dc1-5fac-4efe-80e3-2ad63dea6b8f",
      "center_name": "maamoura",
      "recorded_at": "2025-07-19T08:13:57.241Z"
    },
    {
      "center_id": "2c140dc1-5fac-4efe-80e3-2ad63dea6b8f",
      "center_name": "maamoura",
      "recorded_at": "2025-07-19T08:13:57.194Z"
    },
    {
      "center_id": "2c140dc1-5fac-4efe-80e3-2ad63dea6b8f",
      "center_name": "maamoura",
      "recorded_at": "2025-07-19T08:13:01.018Z"
    },
    {
      "center_id": "2c140dc1-5fac-4efe-80e3-2ad63dea6b8f",
      "center_name": "maamoura",
      "recorded_at": "2025-07-19T08:13:01.016Z"
    },
    {
      "center_id": "2c140dc1-5fac-4efe-80e3-2ad63dea6b8f",
      "center_name": "maamoura",
      "recorded_at": "2025-07-19T08:13:00.688Z"
    },
    {
      "center_id": "2c140dc1-5fac-4efe-80e3-2ad63dea6b8f",
      "center_name": "maamoura",
      "recorded_at": "2025-07-19T08:13:00.687Z"
    },
    {
      "center_id": "2c140dc1-5fac-4efe-80e3-2ad63dea6b8f",
      "center_name": "maamoura",
      "recorded_at": "2025-07-19T08:13:00.511Z"
    },
    {
      "center_id": "2c140dc1-5fac-4efe-80e3-2ad63dea6b8f",
      "center_name": "maamoura",
      "recorded_at": "2025-07-19T08:13:00.509Z"
    },
    {
      "center_id": "efe6b507-ecd3-4eac-bd21-82cbe1125cc0",
      "center_name": "Hammamet Beach Safety Center",
      "recorded_at": "2025-07-19T08:12:41.343Z"
    },
    {
      "center_id": "efe6b507-ecd3-4eac-bd21-82cbe1125cc0",
      "center_name": "Hammamet Beach Safety Center",
      "recorded_at": "2025-07-19T08:12:41.341Z"
    },
    {
      "center_id": "efe6b507-ecd3-4eac-bd21-82cbe1125cc0",
      "center_name": "Hammamet Beach Safety Center",
      "recorded_at": "2025-07-19T08:12:33.106Z"
    },
    {
      "center_id": "efe6b507-ecd3-4eac-bd21-82cbe1125cc0",
      "center_name": "Hammamet Beach Safety Center",
      "recorded_at": "2025-07-19T08:12:33.105Z"
    },
    {
      "center_id": "efe6b507-ecd3-4eac-bd21-82cbe1125cc0",
      "center_name": "Hammamet Beach Safety Center",
      "recorded_at": "2025-07-19T08:11:24.227Z"
    },
    {
      "center_id": "efe6b507-ecd3-4eac-bd21-82cbe1125cc0",
      "center_name": "Hammamet Beach Safety Center",
      "recorded_at": "2025-07-19T08:11:24.195Z"
    },
    {
      "center_id": "efe6b507-ecd3-4eac-bd21-82cbe1125cc0",
      "center_name": "Hammamet Beach Safety Center",
      "recorded_at": "2025-07-19T08:11:23.864Z"
    },
    {
      "center_id": "efe6b507-ecd3-4eac-bd21-82cbe1125cc0",
      "center_name": "Hammamet Beach Safety Center",
      "recorded_at": "2025-07-19T08:11:23.863Z"
    },
    {
      "center_id": "efe6b507-ecd3-4eac-bd21-82cbe1125cc0",
      "center_name": "Hammamet Beach Safety Center",
      "recorded_at": "2025-07-19T08:11:23.731Z"
    },
    {
      "center_id": "efe6b507-ecd3-4eac-bd21-82cbe1125cc0",
      "center_name": "Hammamet Beach Safety Center",
      "recorded_at": "2025-07-19T08:11:23.729Z"
    },
    {
      "center_id": "efe6b507-ecd3-4eac-bd21-82cbe1125cc0",
      "center_name": "Hammamet Beach Safety Center",
      "recorded_at": "2025-07-19T08:10:55.310Z"
    },
    {
      "center_id": "efe6b507-ecd3-4eac-bd21-82cbe1125cc0",
      "center_name": "Hammamet Beach Safety Center",
      "recorded_at": "2025-07-19T08:10:55.307Z"
    },
    {
      "center_id": "efe6b507-ecd3-4eac-bd21-82cbe1125cc0",
      "center_name": "Hammamet Beach Safety Center",
      "recorded_at": "2025-07-19T08:10:54.959Z"
    },
    {
      "center_id": "efe6b507-ecd3-4eac-bd21-82cbe1125cc0",
      "center_name": "Hammamet Beach Safety Center",
      "recorded_at": "2025-07-19T08:10:54.957Z"
    },
    {
      "center_id": "efe6b507-ecd3-4eac-bd21-82cbe1125cc0",
      "center_name": "Hammamet Beach Safety Center",
      "recorded_at": "2025-07-19T08:10:54.687Z"
    },
    {
      "center_id": "efe6b507-ecd3-4eac-bd21-82cbe1125cc0",
      "center_name": "Hammamet Beach Safety Center",
      "recorded_at": "2025-07-19T08:10:54.684Z"
    },
    {
      "center_id": "efe6b507-ecd3-4eac-bd21-82cbe1125cc0",
      "center_name": "Hammamet Beach Safety Center",
      "recorded_at": "2025-07-19T08:10:07.794Z"
    },
    {
      "center_id": "efe6b507-ecd3-4eac-bd21-82cbe1125cc0",
      "center_name": "Hammamet Beach Safety Center",
      "recorded_at": "2025-07-19T08:10:07.792Z"
    },
    {
      "center_id": "5897994c-3d0f-4bcf-9624-3103ddffdcf4",
      "center_name": "Monastir Beach Safety Center",
      "recorded_at": "2025-07-19T08:09:51.715Z"
    },
    {
      "center_id": "5897994c-3d0f-4bcf-9624-3103ddffdcf4",
      "center_name": "Monastir Beach Safety Center",
      "recorded_at": "2025-07-19T08:09:51.650Z"
    },
    {
      "center_id": "2c140dc1-5fac-4efe-80e3-2ad63dea6b8f",
      "center_name": "maamoura",
      "recorded_at": "2025-07-19T08:08:50.011Z"
    },
    {
      "center_id": "6091fcc3-3b14-430e-8d28-0907aa1db98d",
      "center_name": "Takelsa",
      "recorded_at": "2025-07-19T08:08:50.010Z"
    },
    {
      "center_id": "6c847017-e5ab-4e48-b987-328d742f7562",
      "center_name": "Sounine",
      "recorded_at": "2025-07-19T08:08:49.953Z"
    },
    {
      "center_id": "f350b731-2da6-4e3d-9a9d-5fa3c8c985ab",
      "center_name": "Djerba Beach Safety Center",
      "recorded_at": "2025-07-19T08:08:49.936Z"
    },
    {
      "center_id": "6091fcc3-3b14-430e-8d28-0907aa1db98d",
      "center_name": "Takelsa",
      "recorded_at": "2025-07-19T08:08:49.892Z"
    },
    {
      "center_id": "5897994c-3d0f-4bcf-9624-3103ddffdcf4",
      "center_name": "Monastir Beach Safety Center",
      "recorded_at": "2025-07-19T08:08:49.875Z"
    },
    {
      "center_id": "f350b731-2da6-4e3d-9a9d-5fa3c8c985ab",
      "center_name": "Djerba Beach Safety Center",
      "recorded_at": "2025-07-19T08:08:49.711Z"
    },
    {
      "center_id": "a1f85c07-8c14-4616-8199-a1c9c46d9b48",
      "center_name": "Tabarka Beach Safety Center",
      "recorded_at": "2025-07-19T08:08:49.687Z"
    },
    {
      "center_id": "5897994c-3d0f-4bcf-9624-3103ddffdcf4",
      "center_name": "Monastir Beach Safety Center",
      "recorded_at": "2025-07-19T08:08:49.639Z"
    },
    {
      "center_id": "6c847017-e5ab-4e48-b987-328d742f7562",
      "center_name": "Sounine",
      "recorded_at": "2025-07-19T08:08:49.637Z"
    },
    {
      "center_id": "efe6b507-ecd3-4eac-bd21-82cbe1125cc0",
      "center_name": "Hammamet Beach Safety Center",
      "recorded_at": "2025-07-19T08:08:49.623Z"
    },
    {
      "center_id": "a42d64f5-73d9-41cb-97c7-c020fd1fe520",
      "center_name": "Sousse Beach Safety Center",
      "recorded_at": "2025-07-19T08:08:49.594Z"
    },
    {
      "center_id": "2c140dc1-5fac-4efe-80e3-2ad63dea6b8f",
      "center_name": "maamoura",
      "recorded_at": "2025-07-19T08:08:49.532Z"
    },
    {
      "center_id": "a1f85c07-8c14-4616-8199-a1c9c46d9b48",
      "center_name": "Tabarka Beach Safety Center",
      "recorded_at": "2025-07-19T08:08:49.527Z"
    },
    {
      "center_id": "efe6b507-ecd3-4eac-bd21-82cbe1125cc0",
      "center_name": "Hammamet Beach Safety Center",
      "recorded_at": "2025-07-19T08:08:49.378Z"
    },
    {
      "center_id": "a42d64f5-73d9-41cb-97c7-c020fd1fe520",
      "center_name": "Sousse Beach Safety Center",
      "recorded_at": "2025-07-19T08:08:49.358Z"
    }
  ]
}
2025-07-19 09:24:50 [[32minfo[39m]: ::1 - - [19/Jul/2025:08:24:50 +0000] "GET /api/v1/public/weather/current HTTP/1.1" 304 - "http://localhost:3000/" "Mozilla/5.0 (X11; Linux x86_64) AppleWebKit/537.36 (KHTML, like Gecko) Chrome/138.0.0.0 Safari/537.36" {
  "service": "beach-safety-api"
}
2025-07-19 09:24:50 [[32minfo[39m]: ::1 - - [19/Jul/2025:08:24:50 +0000] "GET /api/v1/safety-zones/public HTTP/1.1" 304 - "http://localhost:3000/" "Mozilla/5.0 (X11; Linux x86_64) AppleWebKit/537.36 (KHTML, like Gecko) Chrome/138.0.0.0 Safari/537.36" {
  "service": "beach-safety-api"
}
2025-07-19 09:24:50 [[32minfo[39m]: ::1 - - [19/Jul/2025:08:24:50 +0000] "GET /api/v1/public/lifeguards/counts HTTP/1.1" 304 - "http://localhost:3000/" "Mozilla/5.0 (X11; Linux x86_64) AppleWebKit/537.36 (KHTML, like Gecko) Chrome/138.0.0.0 Safari/537.36" {
  "service": "beach-safety-api"
}
2025-07-19 09:24:50 [[32minfo[39m]: ::1 - - [19/Jul/2025:08:24:50 +0000] "GET /api/v1/public/safety/flags HTTP/1.1" 304 - "http://localhost:3000/" "Mozilla/5.0 (X11; Linux x86_64) AppleWebKit/537.36 (KHTML, like Gecko) Chrome/138.0.0.0 Safari/537.36" {
  "service": "beach-safety-api"
}
2025-07-19 09:24:50 [[32minfo[39m]: ::1 - - [19/Jul/2025:08:24:50 +0000] "GET /api/v1/public/centers HTTP/1.1" 304 - "http://localhost:3000/" "Mozilla/5.0 (X11; Linux x86_64) AppleWebKit/537.36 (KHTML, like Gecko) Chrome/138.0.0.0 Safari/537.36" {
  "service": "beach-safety-api"
}
2025-07-19 09:25:02 [[32minfo[39m]: ::1 - - [19/Jul/2025:08:25:02 +0000] "GET /api/v1/public/centers HTTP/1.1" 304 - "http://localhost:3000/" "Mozilla/5.0 (X11; Linux x86_64) AppleWebKit/537.36 (KHTML, like Gecko) Chrome/138.0.0.0 Safari/537.36" {
  "service": "beach-safety-api"
}
2025-07-19 09:25:02 [[32minfo[39m]: Public weather query result: {
  "service": "beach-safety-api",
  "totalRows": 68,
  "centers": [
    {
      "center_id": "a1f85c07-8c14-4616-8199-a1c9c46d9b48",
      "center_name": "Tabarka Beach Safety Center",
      "recorded_at": "2025-07-19T08:23:50.044Z"
    },
    {
      "center_id": "f350b731-2da6-4e3d-9a9d-5fa3c8c985ab",
      "center_name": "Djerba Beach Safety Center",
      "recorded_at": "2025-07-19T08:23:50.042Z"
    },
    {
      "center_id": "5897994c-3d0f-4bcf-9624-3103ddffdcf4",
      "center_name": "Monastir Beach Safety Center",
      "recorded_at": "2025-07-19T08:23:50.012Z"
    },
    {
      "center_id": "2c140dc1-5fac-4efe-80e3-2ad63dea6b8f",
      "center_name": "maamoura",
      "recorded_at": "2025-07-19T08:23:49.988Z"
    },
    {
      "center_id": "a42d64f5-73d9-41cb-97c7-c020fd1fe520",
      "center_name": "Sousse Beach Safety Center",
      "recorded_at": "2025-07-19T08:23:49.987Z"
    },
    {
      "center_id": "6c847017-e5ab-4e48-b987-328d742f7562",
      "center_name": "Sounine",
      "recorded_at": "2025-07-19T08:23:49.913Z"
    },
    {
      "center_id": "6c847017-e5ab-4e48-b987-328d742f7562",
      "center_name": "Sounine",
      "recorded_at": "2025-07-19T08:23:49.908Z"
    },
    {
      "center_id": "6091fcc3-3b14-430e-8d28-0907aa1db98d",
      "center_name": "Takelsa",
      "recorded_at": "2025-07-19T08:23:49.906Z"
    },
    {
      "center_id": "f350b731-2da6-4e3d-9a9d-5fa3c8c985ab",
      "center_name": "Djerba Beach Safety Center",
      "recorded_at": "2025-07-19T08:23:49.723Z"
    },
    {
      "center_id": "6091fcc3-3b14-430e-8d28-0907aa1db98d",
      "center_name": "Takelsa",
      "recorded_at": "2025-07-19T08:23:49.721Z"
    },
    {
      "center_id": "a1f85c07-8c14-4616-8199-a1c9c46d9b48",
      "center_name": "Tabarka Beach Safety Center",
      "recorded_at": "2025-07-19T08:23:49.657Z"
    },
    {
      "center_id": "5897994c-3d0f-4bcf-9624-3103ddffdcf4",
      "center_name": "Monastir Beach Safety Center",
      "recorded_at": "2025-07-19T08:23:49.635Z"
    },
    {
      "center_id": "2c140dc1-5fac-4efe-80e3-2ad63dea6b8f",
      "center_name": "maamoura",
      "recorded_at": "2025-07-19T08:23:49.571Z"
    },
    {
      "center_id": "a42d64f5-73d9-41cb-97c7-c020fd1fe520",
      "center_name": "Sousse Beach Safety Center",
      "recorded_at": "2025-07-19T08:23:49.563Z"
    },
    {
      "center_id": "efe6b507-ecd3-4eac-bd21-82cbe1125cc0",
      "center_name": "Hammamet Beach Safety Center",
      "recorded_at": "2025-07-19T08:23:49.399Z"
    },
    {
      "center_id": "efe6b507-ecd3-4eac-bd21-82cbe1125cc0",
      "center_name": "Hammamet Beach Safety Center",
      "recorded_at": "2025-07-19T08:23:49.374Z"
    },
    {
      "center_id": "2c140dc1-5fac-4efe-80e3-2ad63dea6b8f",
      "center_name": "maamoura",
      "recorded_at": "2025-07-19T08:22:29.353Z"
    },
    {
      "center_id": "2c140dc1-5fac-4efe-80e3-2ad63dea6b8f",
      "center_name": "maamoura",
      "recorded_at": "2025-07-19T08:22:29.351Z"
    },
    {
      "center_id": "2c140dc1-5fac-4efe-80e3-2ad63dea6b8f",
      "center_name": "maamoura",
      "recorded_at": "2025-07-19T08:14:09.197Z"
    },
    {
      "center_id": "2c140dc1-5fac-4efe-80e3-2ad63dea6b8f",
      "center_name": "maamoura",
      "recorded_at": "2025-07-19T08:14:09.196Z"
    },
    {
      "center_id": "2c140dc1-5fac-4efe-80e3-2ad63dea6b8f",
      "center_name": "maamoura",
      "recorded_at": "2025-07-19T08:13:57.619Z"
    },
    {
      "center_id": "2c140dc1-5fac-4efe-80e3-2ad63dea6b8f",
      "center_name": "maamoura",
      "recorded_at": "2025-07-19T08:13:57.616Z"
    },
    {
      "center_id": "2c140dc1-5fac-4efe-80e3-2ad63dea6b8f",
      "center_name": "maamoura",
      "recorded_at": "2025-07-19T08:13:57.342Z"
    },
    {
      "center_id": "2c140dc1-5fac-4efe-80e3-2ad63dea6b8f",
      "center_name": "maamoura",
      "recorded_at": "2025-07-19T08:13:57.341Z"
    },
    {
      "center_id": "2c140dc1-5fac-4efe-80e3-2ad63dea6b8f",
      "center_name": "maamoura",
      "recorded_at": "2025-07-19T08:13:57.241Z"
    },
    {
      "center_id": "2c140dc1-5fac-4efe-80e3-2ad63dea6b8f",
      "center_name": "maamoura",
      "recorded_at": "2025-07-19T08:13:57.194Z"
    },
    {
      "center_id": "2c140dc1-5fac-4efe-80e3-2ad63dea6b8f",
      "center_name": "maamoura",
      "recorded_at": "2025-07-19T08:13:01.018Z"
    },
    {
      "center_id": "2c140dc1-5fac-4efe-80e3-2ad63dea6b8f",
      "center_name": "maamoura",
      "recorded_at": "2025-07-19T08:13:01.016Z"
    },
    {
      "center_id": "2c140dc1-5fac-4efe-80e3-2ad63dea6b8f",
      "center_name": "maamoura",
      "recorded_at": "2025-07-19T08:13:00.688Z"
    },
    {
      "center_id": "2c140dc1-5fac-4efe-80e3-2ad63dea6b8f",
      "center_name": "maamoura",
      "recorded_at": "2025-07-19T08:13:00.687Z"
    },
    {
      "center_id": "2c140dc1-5fac-4efe-80e3-2ad63dea6b8f",
      "center_name": "maamoura",
      "recorded_at": "2025-07-19T08:13:00.511Z"
    },
    {
      "center_id": "2c140dc1-5fac-4efe-80e3-2ad63dea6b8f",
      "center_name": "maamoura",
      "recorded_at": "2025-07-19T08:13:00.509Z"
    },
    {
      "center_id": "efe6b507-ecd3-4eac-bd21-82cbe1125cc0",
      "center_name": "Hammamet Beach Safety Center",
      "recorded_at": "2025-07-19T08:12:41.343Z"
    },
    {
      "center_id": "efe6b507-ecd3-4eac-bd21-82cbe1125cc0",
      "center_name": "Hammamet Beach Safety Center",
      "recorded_at": "2025-07-19T08:12:41.341Z"
    },
    {
      "center_id": "efe6b507-ecd3-4eac-bd21-82cbe1125cc0",
      "center_name": "Hammamet Beach Safety Center",
      "recorded_at": "2025-07-19T08:12:33.106Z"
    },
    {
      "center_id": "efe6b507-ecd3-4eac-bd21-82cbe1125cc0",
      "center_name": "Hammamet Beach Safety Center",
      "recorded_at": "2025-07-19T08:12:33.105Z"
    },
    {
      "center_id": "efe6b507-ecd3-4eac-bd21-82cbe1125cc0",
      "center_name": "Hammamet Beach Safety Center",
      "recorded_at": "2025-07-19T08:11:24.227Z"
    },
    {
      "center_id": "efe6b507-ecd3-4eac-bd21-82cbe1125cc0",
      "center_name": "Hammamet Beach Safety Center",
      "recorded_at": "2025-07-19T08:11:24.195Z"
    },
    {
      "center_id": "efe6b507-ecd3-4eac-bd21-82cbe1125cc0",
      "center_name": "Hammamet Beach Safety Center",
      "recorded_at": "2025-07-19T08:11:23.864Z"
    },
    {
      "center_id": "efe6b507-ecd3-4eac-bd21-82cbe1125cc0",
      "center_name": "Hammamet Beach Safety Center",
      "recorded_at": "2025-07-19T08:11:23.863Z"
    },
    {
      "center_id": "efe6b507-ecd3-4eac-bd21-82cbe1125cc0",
      "center_name": "Hammamet Beach Safety Center",
      "recorded_at": "2025-07-19T08:11:23.731Z"
    },
    {
      "center_id": "efe6b507-ecd3-4eac-bd21-82cbe1125cc0",
      "center_name": "Hammamet Beach Safety Center",
      "recorded_at": "2025-07-19T08:11:23.729Z"
    },
    {
      "center_id": "efe6b507-ecd3-4eac-bd21-82cbe1125cc0",
      "center_name": "Hammamet Beach Safety Center",
      "recorded_at": "2025-07-19T08:10:55.310Z"
    },
    {
      "center_id": "efe6b507-ecd3-4eac-bd21-82cbe1125cc0",
      "center_name": "Hammamet Beach Safety Center",
      "recorded_at": "2025-07-19T08:10:55.307Z"
    },
    {
      "center_id": "efe6b507-ecd3-4eac-bd21-82cbe1125cc0",
      "center_name": "Hammamet Beach Safety Center",
      "recorded_at": "2025-07-19T08:10:54.959Z"
    },
    {
      "center_id": "efe6b507-ecd3-4eac-bd21-82cbe1125cc0",
      "center_name": "Hammamet Beach Safety Center",
      "recorded_at": "2025-07-19T08:10:54.957Z"
    },
    {
      "center_id": "efe6b507-ecd3-4eac-bd21-82cbe1125cc0",
      "center_name": "Hammamet Beach Safety Center",
      "recorded_at": "2025-07-19T08:10:54.687Z"
    },
    {
      "center_id": "efe6b507-ecd3-4eac-bd21-82cbe1125cc0",
      "center_name": "Hammamet Beach Safety Center",
      "recorded_at": "2025-07-19T08:10:54.684Z"
    },
    {
      "center_id": "efe6b507-ecd3-4eac-bd21-82cbe1125cc0",
      "center_name": "Hammamet Beach Safety Center",
      "recorded_at": "2025-07-19T08:10:07.794Z"
    },
    {
      "center_id": "efe6b507-ecd3-4eac-bd21-82cbe1125cc0",
      "center_name": "Hammamet Beach Safety Center",
      "recorded_at": "2025-07-19T08:10:07.792Z"
    },
    {
      "center_id": "5897994c-3d0f-4bcf-9624-3103ddffdcf4",
      "center_name": "Monastir Beach Safety Center",
      "recorded_at": "2025-07-19T08:09:51.715Z"
    },
    {
      "center_id": "5897994c-3d0f-4bcf-9624-3103ddffdcf4",
      "center_name": "Monastir Beach Safety Center",
      "recorded_at": "2025-07-19T08:09:51.650Z"
    },
    {
      "center_id": "2c140dc1-5fac-4efe-80e3-2ad63dea6b8f",
      "center_name": "maamoura",
      "recorded_at": "2025-07-19T08:08:50.011Z"
    },
    {
      "center_id": "6091fcc3-3b14-430e-8d28-0907aa1db98d",
      "center_name": "Takelsa",
      "recorded_at": "2025-07-19T08:08:50.010Z"
    },
    {
      "center_id": "6c847017-e5ab-4e48-b987-328d742f7562",
      "center_name": "Sounine",
      "recorded_at": "2025-07-19T08:08:49.953Z"
    },
    {
      "center_id": "f350b731-2da6-4e3d-9a9d-5fa3c8c985ab",
      "center_name": "Djerba Beach Safety Center",
      "recorded_at": "2025-07-19T08:08:49.936Z"
    },
    {
      "center_id": "6091fcc3-3b14-430e-8d28-0907aa1db98d",
      "center_name": "Takelsa",
      "recorded_at": "2025-07-19T08:08:49.892Z"
    },
    {
      "center_id": "5897994c-3d0f-4bcf-9624-3103ddffdcf4",
      "center_name": "Monastir Beach Safety Center",
      "recorded_at": "2025-07-19T08:08:49.875Z"
    },
    {
      "center_id": "f350b731-2da6-4e3d-9a9d-5fa3c8c985ab",
      "center_name": "Djerba Beach Safety Center",
      "recorded_at": "2025-07-19T08:08:49.711Z"
    },
    {
      "center_id": "a1f85c07-8c14-4616-8199-a1c9c46d9b48",
      "center_name": "Tabarka Beach Safety Center",
      "recorded_at": "2025-07-19T08:08:49.687Z"
    },
    {
      "center_id": "5897994c-3d0f-4bcf-9624-3103ddffdcf4",
      "center_name": "Monastir Beach Safety Center",
      "recorded_at": "2025-07-19T08:08:49.639Z"
    },
    {
      "center_id": "6c847017-e5ab-4e48-b987-328d742f7562",
      "center_name": "Sounine",
      "recorded_at": "2025-07-19T08:08:49.637Z"
    },
    {
      "center_id": "efe6b507-ecd3-4eac-bd21-82cbe1125cc0",
      "center_name": "Hammamet Beach Safety Center",
      "recorded_at": "2025-07-19T08:08:49.623Z"
    },
    {
      "center_id": "a42d64f5-73d9-41cb-97c7-c020fd1fe520",
      "center_name": "Sousse Beach Safety Center",
      "recorded_at": "2025-07-19T08:08:49.594Z"
    },
    {
      "center_id": "2c140dc1-5fac-4efe-80e3-2ad63dea6b8f",
      "center_name": "maamoura",
      "recorded_at": "2025-07-19T08:08:49.532Z"
    },
    {
      "center_id": "a1f85c07-8c14-4616-8199-a1c9c46d9b48",
      "center_name": "Tabarka Beach Safety Center",
      "recorded_at": "2025-07-19T08:08:49.527Z"
    },
    {
      "center_id": "efe6b507-ecd3-4eac-bd21-82cbe1125cc0",
      "center_name": "Hammamet Beach Safety Center",
      "recorded_at": "2025-07-19T08:08:49.378Z"
    },
    {
      "center_id": "a42d64f5-73d9-41cb-97c7-c020fd1fe520",
      "center_name": "Sousse Beach Safety Center",
      "recorded_at": "2025-07-19T08:08:49.358Z"
    }
  ]
}
2025-07-19 09:25:02 [[32minfo[39m]: ::1 - - [19/Jul/2025:08:25:02 +0000] "GET /api/v1/public/weather/current HTTP/1.1" 304 - "http://localhost:3000/" "Mozilla/5.0 (X11; Linux x86_64) AppleWebKit/537.36 (KHTML, like Gecko) Chrome/138.0.0.0 Safari/537.36" {
  "service": "beach-safety-api"
}
2025-07-19 09:25:02 [[32minfo[39m]: ::1 - - [19/Jul/2025:08:25:02 +0000] "GET /api/v1/safety-zones/public HTTP/1.1" 304 - "http://localhost:3000/" "Mozilla/5.0 (X11; Linux x86_64) AppleWebKit/537.36 (KHTML, like Gecko) Chrome/138.0.0.0 Safari/537.36" {
  "service": "beach-safety-api"
}
2025-07-19 09:25:02 [[32minfo[39m]: ::1 - - [19/Jul/2025:08:25:02 +0000] "GET /api/v1/public/lifeguards/counts HTTP/1.1" 304 - "http://localhost:3000/" "Mozilla/5.0 (X11; Linux x86_64) AppleWebKit/537.36 (KHTML, like Gecko) Chrome/138.0.0.0 Safari/537.36" {
  "service": "beach-safety-api"
}
2025-07-19 09:25:02 [[32minfo[39m]: ::1 - - [19/Jul/2025:08:25:02 +0000] "GET /api/v1/public/safety/flags HTTP/1.1" 304 - "http://localhost:3000/" "Mozilla/5.0 (X11; Linux x86_64) AppleWebKit/537.36 (KHTML, like Gecko) Chrome/138.0.0.0 Safari/537.36" {
  "service": "beach-safety-api"
}
2025-07-19 09:25:21 [[32minfo[39m]: ::1 - - [19/Jul/2025:08:25:21 +0000] "GET /api/v1/public/centers HTTP/1.1" 304 - "http://localhost:3000/" "Mozilla/5.0 (X11; Linux x86_64) AppleWebKit/537.36 (KHTML, like Gecko) Chrome/138.0.0.0 Safari/537.36" {
  "service": "beach-safety-api"
}
2025-07-19 09:25:21 [[32minfo[39m]: Public weather query result: {
  "service": "beach-safety-api",
  "totalRows": 68,
  "centers": [
    {
      "center_id": "a1f85c07-8c14-4616-8199-a1c9c46d9b48",
      "center_name": "Tabarka Beach Safety Center",
      "recorded_at": "2025-07-19T08:23:50.044Z"
    },
    {
      "center_id": "f350b731-2da6-4e3d-9a9d-5fa3c8c985ab",
      "center_name": "Djerba Beach Safety Center",
      "recorded_at": "2025-07-19T08:23:50.042Z"
    },
    {
      "center_id": "5897994c-3d0f-4bcf-9624-3103ddffdcf4",
      "center_name": "Monastir Beach Safety Center",
      "recorded_at": "2025-07-19T08:23:50.012Z"
    },
    {
      "center_id": "2c140dc1-5fac-4efe-80e3-2ad63dea6b8f",
      "center_name": "maamoura",
      "recorded_at": "2025-07-19T08:23:49.988Z"
    },
    {
      "center_id": "a42d64f5-73d9-41cb-97c7-c020fd1fe520",
      "center_name": "Sousse Beach Safety Center",
      "recorded_at": "2025-07-19T08:23:49.987Z"
    },
    {
      "center_id": "6c847017-e5ab-4e48-b987-328d742f7562",
      "center_name": "Sounine",
      "recorded_at": "2025-07-19T08:23:49.913Z"
    },
    {
      "center_id": "6c847017-e5ab-4e48-b987-328d742f7562",
      "center_name": "Sounine",
      "recorded_at": "2025-07-19T08:23:49.908Z"
    },
    {
      "center_id": "6091fcc3-3b14-430e-8d28-0907aa1db98d",
      "center_name": "Takelsa",
      "recorded_at": "2025-07-19T08:23:49.906Z"
    },
    {
      "center_id": "f350b731-2da6-4e3d-9a9d-5fa3c8c985ab",
      "center_name": "Djerba Beach Safety Center",
      "recorded_at": "2025-07-19T08:23:49.723Z"
    },
    {
      "center_id": "6091fcc3-3b14-430e-8d28-0907aa1db98d",
      "center_name": "Takelsa",
      "recorded_at": "2025-07-19T08:23:49.721Z"
    },
    {
      "center_id": "a1f85c07-8c14-4616-8199-a1c9c46d9b48",
      "center_name": "Tabarka Beach Safety Center",
      "recorded_at": "2025-07-19T08:23:49.657Z"
    },
    {
      "center_id": "5897994c-3d0f-4bcf-9624-3103ddffdcf4",
      "center_name": "Monastir Beach Safety Center",
      "recorded_at": "2025-07-19T08:23:49.635Z"
    },
    {
      "center_id": "2c140dc1-5fac-4efe-80e3-2ad63dea6b8f",
      "center_name": "maamoura",
      "recorded_at": "2025-07-19T08:23:49.571Z"
    },
    {
      "center_id": "a42d64f5-73d9-41cb-97c7-c020fd1fe520",
      "center_name": "Sousse Beach Safety Center",
      "recorded_at": "2025-07-19T08:23:49.563Z"
    },
    {
      "center_id": "efe6b507-ecd3-4eac-bd21-82cbe1125cc0",
      "center_name": "Hammamet Beach Safety Center",
      "recorded_at": "2025-07-19T08:23:49.399Z"
    },
    {
      "center_id": "efe6b507-ecd3-4eac-bd21-82cbe1125cc0",
      "center_name": "Hammamet Beach Safety Center",
      "recorded_at": "2025-07-19T08:23:49.374Z"
    },
    {
      "center_id": "2c140dc1-5fac-4efe-80e3-2ad63dea6b8f",
      "center_name": "maamoura",
      "recorded_at": "2025-07-19T08:22:29.353Z"
    },
    {
      "center_id": "2c140dc1-5fac-4efe-80e3-2ad63dea6b8f",
      "center_name": "maamoura",
      "recorded_at": "2025-07-19T08:22:29.351Z"
    },
    {
      "center_id": "2c140dc1-5fac-4efe-80e3-2ad63dea6b8f",
      "center_name": "maamoura",
      "recorded_at": "2025-07-19T08:14:09.197Z"
    },
    {
      "center_id": "2c140dc1-5fac-4efe-80e3-2ad63dea6b8f",
      "center_name": "maamoura",
      "recorded_at": "2025-07-19T08:14:09.196Z"
    },
    {
      "center_id": "2c140dc1-5fac-4efe-80e3-2ad63dea6b8f",
      "center_name": "maamoura",
      "recorded_at": "2025-07-19T08:13:57.619Z"
    },
    {
      "center_id": "2c140dc1-5fac-4efe-80e3-2ad63dea6b8f",
      "center_name": "maamoura",
      "recorded_at": "2025-07-19T08:13:57.616Z"
    },
    {
      "center_id": "2c140dc1-5fac-4efe-80e3-2ad63dea6b8f",
      "center_name": "maamoura",
      "recorded_at": "2025-07-19T08:13:57.342Z"
    },
    {
      "center_id": "2c140dc1-5fac-4efe-80e3-2ad63dea6b8f",
      "center_name": "maamoura",
      "recorded_at": "2025-07-19T08:13:57.341Z"
    },
    {
      "center_id": "2c140dc1-5fac-4efe-80e3-2ad63dea6b8f",
      "center_name": "maamoura",
      "recorded_at": "2025-07-19T08:13:57.241Z"
    },
    {
      "center_id": "2c140dc1-5fac-4efe-80e3-2ad63dea6b8f",
      "center_name": "maamoura",
      "recorded_at": "2025-07-19T08:13:57.194Z"
    },
    {
      "center_id": "2c140dc1-5fac-4efe-80e3-2ad63dea6b8f",
      "center_name": "maamoura",
      "recorded_at": "2025-07-19T08:13:01.018Z"
    },
    {
      "center_id": "2c140dc1-5fac-4efe-80e3-2ad63dea6b8f",
      "center_name": "maamoura",
      "recorded_at": "2025-07-19T08:13:01.016Z"
    },
    {
      "center_id": "2c140dc1-5fac-4efe-80e3-2ad63dea6b8f",
      "center_name": "maamoura",
      "recorded_at": "2025-07-19T08:13:00.688Z"
    },
    {
      "center_id": "2c140dc1-5fac-4efe-80e3-2ad63dea6b8f",
      "center_name": "maamoura",
      "recorded_at": "2025-07-19T08:13:00.687Z"
    },
    {
      "center_id": "2c140dc1-5fac-4efe-80e3-2ad63dea6b8f",
      "center_name": "maamoura",
      "recorded_at": "2025-07-19T08:13:00.511Z"
    },
    {
      "center_id": "2c140dc1-5fac-4efe-80e3-2ad63dea6b8f",
      "center_name": "maamoura",
      "recorded_at": "2025-07-19T08:13:00.509Z"
    },
    {
      "center_id": "efe6b507-ecd3-4eac-bd21-82cbe1125cc0",
      "center_name": "Hammamet Beach Safety Center",
      "recorded_at": "2025-07-19T08:12:41.343Z"
    },
    {
      "center_id": "efe6b507-ecd3-4eac-bd21-82cbe1125cc0",
      "center_name": "Hammamet Beach Safety Center",
      "recorded_at": "2025-07-19T08:12:41.341Z"
    },
    {
      "center_id": "efe6b507-ecd3-4eac-bd21-82cbe1125cc0",
      "center_name": "Hammamet Beach Safety Center",
      "recorded_at": "2025-07-19T08:12:33.106Z"
    },
    {
      "center_id": "efe6b507-ecd3-4eac-bd21-82cbe1125cc0",
      "center_name": "Hammamet Beach Safety Center",
      "recorded_at": "2025-07-19T08:12:33.105Z"
    },
    {
      "center_id": "efe6b507-ecd3-4eac-bd21-82cbe1125cc0",
      "center_name": "Hammamet Beach Safety Center",
      "recorded_at": "2025-07-19T08:11:24.227Z"
    },
    {
      "center_id": "efe6b507-ecd3-4eac-bd21-82cbe1125cc0",
      "center_name": "Hammamet Beach Safety Center",
      "recorded_at": "2025-07-19T08:11:24.195Z"
    },
    {
      "center_id": "efe6b507-ecd3-4eac-bd21-82cbe1125cc0",
      "center_name": "Hammamet Beach Safety Center",
      "recorded_at": "2025-07-19T08:11:23.864Z"
    },
    {
      "center_id": "efe6b507-ecd3-4eac-bd21-82cbe1125cc0",
      "center_name": "Hammamet Beach Safety Center",
      "recorded_at": "2025-07-19T08:11:23.863Z"
    },
    {
      "center_id": "efe6b507-ecd3-4eac-bd21-82cbe1125cc0",
      "center_name": "Hammamet Beach Safety Center",
      "recorded_at": "2025-07-19T08:11:23.731Z"
    },
    {
      "center_id": "efe6b507-ecd3-4eac-bd21-82cbe1125cc0",
      "center_name": "Hammamet Beach Safety Center",
      "recorded_at": "2025-07-19T08:11:23.729Z"
    },
    {
      "center_id": "efe6b507-ecd3-4eac-bd21-82cbe1125cc0",
      "center_name": "Hammamet Beach Safety Center",
      "recorded_at": "2025-07-19T08:10:55.310Z"
    },
    {
      "center_id": "efe6b507-ecd3-4eac-bd21-82cbe1125cc0",
      "center_name": "Hammamet Beach Safety Center",
      "recorded_at": "2025-07-19T08:10:55.307Z"
    },
    {
      "center_id": "efe6b507-ecd3-4eac-bd21-82cbe1125cc0",
      "center_name": "Hammamet Beach Safety Center",
      "recorded_at": "2025-07-19T08:10:54.959Z"
    },
    {
      "center_id": "efe6b507-ecd3-4eac-bd21-82cbe1125cc0",
      "center_name": "Hammamet Beach Safety Center",
      "recorded_at": "2025-07-19T08:10:54.957Z"
    },
    {
      "center_id": "efe6b507-ecd3-4eac-bd21-82cbe1125cc0",
      "center_name": "Hammamet Beach Safety Center",
      "recorded_at": "2025-07-19T08:10:54.687Z"
    },
    {
      "center_id": "efe6b507-ecd3-4eac-bd21-82cbe1125cc0",
      "center_name": "Hammamet Beach Safety Center",
      "recorded_at": "2025-07-19T08:10:54.684Z"
    },
    {
      "center_id": "efe6b507-ecd3-4eac-bd21-82cbe1125cc0",
      "center_name": "Hammamet Beach Safety Center",
      "recorded_at": "2025-07-19T08:10:07.794Z"
    },
    {
      "center_id": "efe6b507-ecd3-4eac-bd21-82cbe1125cc0",
      "center_name": "Hammamet Beach Safety Center",
      "recorded_at": "2025-07-19T08:10:07.792Z"
    },
    {
      "center_id": "5897994c-3d0f-4bcf-9624-3103ddffdcf4",
      "center_name": "Monastir Beach Safety Center",
      "recorded_at": "2025-07-19T08:09:51.715Z"
    },
    {
      "center_id": "5897994c-3d0f-4bcf-9624-3103ddffdcf4",
      "center_name": "Monastir Beach Safety Center",
      "recorded_at": "2025-07-19T08:09:51.650Z"
    },
    {
      "center_id": "2c140dc1-5fac-4efe-80e3-2ad63dea6b8f",
      "center_name": "maamoura",
      "recorded_at": "2025-07-19T08:08:50.011Z"
    },
    {
      "center_id": "6091fcc3-3b14-430e-8d28-0907aa1db98d",
      "center_name": "Takelsa",
      "recorded_at": "2025-07-19T08:08:50.010Z"
    },
    {
      "center_id": "6c847017-e5ab-4e48-b987-328d742f7562",
      "center_name": "Sounine",
      "recorded_at": "2025-07-19T08:08:49.953Z"
    },
    {
      "center_id": "f350b731-2da6-4e3d-9a9d-5fa3c8c985ab",
      "center_name": "Djerba Beach Safety Center",
      "recorded_at": "2025-07-19T08:08:49.936Z"
    },
    {
      "center_id": "6091fcc3-3b14-430e-8d28-0907aa1db98d",
      "center_name": "Takelsa",
      "recorded_at": "2025-07-19T08:08:49.892Z"
    },
    {
      "center_id": "5897994c-3d0f-4bcf-9624-3103ddffdcf4",
      "center_name": "Monastir Beach Safety Center",
      "recorded_at": "2025-07-19T08:08:49.875Z"
    },
    {
      "center_id": "f350b731-2da6-4e3d-9a9d-5fa3c8c985ab",
      "center_name": "Djerba Beach Safety Center",
      "recorded_at": "2025-07-19T08:08:49.711Z"
    },
    {
      "center_id": "a1f85c07-8c14-4616-8199-a1c9c46d9b48",
      "center_name": "Tabarka Beach Safety Center",
      "recorded_at": "2025-07-19T08:08:49.687Z"
    },
    {
      "center_id": "5897994c-3d0f-4bcf-9624-3103ddffdcf4",
      "center_name": "Monastir Beach Safety Center",
      "recorded_at": "2025-07-19T08:08:49.639Z"
    },
    {
      "center_id": "6c847017-e5ab-4e48-b987-328d742f7562",
      "center_name": "Sounine",
      "recorded_at": "2025-07-19T08:08:49.637Z"
    },
    {
      "center_id": "efe6b507-ecd3-4eac-bd21-82cbe1125cc0",
      "center_name": "Hammamet Beach Safety Center",
      "recorded_at": "2025-07-19T08:08:49.623Z"
    },
    {
      "center_id": "a42d64f5-73d9-41cb-97c7-c020fd1fe520",
      "center_name": "Sousse Beach Safety Center",
      "recorded_at": "2025-07-19T08:08:49.594Z"
    },
    {
      "center_id": "2c140dc1-5fac-4efe-80e3-2ad63dea6b8f",
      "center_name": "maamoura",
      "recorded_at": "2025-07-19T08:08:49.532Z"
    },
    {
      "center_id": "a1f85c07-8c14-4616-8199-a1c9c46d9b48",
      "center_name": "Tabarka Beach Safety Center",
      "recorded_at": "2025-07-19T08:08:49.527Z"
    },
    {
      "center_id": "efe6b507-ecd3-4eac-bd21-82cbe1125cc0",
      "center_name": "Hammamet Beach Safety Center",
      "recorded_at": "2025-07-19T08:08:49.378Z"
    },
    {
      "center_id": "a42d64f5-73d9-41cb-97c7-c020fd1fe520",
      "center_name": "Sousse Beach Safety Center",
      "recorded_at": "2025-07-19T08:08:49.358Z"
    }
  ]
}
2025-07-19 09:25:21 [[32minfo[39m]: ::1 - - [19/Jul/2025:08:25:21 +0000] "GET /api/v1/public/weather/current HTTP/1.1" 304 - "http://localhost:3000/" "Mozilla/5.0 (X11; Linux x86_64) AppleWebKit/537.36 (KHTML, like Gecko) Chrome/138.0.0.0 Safari/537.36" {
  "service": "beach-safety-api"
}
2025-07-19 09:25:21 [[32minfo[39m]: ::1 - - [19/Jul/2025:08:25:21 +0000] "GET /api/v1/safety-zones/public HTTP/1.1" 304 - "http://localhost:3000/" "Mozilla/5.0 (X11; Linux x86_64) AppleWebKit/537.36 (KHTML, like Gecko) Chrome/138.0.0.0 Safari/537.36" {
  "service": "beach-safety-api"
}
2025-07-19 09:25:21 [[32minfo[39m]: ::1 - - [19/Jul/2025:08:25:21 +0000] "GET /api/v1/public/centers HTTP/1.1" 304 - "http://localhost:3000/" "Mozilla/5.0 (X11; Linux x86_64) AppleWebKit/537.36 (KHTML, like Gecko) Chrome/138.0.0.0 Safari/537.36" {
  "service": "beach-safety-api"
}
2025-07-19 09:25:21 [[32minfo[39m]: Connected to PostgreSQL database {
  "service": "beach-safety-api"
}
2025-07-19 09:25:21 [[32minfo[39m]: Connected to PostgreSQL database {
  "service": "beach-safety-api"
}
2025-07-19 09:25:21 [[32minfo[39m]: ::1 - - [19/Jul/2025:08:25:21 +0000] "GET /api/v1/public/safety/flags HTTP/1.1" 304 - "http://localhost:3000/" "Mozilla/5.0 (X11; Linux x86_64) AppleWebKit/537.36 (KHTML, like Gecko) Chrome/138.0.0.0 Safari/537.36" {
  "service": "beach-safety-api"
}
2025-07-19 09:25:21 [[32minfo[39m]: ::1 - - [19/Jul/2025:08:25:21 +0000] "GET /api/v1/public/lifeguards/counts HTTP/1.1" 304 - "http://localhost:3000/" "Mozilla/5.0 (X11; Linux x86_64) AppleWebKit/537.36 (KHTML, like Gecko) Chrome/138.0.0.0 Safari/537.36" {
  "service": "beach-safety-api"
}
2025-07-19 09:26:18 [[32minfo[39m]: Connected to PostgreSQL database {
  "service": "beach-safety-api"
}
2025-07-19 09:26:18 [[32minfo[39m]: Connected to PostgreSQL database {
  "service": "beach-safety-api"
}
2025-07-19 09:26:18 [[32minfo[39m]: Connected to PostgreSQL database {
  "service": "beach-safety-api"
}
2025-07-19 09:26:18 [[32minfo[39m]: Connected to PostgreSQL database {
  "service": "beach-safety-api"
}
2025-07-19 09:26:18 [[32minfo[39m]: Connected to PostgreSQL database {
  "service": "beach-safety-api"
}
2025-07-19 09:26:18 [[32minfo[39m]: ::1 - - [19/Jul/2025:08:26:18 +0000] "GET /api/v1/public/lifeguards/counts HTTP/1.1" 304 - "http://localhost:3000/" "Mozilla/5.0 (X11; Linux x86_64) AppleWebKit/537.36 (KHTML, like Gecko) Chrome/138.0.0.0 Safari/537.36" {
  "service": "beach-safety-api"
}
2025-07-19 09:26:18 [[32minfo[39m]: ::1 - - [19/Jul/2025:08:26:18 +0000] "GET /api/v1/public/safety/flags HTTP/1.1" 304 - "http://localhost:3000/" "Mozilla/5.0 (X11; Linux x86_64) AppleWebKit/537.36 (KHTML, like Gecko) Chrome/138.0.0.0 Safari/537.36" {
  "service": "beach-safety-api"
}
2025-07-19 09:26:18 [[32minfo[39m]: Public weather query result: {
  "service": "beach-safety-api",
  "totalRows": 68,
  "centers": [
    {
      "center_id": "a1f85c07-8c14-4616-8199-a1c9c46d9b48",
      "center_name": "Tabarka Beach Safety Center",
      "recorded_at": "2025-07-19T08:23:50.044Z"
    },
    {
      "center_id": "f350b731-2da6-4e3d-9a9d-5fa3c8c985ab",
      "center_name": "Djerba Beach Safety Center",
      "recorded_at": "2025-07-19T08:23:50.042Z"
    },
    {
      "center_id": "5897994c-3d0f-4bcf-9624-3103ddffdcf4",
      "center_name": "Monastir Beach Safety Center",
      "recorded_at": "2025-07-19T08:23:50.012Z"
    },
    {
      "center_id": "2c140dc1-5fac-4efe-80e3-2ad63dea6b8f",
      "center_name": "maamoura",
      "recorded_at": "2025-07-19T08:23:49.988Z"
    },
    {
      "center_id": "a42d64f5-73d9-41cb-97c7-c020fd1fe520",
      "center_name": "Sousse Beach Safety Center",
      "recorded_at": "2025-07-19T08:23:49.987Z"
    },
    {
      "center_id": "6c847017-e5ab-4e48-b987-328d742f7562",
      "center_name": "Sounine",
      "recorded_at": "2025-07-19T08:23:49.913Z"
    },
    {
      "center_id": "6c847017-e5ab-4e48-b987-328d742f7562",
      "center_name": "Sounine",
      "recorded_at": "2025-07-19T08:23:49.908Z"
    },
    {
      "center_id": "6091fcc3-3b14-430e-8d28-0907aa1db98d",
      "center_name": "Takelsa",
      "recorded_at": "2025-07-19T08:23:49.906Z"
    },
    {
      "center_id": "f350b731-2da6-4e3d-9a9d-5fa3c8c985ab",
      "center_name": "Djerba Beach Safety Center",
      "recorded_at": "2025-07-19T08:23:49.723Z"
    },
    {
      "center_id": "6091fcc3-3b14-430e-8d28-0907aa1db98d",
      "center_name": "Takelsa",
      "recorded_at": "2025-07-19T08:23:49.721Z"
    },
    {
      "center_id": "a1f85c07-8c14-4616-8199-a1c9c46d9b48",
      "center_name": "Tabarka Beach Safety Center",
      "recorded_at": "2025-07-19T08:23:49.657Z"
    },
    {
      "center_id": "5897994c-3d0f-4bcf-9624-3103ddffdcf4",
      "center_name": "Monastir Beach Safety Center",
      "recorded_at": "2025-07-19T08:23:49.635Z"
    },
    {
      "center_id": "2c140dc1-5fac-4efe-80e3-2ad63dea6b8f",
      "center_name": "maamoura",
      "recorded_at": "2025-07-19T08:23:49.571Z"
    },
    {
      "center_id": "a42d64f5-73d9-41cb-97c7-c020fd1fe520",
      "center_name": "Sousse Beach Safety Center",
      "recorded_at": "2025-07-19T08:23:49.563Z"
    },
    {
      "center_id": "efe6b507-ecd3-4eac-bd21-82cbe1125cc0",
      "center_name": "Hammamet Beach Safety Center",
      "recorded_at": "2025-07-19T08:23:49.399Z"
    },
    {
      "center_id": "efe6b507-ecd3-4eac-bd21-82cbe1125cc0",
      "center_name": "Hammamet Beach Safety Center",
      "recorded_at": "2025-07-19T08:23:49.374Z"
    },
    {
      "center_id": "2c140dc1-5fac-4efe-80e3-2ad63dea6b8f",
      "center_name": "maamoura",
      "recorded_at": "2025-07-19T08:22:29.353Z"
    },
    {
      "center_id": "2c140dc1-5fac-4efe-80e3-2ad63dea6b8f",
      "center_name": "maamoura",
      "recorded_at": "2025-07-19T08:22:29.351Z"
    },
    {
      "center_id": "2c140dc1-5fac-4efe-80e3-2ad63dea6b8f",
      "center_name": "maamoura",
      "recorded_at": "2025-07-19T08:14:09.197Z"
    },
    {
      "center_id": "2c140dc1-5fac-4efe-80e3-2ad63dea6b8f",
      "center_name": "maamoura",
      "recorded_at": "2025-07-19T08:14:09.196Z"
    },
    {
      "center_id": "2c140dc1-5fac-4efe-80e3-2ad63dea6b8f",
      "center_name": "maamoura",
      "recorded_at": "2025-07-19T08:13:57.619Z"
    },
    {
      "center_id": "2c140dc1-5fac-4efe-80e3-2ad63dea6b8f",
      "center_name": "maamoura",
      "recorded_at": "2025-07-19T08:13:57.616Z"
    },
    {
      "center_id": "2c140dc1-5fac-4efe-80e3-2ad63dea6b8f",
      "center_name": "maamoura",
      "recorded_at": "2025-07-19T08:13:57.342Z"
    },
    {
      "center_id": "2c140dc1-5fac-4efe-80e3-2ad63dea6b8f",
      "center_name": "maamoura",
      "recorded_at": "2025-07-19T08:13:57.341Z"
    },
    {
      "center_id": "2c140dc1-5fac-4efe-80e3-2ad63dea6b8f",
      "center_name": "maamoura",
      "recorded_at": "2025-07-19T08:13:57.241Z"
    },
    {
      "center_id": "2c140dc1-5fac-4efe-80e3-2ad63dea6b8f",
      "center_name": "maamoura",
      "recorded_at": "2025-07-19T08:13:57.194Z"
    },
    {
      "center_id": "2c140dc1-5fac-4efe-80e3-2ad63dea6b8f",
      "center_name": "maamoura",
      "recorded_at": "2025-07-19T08:13:01.018Z"
    },
    {
      "center_id": "2c140dc1-5fac-4efe-80e3-2ad63dea6b8f",
      "center_name": "maamoura",
      "recorded_at": "2025-07-19T08:13:01.016Z"
    },
    {
      "center_id": "2c140dc1-5fac-4efe-80e3-2ad63dea6b8f",
      "center_name": "maamoura",
      "recorded_at": "2025-07-19T08:13:00.688Z"
    },
    {
      "center_id": "2c140dc1-5fac-4efe-80e3-2ad63dea6b8f",
      "center_name": "maamoura",
      "recorded_at": "2025-07-19T08:13:00.687Z"
    },
    {
      "center_id": "2c140dc1-5fac-4efe-80e3-2ad63dea6b8f",
      "center_name": "maamoura",
      "recorded_at": "2025-07-19T08:13:00.511Z"
    },
    {
      "center_id": "2c140dc1-5fac-4efe-80e3-2ad63dea6b8f",
      "center_name": "maamoura",
      "recorded_at": "2025-07-19T08:13:00.509Z"
    },
    {
      "center_id": "efe6b507-ecd3-4eac-bd21-82cbe1125cc0",
      "center_name": "Hammamet Beach Safety Center",
      "recorded_at": "2025-07-19T08:12:41.343Z"
    },
    {
      "center_id": "efe6b507-ecd3-4eac-bd21-82cbe1125cc0",
      "center_name": "Hammamet Beach Safety Center",
      "recorded_at": "2025-07-19T08:12:41.341Z"
    },
    {
      "center_id": "efe6b507-ecd3-4eac-bd21-82cbe1125cc0",
      "center_name": "Hammamet Beach Safety Center",
      "recorded_at": "2025-07-19T08:12:33.106Z"
    },
    {
      "center_id": "efe6b507-ecd3-4eac-bd21-82cbe1125cc0",
      "center_name": "Hammamet Beach Safety Center",
      "recorded_at": "2025-07-19T08:12:33.105Z"
    },
    {
      "center_id": "efe6b507-ecd3-4eac-bd21-82cbe1125cc0",
      "center_name": "Hammamet Beach Safety Center",
      "recorded_at": "2025-07-19T08:11:24.227Z"
    },
    {
      "center_id": "efe6b507-ecd3-4eac-bd21-82cbe1125cc0",
      "center_name": "Hammamet Beach Safety Center",
      "recorded_at": "2025-07-19T08:11:24.195Z"
    },
    {
      "center_id": "efe6b507-ecd3-4eac-bd21-82cbe1125cc0",
      "center_name": "Hammamet Beach Safety Center",
      "recorded_at": "2025-07-19T08:11:23.864Z"
    },
    {
      "center_id": "efe6b507-ecd3-4eac-bd21-82cbe1125cc0",
      "center_name": "Hammamet Beach Safety Center",
      "recorded_at": "2025-07-19T08:11:23.863Z"
    },
    {
      "center_id": "efe6b507-ecd3-4eac-bd21-82cbe1125cc0",
      "center_name": "Hammamet Beach Safety Center",
      "recorded_at": "2025-07-19T08:11:23.731Z"
    },
    {
      "center_id": "efe6b507-ecd3-4eac-bd21-82cbe1125cc0",
      "center_name": "Hammamet Beach Safety Center",
      "recorded_at": "2025-07-19T08:11:23.729Z"
    },
    {
      "center_id": "efe6b507-ecd3-4eac-bd21-82cbe1125cc0",
      "center_name": "Hammamet Beach Safety Center",
      "recorded_at": "2025-07-19T08:10:55.310Z"
    },
    {
      "center_id": "efe6b507-ecd3-4eac-bd21-82cbe1125cc0",
      "center_name": "Hammamet Beach Safety Center",
      "recorded_at": "2025-07-19T08:10:55.307Z"
    },
    {
      "center_id": "efe6b507-ecd3-4eac-bd21-82cbe1125cc0",
      "center_name": "Hammamet Beach Safety Center",
      "recorded_at": "2025-07-19T08:10:54.959Z"
    },
    {
      "center_id": "efe6b507-ecd3-4eac-bd21-82cbe1125cc0",
      "center_name": "Hammamet Beach Safety Center",
      "recorded_at": "2025-07-19T08:10:54.957Z"
    },
    {
      "center_id": "efe6b507-ecd3-4eac-bd21-82cbe1125cc0",
      "center_name": "Hammamet Beach Safety Center",
      "recorded_at": "2025-07-19T08:10:54.687Z"
    },
    {
      "center_id": "efe6b507-ecd3-4eac-bd21-82cbe1125cc0",
      "center_name": "Hammamet Beach Safety Center",
      "recorded_at": "2025-07-19T08:10:54.684Z"
    },
    {
      "center_id": "efe6b507-ecd3-4eac-bd21-82cbe1125cc0",
      "center_name": "Hammamet Beach Safety Center",
      "recorded_at": "2025-07-19T08:10:07.794Z"
    },
    {
      "center_id": "efe6b507-ecd3-4eac-bd21-82cbe1125cc0",
      "center_name": "Hammamet Beach Safety Center",
      "recorded_at": "2025-07-19T08:10:07.792Z"
    },
    {
      "center_id": "5897994c-3d0f-4bcf-9624-3103ddffdcf4",
      "center_name": "Monastir Beach Safety Center",
      "recorded_at": "2025-07-19T08:09:51.715Z"
    },
    {
      "center_id": "5897994c-3d0f-4bcf-9624-3103ddffdcf4",
      "center_name": "Monastir Beach Safety Center",
      "recorded_at": "2025-07-19T08:09:51.650Z"
    },
    {
      "center_id": "2c140dc1-5fac-4efe-80e3-2ad63dea6b8f",
      "center_name": "maamoura",
      "recorded_at": "2025-07-19T08:08:50.011Z"
    },
    {
      "center_id": "6091fcc3-3b14-430e-8d28-0907aa1db98d",
      "center_name": "Takelsa",
      "recorded_at": "2025-07-19T08:08:50.010Z"
    },
    {
      "center_id": "6c847017-e5ab-4e48-b987-328d742f7562",
      "center_name": "Sounine",
      "recorded_at": "2025-07-19T08:08:49.953Z"
    },
    {
      "center_id": "f350b731-2da6-4e3d-9a9d-5fa3c8c985ab",
      "center_name": "Djerba Beach Safety Center",
      "recorded_at": "2025-07-19T08:08:49.936Z"
    },
    {
      "center_id": "6091fcc3-3b14-430e-8d28-0907aa1db98d",
      "center_name": "Takelsa",
      "recorded_at": "2025-07-19T08:08:49.892Z"
    },
    {
      "center_id": "5897994c-3d0f-4bcf-9624-3103ddffdcf4",
      "center_name": "Monastir Beach Safety Center",
      "recorded_at": "2025-07-19T08:08:49.875Z"
    },
    {
      "center_id": "f350b731-2da6-4e3d-9a9d-5fa3c8c985ab",
      "center_name": "Djerba Beach Safety Center",
      "recorded_at": "2025-07-19T08:08:49.711Z"
    },
    {
      "center_id": "a1f85c07-8c14-4616-8199-a1c9c46d9b48",
      "center_name": "Tabarka Beach Safety Center",
      "recorded_at": "2025-07-19T08:08:49.687Z"
    },
    {
      "center_id": "5897994c-3d0f-4bcf-9624-3103ddffdcf4",
      "center_name": "Monastir Beach Safety Center",
      "recorded_at": "2025-07-19T08:08:49.639Z"
    },
    {
      "center_id": "6c847017-e5ab-4e48-b987-328d742f7562",
      "center_name": "Sounine",
      "recorded_at": "2025-07-19T08:08:49.637Z"
    },
    {
      "center_id": "efe6b507-ecd3-4eac-bd21-82cbe1125cc0",
      "center_name": "Hammamet Beach Safety Center",
      "recorded_at": "2025-07-19T08:08:49.623Z"
    },
    {
      "center_id": "a42d64f5-73d9-41cb-97c7-c020fd1fe520",
      "center_name": "Sousse Beach Safety Center",
      "recorded_at": "2025-07-19T08:08:49.594Z"
    },
    {
      "center_id": "2c140dc1-5fac-4efe-80e3-2ad63dea6b8f",
      "center_name": "maamoura",
      "recorded_at": "2025-07-19T08:08:49.532Z"
    },
    {
      "center_id": "a1f85c07-8c14-4616-8199-a1c9c46d9b48",
      "center_name": "Tabarka Beach Safety Center",
      "recorded_at": "2025-07-19T08:08:49.527Z"
    },
    {
      "center_id": "efe6b507-ecd3-4eac-bd21-82cbe1125cc0",
      "center_name": "Hammamet Beach Safety Center",
      "recorded_at": "2025-07-19T08:08:49.378Z"
    },
    {
      "center_id": "a42d64f5-73d9-41cb-97c7-c020fd1fe520",
      "center_name": "Sousse Beach Safety Center",
      "recorded_at": "2025-07-19T08:08:49.358Z"
    }
  ]
}
2025-07-19 09:26:18 [[32minfo[39m]: ::1 - - [19/Jul/2025:08:26:18 +0000] "GET /api/v1/public/weather/current HTTP/1.1" 304 - "http://localhost:3000/" "Mozilla/5.0 (X11; Linux x86_64) AppleWebKit/537.36 (KHTML, like Gecko) Chrome/138.0.0.0 Safari/537.36" {
  "service": "beach-safety-api"
}
2025-07-19 09:26:18 [[32minfo[39m]: ::1 - - [19/Jul/2025:08:26:18 +0000] "GET /api/v1/public/centers HTTP/1.1" 304 - "http://localhost:3000/" "Mozilla/5.0 (X11; Linux x86_64) AppleWebKit/537.36 (KHTML, like Gecko) Chrome/138.0.0.0 Safari/537.36" {
  "service": "beach-safety-api"
}
2025-07-19 09:26:18 [[32minfo[39m]: ::1 - - [19/Jul/2025:08:26:18 +0000] "GET /api/v1/safety-zones/public HTTP/1.1" 304 - "http://localhost:3000/" "Mozilla/5.0 (X11; Linux x86_64) AppleWebKit/537.36 (KHTML, like Gecko) Chrome/138.0.0.0 Safari/537.36" {
  "service": "beach-safety-api"
}
2025-07-19 09:27:10 [[32minfo[39m]: Connected to PostgreSQL database {
  "service": "beach-safety-api"
}
2025-07-19 09:27:10 [[32minfo[39m]: Connected to PostgreSQL database {
  "service": "beach-safety-api"
}
2025-07-19 09:27:10 [[32minfo[39m]: Connected to PostgreSQL database {
  "service": "beach-safety-api"
}
2025-07-19 09:27:10 [[32minfo[39m]: Connected to PostgreSQL database {
  "service": "beach-safety-api"
}
2025-07-19 09:27:10 [[32minfo[39m]: Connected to PostgreSQL database {
  "service": "beach-safety-api"
}
2025-07-19 09:27:10 [[32minfo[39m]: ::1 - - [19/Jul/2025:08:27:10 +0000] "GET /api/v1/public/safety/flags HTTP/1.1" 304 - "http://localhost:3000/" "Mozilla/5.0 (X11; Linux x86_64) AppleWebKit/537.36 (KHTML, like Gecko) Chrome/138.0.0.0 Safari/537.36" {
  "service": "beach-safety-api"
}
2025-07-19 09:27:10 [[32minfo[39m]: ::1 - - [19/Jul/2025:08:27:10 +0000] "GET /api/v1/public/lifeguards/counts HTTP/1.1" 304 - "http://localhost:3000/" "Mozilla/5.0 (X11; Linux x86_64) AppleWebKit/537.36 (KHTML, like Gecko) Chrome/138.0.0.0 Safari/537.36" {
  "service": "beach-safety-api"
}
2025-07-19 09:27:10 [[32minfo[39m]: Public weather query result: {
  "service": "beach-safety-api",
  "totalRows": 68,
  "centers": [
    {
      "center_id": "a1f85c07-8c14-4616-8199-a1c9c46d9b48",
      "center_name": "Tabarka Beach Safety Center",
      "recorded_at": "2025-07-19T08:23:50.044Z"
    },
    {
      "center_id": "f350b731-2da6-4e3d-9a9d-5fa3c8c985ab",
      "center_name": "Djerba Beach Safety Center",
      "recorded_at": "2025-07-19T08:23:50.042Z"
    },
    {
      "center_id": "5897994c-3d0f-4bcf-9624-3103ddffdcf4",
      "center_name": "Monastir Beach Safety Center",
      "recorded_at": "2025-07-19T08:23:50.012Z"
    },
    {
      "center_id": "2c140dc1-5fac-4efe-80e3-2ad63dea6b8f",
      "center_name": "maamoura",
      "recorded_at": "2025-07-19T08:23:49.988Z"
    },
    {
      "center_id": "a42d64f5-73d9-41cb-97c7-c020fd1fe520",
      "center_name": "Sousse Beach Safety Center",
      "recorded_at": "2025-07-19T08:23:49.987Z"
    },
    {
      "center_id": "6c847017-e5ab-4e48-b987-328d742f7562",
      "center_name": "Sounine",
      "recorded_at": "2025-07-19T08:23:49.913Z"
    },
    {
      "center_id": "6c847017-e5ab-4e48-b987-328d742f7562",
      "center_name": "Sounine",
      "recorded_at": "2025-07-19T08:23:49.908Z"
    },
    {
      "center_id": "6091fcc3-3b14-430e-8d28-0907aa1db98d",
      "center_name": "Takelsa",
      "recorded_at": "2025-07-19T08:23:49.906Z"
    },
    {
      "center_id": "f350b731-2da6-4e3d-9a9d-5fa3c8c985ab",
      "center_name": "Djerba Beach Safety Center",
      "recorded_at": "2025-07-19T08:23:49.723Z"
    },
    {
      "center_id": "6091fcc3-3b14-430e-8d28-0907aa1db98d",
      "center_name": "Takelsa",
      "recorded_at": "2025-07-19T08:23:49.721Z"
    },
    {
      "center_id": "a1f85c07-8c14-4616-8199-a1c9c46d9b48",
      "center_name": "Tabarka Beach Safety Center",
      "recorded_at": "2025-07-19T08:23:49.657Z"
    },
    {
      "center_id": "5897994c-3d0f-4bcf-9624-3103ddffdcf4",
      "center_name": "Monastir Beach Safety Center",
      "recorded_at": "2025-07-19T08:23:49.635Z"
    },
    {
      "center_id": "2c140dc1-5fac-4efe-80e3-2ad63dea6b8f",
      "center_name": "maamoura",
      "recorded_at": "2025-07-19T08:23:49.571Z"
    },
    {
      "center_id": "a42d64f5-73d9-41cb-97c7-c020fd1fe520",
      "center_name": "Sousse Beach Safety Center",
      "recorded_at": "2025-07-19T08:23:49.563Z"
    },
    {
      "center_id": "efe6b507-ecd3-4eac-bd21-82cbe1125cc0",
      "center_name": "Hammamet Beach Safety Center",
      "recorded_at": "2025-07-19T08:23:49.399Z"
    },
    {
      "center_id": "efe6b507-ecd3-4eac-bd21-82cbe1125cc0",
      "center_name": "Hammamet Beach Safety Center",
      "recorded_at": "2025-07-19T08:23:49.374Z"
    },
    {
      "center_id": "2c140dc1-5fac-4efe-80e3-2ad63dea6b8f",
      "center_name": "maamoura",
      "recorded_at": "2025-07-19T08:22:29.353Z"
    },
    {
      "center_id": "2c140dc1-5fac-4efe-80e3-2ad63dea6b8f",
      "center_name": "maamoura",
      "recorded_at": "2025-07-19T08:22:29.351Z"
    },
    {
      "center_id": "2c140dc1-5fac-4efe-80e3-2ad63dea6b8f",
      "center_name": "maamoura",
      "recorded_at": "2025-07-19T08:14:09.197Z"
    },
    {
      "center_id": "2c140dc1-5fac-4efe-80e3-2ad63dea6b8f",
      "center_name": "maamoura",
      "recorded_at": "2025-07-19T08:14:09.196Z"
    },
    {
      "center_id": "2c140dc1-5fac-4efe-80e3-2ad63dea6b8f",
      "center_name": "maamoura",
      "recorded_at": "2025-07-19T08:13:57.619Z"
    },
    {
      "center_id": "2c140dc1-5fac-4efe-80e3-2ad63dea6b8f",
      "center_name": "maamoura",
      "recorded_at": "2025-07-19T08:13:57.616Z"
    },
    {
      "center_id": "2c140dc1-5fac-4efe-80e3-2ad63dea6b8f",
      "center_name": "maamoura",
      "recorded_at": "2025-07-19T08:13:57.342Z"
    },
    {
      "center_id": "2c140dc1-5fac-4efe-80e3-2ad63dea6b8f",
      "center_name": "maamoura",
      "recorded_at": "2025-07-19T08:13:57.341Z"
    },
    {
      "center_id": "2c140dc1-5fac-4efe-80e3-2ad63dea6b8f",
      "center_name": "maamoura",
      "recorded_at": "2025-07-19T08:13:57.241Z"
    },
    {
      "center_id": "2c140dc1-5fac-4efe-80e3-2ad63dea6b8f",
      "center_name": "maamoura",
      "recorded_at": "2025-07-19T08:13:57.194Z"
    },
    {
      "center_id": "2c140dc1-5fac-4efe-80e3-2ad63dea6b8f",
      "center_name": "maamoura",
      "recorded_at": "2025-07-19T08:13:01.018Z"
    },
    {
      "center_id": "2c140dc1-5fac-4efe-80e3-2ad63dea6b8f",
      "center_name": "maamoura",
      "recorded_at": "2025-07-19T08:13:01.016Z"
    },
    {
      "center_id": "2c140dc1-5fac-4efe-80e3-2ad63dea6b8f",
      "center_name": "maamoura",
      "recorded_at": "2025-07-19T08:13:00.688Z"
    },
    {
      "center_id": "2c140dc1-5fac-4efe-80e3-2ad63dea6b8f",
      "center_name": "maamoura",
      "recorded_at": "2025-07-19T08:13:00.687Z"
    },
    {
      "center_id": "2c140dc1-5fac-4efe-80e3-2ad63dea6b8f",
      "center_name": "maamoura",
      "recorded_at": "2025-07-19T08:13:00.511Z"
    },
    {
      "center_id": "2c140dc1-5fac-4efe-80e3-2ad63dea6b8f",
      "center_name": "maamoura",
      "recorded_at": "2025-07-19T08:13:00.509Z"
    },
    {
      "center_id": "efe6b507-ecd3-4eac-bd21-82cbe1125cc0",
      "center_name": "Hammamet Beach Safety Center",
      "recorded_at": "2025-07-19T08:12:41.343Z"
    },
    {
      "center_id": "efe6b507-ecd3-4eac-bd21-82cbe1125cc0",
      "center_name": "Hammamet Beach Safety Center",
      "recorded_at": "2025-07-19T08:12:41.341Z"
    },
    {
      "center_id": "efe6b507-ecd3-4eac-bd21-82cbe1125cc0",
      "center_name": "Hammamet Beach Safety Center",
      "recorded_at": "2025-07-19T08:12:33.106Z"
    },
    {
      "center_id": "efe6b507-ecd3-4eac-bd21-82cbe1125cc0",
      "center_name": "Hammamet Beach Safety Center",
      "recorded_at": "2025-07-19T08:12:33.105Z"
    },
    {
      "center_id": "efe6b507-ecd3-4eac-bd21-82cbe1125cc0",
      "center_name": "Hammamet Beach Safety Center",
      "recorded_at": "2025-07-19T08:11:24.227Z"
    },
    {
      "center_id": "efe6b507-ecd3-4eac-bd21-82cbe1125cc0",
      "center_name": "Hammamet Beach Safety Center",
      "recorded_at": "2025-07-19T08:11:24.195Z"
    },
    {
      "center_id": "efe6b507-ecd3-4eac-bd21-82cbe1125cc0",
      "center_name": "Hammamet Beach Safety Center",
      "recorded_at": "2025-07-19T08:11:23.864Z"
    },
    {
      "center_id": "efe6b507-ecd3-4eac-bd21-82cbe1125cc0",
      "center_name": "Hammamet Beach Safety Center",
      "recorded_at": "2025-07-19T08:11:23.863Z"
    },
    {
      "center_id": "efe6b507-ecd3-4eac-bd21-82cbe1125cc0",
      "center_name": "Hammamet Beach Safety Center",
      "recorded_at": "2025-07-19T08:11:23.731Z"
    },
    {
      "center_id": "efe6b507-ecd3-4eac-bd21-82cbe1125cc0",
      "center_name": "Hammamet Beach Safety Center",
      "recorded_at": "2025-07-19T08:11:23.729Z"
    },
    {
      "center_id": "efe6b507-ecd3-4eac-bd21-82cbe1125cc0",
      "center_name": "Hammamet Beach Safety Center",
      "recorded_at": "2025-07-19T08:10:55.310Z"
    },
    {
      "center_id": "efe6b507-ecd3-4eac-bd21-82cbe1125cc0",
      "center_name": "Hammamet Beach Safety Center",
      "recorded_at": "2025-07-19T08:10:55.307Z"
    },
    {
      "center_id": "efe6b507-ecd3-4eac-bd21-82cbe1125cc0",
      "center_name": "Hammamet Beach Safety Center",
      "recorded_at": "2025-07-19T08:10:54.959Z"
    },
    {
      "center_id": "efe6b507-ecd3-4eac-bd21-82cbe1125cc0",
      "center_name": "Hammamet Beach Safety Center",
      "recorded_at": "2025-07-19T08:10:54.957Z"
    },
    {
      "center_id": "efe6b507-ecd3-4eac-bd21-82cbe1125cc0",
      "center_name": "Hammamet Beach Safety Center",
      "recorded_at": "2025-07-19T08:10:54.687Z"
    },
    {
      "center_id": "efe6b507-ecd3-4eac-bd21-82cbe1125cc0",
      "center_name": "Hammamet Beach Safety Center",
      "recorded_at": "2025-07-19T08:10:54.684Z"
    },
    {
      "center_id": "efe6b507-ecd3-4eac-bd21-82cbe1125cc0",
      "center_name": "Hammamet Beach Safety Center",
      "recorded_at": "2025-07-19T08:10:07.794Z"
    },
    {
      "center_id": "efe6b507-ecd3-4eac-bd21-82cbe1125cc0",
      "center_name": "Hammamet Beach Safety Center",
      "recorded_at": "2025-07-19T08:10:07.792Z"
    },
    {
      "center_id": "5897994c-3d0f-4bcf-9624-3103ddffdcf4",
      "center_name": "Monastir Beach Safety Center",
      "recorded_at": "2025-07-19T08:09:51.715Z"
    },
    {
      "center_id": "5897994c-3d0f-4bcf-9624-3103ddffdcf4",
      "center_name": "Monastir Beach Safety Center",
      "recorded_at": "2025-07-19T08:09:51.650Z"
    },
    {
      "center_id": "2c140dc1-5fac-4efe-80e3-2ad63dea6b8f",
      "center_name": "maamoura",
      "recorded_at": "2025-07-19T08:08:50.011Z"
    },
    {
      "center_id": "6091fcc3-3b14-430e-8d28-0907aa1db98d",
      "center_name": "Takelsa",
      "recorded_at": "2025-07-19T08:08:50.010Z"
    },
    {
      "center_id": "6c847017-e5ab-4e48-b987-328d742f7562",
      "center_name": "Sounine",
      "recorded_at": "2025-07-19T08:08:49.953Z"
    },
    {
      "center_id": "f350b731-2da6-4e3d-9a9d-5fa3c8c985ab",
      "center_name": "Djerba Beach Safety Center",
      "recorded_at": "2025-07-19T08:08:49.936Z"
    },
    {
      "center_id": "6091fcc3-3b14-430e-8d28-0907aa1db98d",
      "center_name": "Takelsa",
      "recorded_at": "2025-07-19T08:08:49.892Z"
    },
    {
      "center_id": "5897994c-3d0f-4bcf-9624-3103ddffdcf4",
      "center_name": "Monastir Beach Safety Center",
      "recorded_at": "2025-07-19T08:08:49.875Z"
    },
    {
      "center_id": "f350b731-2da6-4e3d-9a9d-5fa3c8c985ab",
      "center_name": "Djerba Beach Safety Center",
      "recorded_at": "2025-07-19T08:08:49.711Z"
    },
    {
      "center_id": "a1f85c07-8c14-4616-8199-a1c9c46d9b48",
      "center_name": "Tabarka Beach Safety Center",
      "recorded_at": "2025-07-19T08:08:49.687Z"
    },
    {
      "center_id": "5897994c-3d0f-4bcf-9624-3103ddffdcf4",
      "center_name": "Monastir Beach Safety Center",
      "recorded_at": "2025-07-19T08:08:49.639Z"
    },
    {
      "center_id": "6c847017-e5ab-4e48-b987-328d742f7562",
      "center_name": "Sounine",
      "recorded_at": "2025-07-19T08:08:49.637Z"
    },
    {
      "center_id": "efe6b507-ecd3-4eac-bd21-82cbe1125cc0",
      "center_name": "Hammamet Beach Safety Center",
      "recorded_at": "2025-07-19T08:08:49.623Z"
    },
    {
      "center_id": "a42d64f5-73d9-41cb-97c7-c020fd1fe520",
      "center_name": "Sousse Beach Safety Center",
      "recorded_at": "2025-07-19T08:08:49.594Z"
    },
    {
      "center_id": "2c140dc1-5fac-4efe-80e3-2ad63dea6b8f",
      "center_name": "maamoura",
      "recorded_at": "2025-07-19T08:08:49.532Z"
    },
    {
      "center_id": "a1f85c07-8c14-4616-8199-a1c9c46d9b48",
      "center_name": "Tabarka Beach Safety Center",
      "recorded_at": "2025-07-19T08:08:49.527Z"
    },
    {
      "center_id": "efe6b507-ecd3-4eac-bd21-82cbe1125cc0",
      "center_name": "Hammamet Beach Safety Center",
      "recorded_at": "2025-07-19T08:08:49.378Z"
    },
    {
      "center_id": "a42d64f5-73d9-41cb-97c7-c020fd1fe520",
      "center_name": "Sousse Beach Safety Center",
      "recorded_at": "2025-07-19T08:08:49.358Z"
    }
  ]
}
2025-07-19 09:27:10 [[32minfo[39m]: ::1 - - [19/Jul/2025:08:27:10 +0000] "GET /api/v1/public/weather/current HTTP/1.1" 304 - "http://localhost:3000/" "Mozilla/5.0 (X11; Linux x86_64) AppleWebKit/537.36 (KHTML, like Gecko) Chrome/138.0.0.0 Safari/537.36" {
  "service": "beach-safety-api"
}
2025-07-19 09:27:10 [[32minfo[39m]: ::1 - - [19/Jul/2025:08:27:10 +0000] "GET /api/v1/safety-zones/public HTTP/1.1" 304 - "http://localhost:3000/" "Mozilla/5.0 (X11; Linux x86_64) AppleWebKit/537.36 (KHTML, like Gecko) Chrome/138.0.0.0 Safari/537.36" {
  "service": "beach-safety-api"
}
2025-07-19 09:27:10 [[32minfo[39m]: ::1 - - [19/Jul/2025:08:27:10 +0000] "GET /api/v1/public/centers HTTP/1.1" 304 - "http://localhost:3000/" "Mozilla/5.0 (X11; Linux x86_64) AppleWebKit/537.36 (KHTML, like Gecko) Chrome/138.0.0.0 Safari/537.36" {
  "service": "beach-safety-api"
}
2025-07-19 09:28:17 [[32minfo[39m]: Client disconnected {
  "service": "beach-safety-api",
  "socketId": "4MuL-qJBNVvDp7A0AAAJ"
}
2025-07-19 09:28:17 [[32minfo[39m]: Client disconnected {
  "service": "beach-safety-api",
  "socketId": "WLMKrK7CpMmj0jpYAAAC"
}
2025-07-19 09:28:17 [[32minfo[39m]: Client disconnected {
  "service": "beach-safety-api",
  "socketId": "rpaXPm90IdHyvO3IAAAU"
}
2025-07-19 09:28:17 [[32minfo[39m]: Client disconnected {
  "service": "beach-safety-api",
  "socketId": "Rj4xuS-sp9S9PEQ1AAAi"
}
2025-07-19 09:28:17 [[32minfo[39m]: Client disconnected {
  "service": "beach-safety-api",
  "socketId": "TbQGsDjQmSY-oeHlAAAm"
}
2025-07-19 09:28:19 [[32minfo[39m]: Connected to PostgreSQL database {
  "service": "beach-safety-api"
}
2025-07-19 09:28:19 [[32minfo[39m]: ::ffff:127.0.0.1 - - [19/Jul/2025:08:28:19 +0000] "GET /api/v1/auth/me HTTP/1.1" 200 575 "http://localhost:3000/" "Mozilla/5.0 (X11; Ubuntu; Linux x86_64; rv:136.0) Gecko/20100101 Firefox/136.0" {
  "service": "beach-safety-api"
}
2025-07-19 09:28:19 [[32minfo[39m]: ::ffff:127.0.0.1 - - [19/Jul/2025:08:28:19 +0000] "GET /api/v1/auth/me HTTP/1.1" 200 575 "http://localhost:3000/" "Mozilla/5.0 (X11; Ubuntu; Linux x86_64; rv:136.0) Gecko/20100101 Firefox/136.0" {
  "service": "beach-safety-api"
}
2025-07-19 09:28:19 [[32minfo[39m]: ::ffff:127.0.0.1 - - [19/Jul/2025:08:28:19 +0000] "GET /api/v1/alerts HTTP/1.1" 200 4925 "http://localhost:3000/" "Mozilla/5.0 (X11; Ubuntu; Linux x86_64; rv:136.0) Gecko/20100101 Firefox/136.0" {
  "service": "beach-safety-api"
}
2025-07-19 09:28:19 [[32minfo[39m]: Connected to PostgreSQL database {
  "service": "beach-safety-api"
}
2025-07-19 09:28:19 [[32minfo[39m]: ::ffff:127.0.0.1 - - [19/Jul/2025:08:28:19 +0000] "GET /api/v1/alerts HTTP/1.1" 304 - "http://localhost:3000/" "Mozilla/5.0 (X11; Ubuntu; Linux x86_64; rv:136.0) Gecko/20100101 Firefox/136.0" {
  "service": "beach-safety-api"
}
2025-07-19 09:28:19 [[32minfo[39m]: Client connected {
  "service": "beach-safety-api",
  "socketId": "MN94Q9I2vMeukG55AAAs"
}
2025-07-19 09:28:19 [[32minfo[39m]: Client joined center room {
  "service": "beach-safety-api",
  "socketId": "MN94Q9I2vMeukG55AAAs",
  "centerId": "2c140dc1-5fac-4efe-80e3-2ad63dea6b8f"
}
2025-07-19 09:28:19 [[32minfo[39m]: Client connected {
  "service": "beach-safety-api",
  "socketId": "1bqxDsjdv0OZ7IRrAAAv"
}
2025-07-19 09:28:19 [[32minfo[39m]: Client connected {
  "service": "beach-safety-api",
  "socketId": "Gh8ilRHYFfSO7BnfAAAw"
}
2025-07-19 09:28:19 [[32minfo[39m]: Client joined center room {
  "service": "beach-safety-api",
  "socketId": "1bqxDsjdv0OZ7IRrAAAv",
  "centerId": "2c140dc1-5fac-4efe-80e3-2ad63dea6b8f"
}
2025-07-19 09:28:23 [[32minfo[39m]: User logged out {
  "service": "beach-safety-api",
  "userId": "ab620add-57d5-447e-a2a4-6f661146545b"
}
2025-07-19 09:28:23 [[32minfo[39m]: ::ffff:127.0.0.1 - - [19/Jul/2025:08:28:23 +0000] "POST /api/v1/auth/logout HTTP/1.1" 200 52 "http://localhost:3000/" "Mozilla/5.0 (X11; Ubuntu; Linux x86_64; rv:136.0) Gecko/20100101 Firefox/136.0" {
  "service": "beach-safety-api"
}
2025-07-19 09:28:23 [[32minfo[39m]: Client disconnected {
  "service": "beach-safety-api",
  "socketId": "1bqxDsjdv0OZ7IRrAAAv"
}
2025-07-19 09:28:23 [[32minfo[39m]: Client disconnected {
  "service": "beach-safety-api",
  "socketId": "Gh8ilRHYFfSO7BnfAAAw"
}
2025-07-19 09:28:29 [[32minfo[39m]: ::1 - - [19/Jul/2025:08:28:29 +0000] "GET /api/v1/public/centers HTTP/1.1" 304 - "http://localhost:3000/" "Mozilla/5.0 (X11; Linux x86_64) AppleWebKit/537.36 (KHTML, like Gecko) Chrome/138.0.0.0 Safari/537.36" {
  "service": "beach-safety-api"
}
2025-07-19 09:28:29 [[32minfo[39m]: Public weather query result: {
  "service": "beach-safety-api",
  "totalRows": 68,
  "centers": [
    {
      "center_id": "a1f85c07-8c14-4616-8199-a1c9c46d9b48",
      "center_name": "Tabarka Beach Safety Center",
      "recorded_at": "2025-07-19T08:23:50.044Z"
    },
    {
      "center_id": "f350b731-2da6-4e3d-9a9d-5fa3c8c985ab",
      "center_name": "Djerba Beach Safety Center",
      "recorded_at": "2025-07-19T08:23:50.042Z"
    },
    {
      "center_id": "5897994c-3d0f-4bcf-9624-3103ddffdcf4",
      "center_name": "Monastir Beach Safety Center",
      "recorded_at": "2025-07-19T08:23:50.012Z"
    },
    {
      "center_id": "2c140dc1-5fac-4efe-80e3-2ad63dea6b8f",
      "center_name": "maamoura",
      "recorded_at": "2025-07-19T08:23:49.988Z"
    },
    {
      "center_id": "a42d64f5-73d9-41cb-97c7-c020fd1fe520",
      "center_name": "Sousse Beach Safety Center",
      "recorded_at": "2025-07-19T08:23:49.987Z"
    },
    {
      "center_id": "6c847017-e5ab-4e48-b987-328d742f7562",
      "center_name": "Sounine",
      "recorded_at": "2025-07-19T08:23:49.913Z"
    },
    {
      "center_id": "6c847017-e5ab-4e48-b987-328d742f7562",
      "center_name": "Sounine",
      "recorded_at": "2025-07-19T08:23:49.908Z"
    },
    {
      "center_id": "6091fcc3-3b14-430e-8d28-0907aa1db98d",
      "center_name": "Takelsa",
      "recorded_at": "2025-07-19T08:23:49.906Z"
    },
    {
      "center_id": "f350b731-2da6-4e3d-9a9d-5fa3c8c985ab",
      "center_name": "Djerba Beach Safety Center",
      "recorded_at": "2025-07-19T08:23:49.723Z"
    },
    {
      "center_id": "6091fcc3-3b14-430e-8d28-0907aa1db98d",
      "center_name": "Takelsa",
      "recorded_at": "2025-07-19T08:23:49.721Z"
    },
    {
      "center_id": "a1f85c07-8c14-4616-8199-a1c9c46d9b48",
      "center_name": "Tabarka Beach Safety Center",
      "recorded_at": "2025-07-19T08:23:49.657Z"
    },
    {
      "center_id": "5897994c-3d0f-4bcf-9624-3103ddffdcf4",
      "center_name": "Monastir Beach Safety Center",
      "recorded_at": "2025-07-19T08:23:49.635Z"
    },
    {
      "center_id": "2c140dc1-5fac-4efe-80e3-2ad63dea6b8f",
      "center_name": "maamoura",
      "recorded_at": "2025-07-19T08:23:49.571Z"
    },
    {
      "center_id": "a42d64f5-73d9-41cb-97c7-c020fd1fe520",
      "center_name": "Sousse Beach Safety Center",
      "recorded_at": "2025-07-19T08:23:49.563Z"
    },
    {
      "center_id": "efe6b507-ecd3-4eac-bd21-82cbe1125cc0",
      "center_name": "Hammamet Beach Safety Center",
      "recorded_at": "2025-07-19T08:23:49.399Z"
    },
    {
      "center_id": "efe6b507-ecd3-4eac-bd21-82cbe1125cc0",
      "center_name": "Hammamet Beach Safety Center",
      "recorded_at": "2025-07-19T08:23:49.374Z"
    },
    {
      "center_id": "2c140dc1-5fac-4efe-80e3-2ad63dea6b8f",
      "center_name": "maamoura",
      "recorded_at": "2025-07-19T08:22:29.353Z"
    },
    {
      "center_id": "2c140dc1-5fac-4efe-80e3-2ad63dea6b8f",
      "center_name": "maamoura",
      "recorded_at": "2025-07-19T08:22:29.351Z"
    },
    {
      "center_id": "2c140dc1-5fac-4efe-80e3-2ad63dea6b8f",
      "center_name": "maamoura",
      "recorded_at": "2025-07-19T08:14:09.197Z"
    },
    {
      "center_id": "2c140dc1-5fac-4efe-80e3-2ad63dea6b8f",
      "center_name": "maamoura",
      "recorded_at": "2025-07-19T08:14:09.196Z"
    },
    {
      "center_id": "2c140dc1-5fac-4efe-80e3-2ad63dea6b8f",
      "center_name": "maamoura",
      "recorded_at": "2025-07-19T08:13:57.619Z"
    },
    {
      "center_id": "2c140dc1-5fac-4efe-80e3-2ad63dea6b8f",
      "center_name": "maamoura",
      "recorded_at": "2025-07-19T08:13:57.616Z"
    },
    {
      "center_id": "2c140dc1-5fac-4efe-80e3-2ad63dea6b8f",
      "center_name": "maamoura",
      "recorded_at": "2025-07-19T08:13:57.342Z"
    },
    {
      "center_id": "2c140dc1-5fac-4efe-80e3-2ad63dea6b8f",
      "center_name": "maamoura",
      "recorded_at": "2025-07-19T08:13:57.341Z"
    },
    {
      "center_id": "2c140dc1-5fac-4efe-80e3-2ad63dea6b8f",
      "center_name": "maamoura",
      "recorded_at": "2025-07-19T08:13:57.241Z"
    },
    {
      "center_id": "2c140dc1-5fac-4efe-80e3-2ad63dea6b8f",
      "center_name": "maamoura",
      "recorded_at": "2025-07-19T08:13:57.194Z"
    },
    {
      "center_id": "2c140dc1-5fac-4efe-80e3-2ad63dea6b8f",
      "center_name": "maamoura",
      "recorded_at": "2025-07-19T08:13:01.018Z"
    },
    {
      "center_id": "2c140dc1-5fac-4efe-80e3-2ad63dea6b8f",
      "center_name": "maamoura",
      "recorded_at": "2025-07-19T08:13:01.016Z"
    },
    {
      "center_id": "2c140dc1-5fac-4efe-80e3-2ad63dea6b8f",
      "center_name": "maamoura",
      "recorded_at": "2025-07-19T08:13:00.688Z"
    },
    {
      "center_id": "2c140dc1-5fac-4efe-80e3-2ad63dea6b8f",
      "center_name": "maamoura",
      "recorded_at": "2025-07-19T08:13:00.687Z"
    },
    {
      "center_id": "2c140dc1-5fac-4efe-80e3-2ad63dea6b8f",
      "center_name": "maamoura",
      "recorded_at": "2025-07-19T08:13:00.511Z"
    },
    {
      "center_id": "2c140dc1-5fac-4efe-80e3-2ad63dea6b8f",
      "center_name": "maamoura",
      "recorded_at": "2025-07-19T08:13:00.509Z"
    },
    {
      "center_id": "efe6b507-ecd3-4eac-bd21-82cbe1125cc0",
      "center_name": "Hammamet Beach Safety Center",
      "recorded_at": "2025-07-19T08:12:41.343Z"
    },
    {
      "center_id": "efe6b507-ecd3-4eac-bd21-82cbe1125cc0",
      "center_name": "Hammamet Beach Safety Center",
      "recorded_at": "2025-07-19T08:12:41.341Z"
    },
    {
      "center_id": "efe6b507-ecd3-4eac-bd21-82cbe1125cc0",
      "center_name": "Hammamet Beach Safety Center",
      "recorded_at": "2025-07-19T08:12:33.106Z"
    },
    {
      "center_id": "efe6b507-ecd3-4eac-bd21-82cbe1125cc0",
      "center_name": "Hammamet Beach Safety Center",
      "recorded_at": "2025-07-19T08:12:33.105Z"
    },
    {
      "center_id": "efe6b507-ecd3-4eac-bd21-82cbe1125cc0",
      "center_name": "Hammamet Beach Safety Center",
      "recorded_at": "2025-07-19T08:11:24.227Z"
    },
    {
      "center_id": "efe6b507-ecd3-4eac-bd21-82cbe1125cc0",
      "center_name": "Hammamet Beach Safety Center",
      "recorded_at": "2025-07-19T08:11:24.195Z"
    },
    {
      "center_id": "efe6b507-ecd3-4eac-bd21-82cbe1125cc0",
      "center_name": "Hammamet Beach Safety Center",
      "recorded_at": "2025-07-19T08:11:23.864Z"
    },
    {
      "center_id": "efe6b507-ecd3-4eac-bd21-82cbe1125cc0",
      "center_name": "Hammamet Beach Safety Center",
      "recorded_at": "2025-07-19T08:11:23.863Z"
    },
    {
      "center_id": "efe6b507-ecd3-4eac-bd21-82cbe1125cc0",
      "center_name": "Hammamet Beach Safety Center",
      "recorded_at": "2025-07-19T08:11:23.731Z"
    },
    {
      "center_id": "efe6b507-ecd3-4eac-bd21-82cbe1125cc0",
      "center_name": "Hammamet Beach Safety Center",
      "recorded_at": "2025-07-19T08:11:23.729Z"
    },
    {
      "center_id": "efe6b507-ecd3-4eac-bd21-82cbe1125cc0",
      "center_name": "Hammamet Beach Safety Center",
      "recorded_at": "2025-07-19T08:10:55.310Z"
    },
    {
      "center_id": "efe6b507-ecd3-4eac-bd21-82cbe1125cc0",
      "center_name": "Hammamet Beach Safety Center",
      "recorded_at": "2025-07-19T08:10:55.307Z"
    },
    {
      "center_id": "efe6b507-ecd3-4eac-bd21-82cbe1125cc0",
      "center_name": "Hammamet Beach Safety Center",
      "recorded_at": "2025-07-19T08:10:54.959Z"
    },
    {
      "center_id": "efe6b507-ecd3-4eac-bd21-82cbe1125cc0",
      "center_name": "Hammamet Beach Safety Center",
      "recorded_at": "2025-07-19T08:10:54.957Z"
    },
    {
      "center_id": "efe6b507-ecd3-4eac-bd21-82cbe1125cc0",
      "center_name": "Hammamet Beach Safety Center",
      "recorded_at": "2025-07-19T08:10:54.687Z"
    },
    {
      "center_id": "efe6b507-ecd3-4eac-bd21-82cbe1125cc0",
      "center_name": "Hammamet Beach Safety Center",
      "recorded_at": "2025-07-19T08:10:54.684Z"
    },
    {
      "center_id": "efe6b507-ecd3-4eac-bd21-82cbe1125cc0",
      "center_name": "Hammamet Beach Safety Center",
      "recorded_at": "2025-07-19T08:10:07.794Z"
    },
    {
      "center_id": "efe6b507-ecd3-4eac-bd21-82cbe1125cc0",
      "center_name": "Hammamet Beach Safety Center",
      "recorded_at": "2025-07-19T08:10:07.792Z"
    },
    {
      "center_id": "5897994c-3d0f-4bcf-9624-3103ddffdcf4",
      "center_name": "Monastir Beach Safety Center",
      "recorded_at": "2025-07-19T08:09:51.715Z"
    },
    {
      "center_id": "5897994c-3d0f-4bcf-9624-3103ddffdcf4",
      "center_name": "Monastir Beach Safety Center",
      "recorded_at": "2025-07-19T08:09:51.650Z"
    },
    {
      "center_id": "2c140dc1-5fac-4efe-80e3-2ad63dea6b8f",
      "center_name": "maamoura",
      "recorded_at": "2025-07-19T08:08:50.011Z"
    },
    {
      "center_id": "6091fcc3-3b14-430e-8d28-0907aa1db98d",
      "center_name": "Takelsa",
      "recorded_at": "2025-07-19T08:08:50.010Z"
    },
    {
      "center_id": "6c847017-e5ab-4e48-b987-328d742f7562",
      "center_name": "Sounine",
      "recorded_at": "2025-07-19T08:08:49.953Z"
    },
    {
      "center_id": "f350b731-2da6-4e3d-9a9d-5fa3c8c985ab",
      "center_name": "Djerba Beach Safety Center",
      "recorded_at": "2025-07-19T08:08:49.936Z"
    },
    {
      "center_id": "6091fcc3-3b14-430e-8d28-0907aa1db98d",
      "center_name": "Takelsa",
      "recorded_at": "2025-07-19T08:08:49.892Z"
    },
    {
      "center_id": "5897994c-3d0f-4bcf-9624-3103ddffdcf4",
      "center_name": "Monastir Beach Safety Center",
      "recorded_at": "2025-07-19T08:08:49.875Z"
    },
    {
      "center_id": "f350b731-2da6-4e3d-9a9d-5fa3c8c985ab",
      "center_name": "Djerba Beach Safety Center",
      "recorded_at": "2025-07-19T08:08:49.711Z"
    },
    {
      "center_id": "a1f85c07-8c14-4616-8199-a1c9c46d9b48",
      "center_name": "Tabarka Beach Safety Center",
      "recorded_at": "2025-07-19T08:08:49.687Z"
    },
    {
      "center_id": "5897994c-3d0f-4bcf-9624-3103ddffdcf4",
      "center_name": "Monastir Beach Safety Center",
      "recorded_at": "2025-07-19T08:08:49.639Z"
    },
    {
      "center_id": "6c847017-e5ab-4e48-b987-328d742f7562",
      "center_name": "Sounine",
      "recorded_at": "2025-07-19T08:08:49.637Z"
    },
    {
      "center_id": "efe6b507-ecd3-4eac-bd21-82cbe1125cc0",
      "center_name": "Hammamet Beach Safety Center",
      "recorded_at": "2025-07-19T08:08:49.623Z"
    },
    {
      "center_id": "a42d64f5-73d9-41cb-97c7-c020fd1fe520",
      "center_name": "Sousse Beach Safety Center",
      "recorded_at": "2025-07-19T08:08:49.594Z"
    },
    {
      "center_id": "2c140dc1-5fac-4efe-80e3-2ad63dea6b8f",
      "center_name": "maamoura",
      "recorded_at": "2025-07-19T08:08:49.532Z"
    },
    {
      "center_id": "a1f85c07-8c14-4616-8199-a1c9c46d9b48",
      "center_name": "Tabarka Beach Safety Center",
      "recorded_at": "2025-07-19T08:08:49.527Z"
    },
    {
      "center_id": "efe6b507-ecd3-4eac-bd21-82cbe1125cc0",
      "center_name": "Hammamet Beach Safety Center",
      "recorded_at": "2025-07-19T08:08:49.378Z"
    },
    {
      "center_id": "a42d64f5-73d9-41cb-97c7-c020fd1fe520",
      "center_name": "Sousse Beach Safety Center",
      "recorded_at": "2025-07-19T08:08:49.358Z"
    }
  ]
}
2025-07-19 09:28:29 [[32minfo[39m]: ::1 - - [19/Jul/2025:08:28:29 +0000] "GET /api/v1/public/weather/current HTTP/1.1" 304 - "http://localhost:3000/" "Mozilla/5.0 (X11; Linux x86_64) AppleWebKit/537.36 (KHTML, like Gecko) Chrome/138.0.0.0 Safari/537.36" {
  "service": "beach-safety-api"
}
2025-07-19 09:28:29 [[32minfo[39m]: ::1 - - [19/Jul/2025:08:28:29 +0000] "GET /api/v1/safety-zones/public HTTP/1.1" 304 - "http://localhost:3000/" "Mozilla/5.0 (X11; Linux x86_64) AppleWebKit/537.36 (KHTML, like Gecko) Chrome/138.0.0.0 Safari/537.36" {
  "service": "beach-safety-api"
}
2025-07-19 09:28:29 [[32minfo[39m]: ::1 - - [19/Jul/2025:08:28:29 +0000] "GET /api/v1/public/centers HTTP/1.1" 304 - "http://localhost:3000/" "Mozilla/5.0 (X11; Linux x86_64) AppleWebKit/537.36 (KHTML, like Gecko) Chrome/138.0.0.0 Safari/537.36" {
  "service": "beach-safety-api"
}
2025-07-19 09:28:29 [[32minfo[39m]: Public weather query result: {
  "service": "beach-safety-api",
  "totalRows": 68,
  "centers": [
    {
      "center_id": "a1f85c07-8c14-4616-8199-a1c9c46d9b48",
      "center_name": "Tabarka Beach Safety Center",
      "recorded_at": "2025-07-19T08:23:50.044Z"
    },
    {
      "center_id": "f350b731-2da6-4e3d-9a9d-5fa3c8c985ab",
      "center_name": "Djerba Beach Safety Center",
      "recorded_at": "2025-07-19T08:23:50.042Z"
    },
    {
      "center_id": "5897994c-3d0f-4bcf-9624-3103ddffdcf4",
      "center_name": "Monastir Beach Safety Center",
      "recorded_at": "2025-07-19T08:23:50.012Z"
    },
    {
      "center_id": "2c140dc1-5fac-4efe-80e3-2ad63dea6b8f",
      "center_name": "maamoura",
      "recorded_at": "2025-07-19T08:23:49.988Z"
    },
    {
      "center_id": "a42d64f5-73d9-41cb-97c7-c020fd1fe520",
      "center_name": "Sousse Beach Safety Center",
      "recorded_at": "2025-07-19T08:23:49.987Z"
    },
    {
      "center_id": "6c847017-e5ab-4e48-b987-328d742f7562",
      "center_name": "Sounine",
      "recorded_at": "2025-07-19T08:23:49.913Z"
    },
    {
      "center_id": "6c847017-e5ab-4e48-b987-328d742f7562",
      "center_name": "Sounine",
      "recorded_at": "2025-07-19T08:23:49.908Z"
    },
    {
      "center_id": "6091fcc3-3b14-430e-8d28-0907aa1db98d",
      "center_name": "Takelsa",
      "recorded_at": "2025-07-19T08:23:49.906Z"
    },
    {
      "center_id": "f350b731-2da6-4e3d-9a9d-5fa3c8c985ab",
      "center_name": "Djerba Beach Safety Center",
      "recorded_at": "2025-07-19T08:23:49.723Z"
    },
    {
      "center_id": "6091fcc3-3b14-430e-8d28-0907aa1db98d",
      "center_name": "Takelsa",
      "recorded_at": "2025-07-19T08:23:49.721Z"
    },
    {
      "center_id": "a1f85c07-8c14-4616-8199-a1c9c46d9b48",
      "center_name": "Tabarka Beach Safety Center",
      "recorded_at": "2025-07-19T08:23:49.657Z"
    },
    {
      "center_id": "5897994c-3d0f-4bcf-9624-3103ddffdcf4",
      "center_name": "Monastir Beach Safety Center",
      "recorded_at": "2025-07-19T08:23:49.635Z"
    },
    {
      "center_id": "2c140dc1-5fac-4efe-80e3-2ad63dea6b8f",
      "center_name": "maamoura",
      "recorded_at": "2025-07-19T08:23:49.571Z"
    },
    {
      "center_id": "a42d64f5-73d9-41cb-97c7-c020fd1fe520",
      "center_name": "Sousse Beach Safety Center",
      "recorded_at": "2025-07-19T08:23:49.563Z"
    },
    {
      "center_id": "efe6b507-ecd3-4eac-bd21-82cbe1125cc0",
      "center_name": "Hammamet Beach Safety Center",
      "recorded_at": "2025-07-19T08:23:49.399Z"
    },
    {
      "center_id": "efe6b507-ecd3-4eac-bd21-82cbe1125cc0",
      "center_name": "Hammamet Beach Safety Center",
      "recorded_at": "2025-07-19T08:23:49.374Z"
    },
    {
      "center_id": "2c140dc1-5fac-4efe-80e3-2ad63dea6b8f",
      "center_name": "maamoura",
      "recorded_at": "2025-07-19T08:22:29.353Z"
    },
    {
      "center_id": "2c140dc1-5fac-4efe-80e3-2ad63dea6b8f",
      "center_name": "maamoura",
      "recorded_at": "2025-07-19T08:22:29.351Z"
    },
    {
      "center_id": "2c140dc1-5fac-4efe-80e3-2ad63dea6b8f",
      "center_name": "maamoura",
      "recorded_at": "2025-07-19T08:14:09.197Z"
    },
    {
      "center_id": "2c140dc1-5fac-4efe-80e3-2ad63dea6b8f",
      "center_name": "maamoura",
      "recorded_at": "2025-07-19T08:14:09.196Z"
    },
    {
      "center_id": "2c140dc1-5fac-4efe-80e3-2ad63dea6b8f",
      "center_name": "maamoura",
      "recorded_at": "2025-07-19T08:13:57.619Z"
    },
    {
      "center_id": "2c140dc1-5fac-4efe-80e3-2ad63dea6b8f",
      "center_name": "maamoura",
      "recorded_at": "2025-07-19T08:13:57.616Z"
    },
    {
      "center_id": "2c140dc1-5fac-4efe-80e3-2ad63dea6b8f",
      "center_name": "maamoura",
      "recorded_at": "2025-07-19T08:13:57.342Z"
    },
    {
      "center_id": "2c140dc1-5fac-4efe-80e3-2ad63dea6b8f",
      "center_name": "maamoura",
      "recorded_at": "2025-07-19T08:13:57.341Z"
    },
    {
      "center_id": "2c140dc1-5fac-4efe-80e3-2ad63dea6b8f",
      "center_name": "maamoura",
      "recorded_at": "2025-07-19T08:13:57.241Z"
    },
    {
      "center_id": "2c140dc1-5fac-4efe-80e3-2ad63dea6b8f",
      "center_name": "maamoura",
      "recorded_at": "2025-07-19T08:13:57.194Z"
    },
    {
      "center_id": "2c140dc1-5fac-4efe-80e3-2ad63dea6b8f",
      "center_name": "maamoura",
      "recorded_at": "2025-07-19T08:13:01.018Z"
    },
    {
      "center_id": "2c140dc1-5fac-4efe-80e3-2ad63dea6b8f",
      "center_name": "maamoura",
      "recorded_at": "2025-07-19T08:13:01.016Z"
    },
    {
      "center_id": "2c140dc1-5fac-4efe-80e3-2ad63dea6b8f",
      "center_name": "maamoura",
      "recorded_at": "2025-07-19T08:13:00.688Z"
    },
    {
      "center_id": "2c140dc1-5fac-4efe-80e3-2ad63dea6b8f",
      "center_name": "maamoura",
      "recorded_at": "2025-07-19T08:13:00.687Z"
    },
    {
      "center_id": "2c140dc1-5fac-4efe-80e3-2ad63dea6b8f",
      "center_name": "maamoura",
      "recorded_at": "2025-07-19T08:13:00.511Z"
    },
    {
      "center_id": "2c140dc1-5fac-4efe-80e3-2ad63dea6b8f",
      "center_name": "maamoura",
      "recorded_at": "2025-07-19T08:13:00.509Z"
    },
    {
      "center_id": "efe6b507-ecd3-4eac-bd21-82cbe1125cc0",
      "center_name": "Hammamet Beach Safety Center",
      "recorded_at": "2025-07-19T08:12:41.343Z"
    },
    {
      "center_id": "efe6b507-ecd3-4eac-bd21-82cbe1125cc0",
      "center_name": "Hammamet Beach Safety Center",
      "recorded_at": "2025-07-19T08:12:41.341Z"
    },
    {
      "center_id": "efe6b507-ecd3-4eac-bd21-82cbe1125cc0",
      "center_name": "Hammamet Beach Safety Center",
      "recorded_at": "2025-07-19T08:12:33.106Z"
    },
    {
      "center_id": "efe6b507-ecd3-4eac-bd21-82cbe1125cc0",
      "center_name": "Hammamet Beach Safety Center",
      "recorded_at": "2025-07-19T08:12:33.105Z"
    },
    {
      "center_id": "efe6b507-ecd3-4eac-bd21-82cbe1125cc0",
      "center_name": "Hammamet Beach Safety Center",
      "recorded_at": "2025-07-19T08:11:24.227Z"
    },
    {
      "center_id": "efe6b507-ecd3-4eac-bd21-82cbe1125cc0",
      "center_name": "Hammamet Beach Safety Center",
      "recorded_at": "2025-07-19T08:11:24.195Z"
    },
    {
      "center_id": "efe6b507-ecd3-4eac-bd21-82cbe1125cc0",
      "center_name": "Hammamet Beach Safety Center",
      "recorded_at": "2025-07-19T08:11:23.864Z"
    },
    {
      "center_id": "efe6b507-ecd3-4eac-bd21-82cbe1125cc0",
      "center_name": "Hammamet Beach Safety Center",
      "recorded_at": "2025-07-19T08:11:23.863Z"
    },
    {
      "center_id": "efe6b507-ecd3-4eac-bd21-82cbe1125cc0",
      "center_name": "Hammamet Beach Safety Center",
      "recorded_at": "2025-07-19T08:11:23.731Z"
    },
    {
      "center_id": "efe6b507-ecd3-4eac-bd21-82cbe1125cc0",
      "center_name": "Hammamet Beach Safety Center",
      "recorded_at": "2025-07-19T08:11:23.729Z"
    },
    {
      "center_id": "efe6b507-ecd3-4eac-bd21-82cbe1125cc0",
      "center_name": "Hammamet Beach Safety Center",
      "recorded_at": "2025-07-19T08:10:55.310Z"
    },
    {
      "center_id": "efe6b507-ecd3-4eac-bd21-82cbe1125cc0",
      "center_name": "Hammamet Beach Safety Center",
      "recorded_at": "2025-07-19T08:10:55.307Z"
    },
    {
      "center_id": "efe6b507-ecd3-4eac-bd21-82cbe1125cc0",
      "center_name": "Hammamet Beach Safety Center",
      "recorded_at": "2025-07-19T08:10:54.959Z"
    },
    {
      "center_id": "efe6b507-ecd3-4eac-bd21-82cbe1125cc0",
      "center_name": "Hammamet Beach Safety Center",
      "recorded_at": "2025-07-19T08:10:54.957Z"
    },
    {
      "center_id": "efe6b507-ecd3-4eac-bd21-82cbe1125cc0",
      "center_name": "Hammamet Beach Safety Center",
      "recorded_at": "2025-07-19T08:10:54.687Z"
    },
    {
      "center_id": "efe6b507-ecd3-4eac-bd21-82cbe1125cc0",
      "center_name": "Hammamet Beach Safety Center",
      "recorded_at": "2025-07-19T08:10:54.684Z"
    },
    {
      "center_id": "efe6b507-ecd3-4eac-bd21-82cbe1125cc0",
      "center_name": "Hammamet Beach Safety Center",
      "recorded_at": "2025-07-19T08:10:07.794Z"
    },
    {
      "center_id": "efe6b507-ecd3-4eac-bd21-82cbe1125cc0",
      "center_name": "Hammamet Beach Safety Center",
      "recorded_at": "2025-07-19T08:10:07.792Z"
    },
    {
      "center_id": "5897994c-3d0f-4bcf-9624-3103ddffdcf4",
      "center_name": "Monastir Beach Safety Center",
      "recorded_at": "2025-07-19T08:09:51.715Z"
    },
    {
      "center_id": "5897994c-3d0f-4bcf-9624-3103ddffdcf4",
      "center_name": "Monastir Beach Safety Center",
      "recorded_at": "2025-07-19T08:09:51.650Z"
    },
    {
      "center_id": "2c140dc1-5fac-4efe-80e3-2ad63dea6b8f",
      "center_name": "maamoura",
      "recorded_at": "2025-07-19T08:08:50.011Z"
    },
    {
      "center_id": "6091fcc3-3b14-430e-8d28-0907aa1db98d",
      "center_name": "Takelsa",
      "recorded_at": "2025-07-19T08:08:50.010Z"
    },
    {
      "center_id": "6c847017-e5ab-4e48-b987-328d742f7562",
      "center_name": "Sounine",
      "recorded_at": "2025-07-19T08:08:49.953Z"
    },
    {
      "center_id": "f350b731-2da6-4e3d-9a9d-5fa3c8c985ab",
      "center_name": "Djerba Beach Safety Center",
      "recorded_at": "2025-07-19T08:08:49.936Z"
    },
    {
      "center_id": "6091fcc3-3b14-430e-8d28-0907aa1db98d",
      "center_name": "Takelsa",
      "recorded_at": "2025-07-19T08:08:49.892Z"
    },
    {
      "center_id": "5897994c-3d0f-4bcf-9624-3103ddffdcf4",
      "center_name": "Monastir Beach Safety Center",
      "recorded_at": "2025-07-19T08:08:49.875Z"
    },
    {
      "center_id": "f350b731-2da6-4e3d-9a9d-5fa3c8c985ab",
      "center_name": "Djerba Beach Safety Center",
      "recorded_at": "2025-07-19T08:08:49.711Z"
    },
    {
      "center_id": "a1f85c07-8c14-4616-8199-a1c9c46d9b48",
      "center_name": "Tabarka Beach Safety Center",
      "recorded_at": "2025-07-19T08:08:49.687Z"
    },
    {
      "center_id": "5897994c-3d0f-4bcf-9624-3103ddffdcf4",
      "center_name": "Monastir Beach Safety Center",
      "recorded_at": "2025-07-19T08:08:49.639Z"
    },
    {
      "center_id": "6c847017-e5ab-4e48-b987-328d742f7562",
      "center_name": "Sounine",
      "recorded_at": "2025-07-19T08:08:49.637Z"
    },
    {
      "center_id": "efe6b507-ecd3-4eac-bd21-82cbe1125cc0",
      "center_name": "Hammamet Beach Safety Center",
      "recorded_at": "2025-07-19T08:08:49.623Z"
    },
    {
      "center_id": "a42d64f5-73d9-41cb-97c7-c020fd1fe520",
      "center_name": "Sousse Beach Safety Center",
      "recorded_at": "2025-07-19T08:08:49.594Z"
    },
    {
      "center_id": "2c140dc1-5fac-4efe-80e3-2ad63dea6b8f",
      "center_name": "maamoura",
      "recorded_at": "2025-07-19T08:08:49.532Z"
    },
    {
      "center_id": "a1f85c07-8c14-4616-8199-a1c9c46d9b48",
      "center_name": "Tabarka Beach Safety Center",
      "recorded_at": "2025-07-19T08:08:49.527Z"
    },
    {
      "center_id": "efe6b507-ecd3-4eac-bd21-82cbe1125cc0",
      "center_name": "Hammamet Beach Safety Center",
      "recorded_at": "2025-07-19T08:08:49.378Z"
    },
    {
      "center_id": "a42d64f5-73d9-41cb-97c7-c020fd1fe520",
      "center_name": "Sousse Beach Safety Center",
      "recorded_at": "2025-07-19T08:08:49.358Z"
    }
  ]
}
2025-07-19 09:28:29 [[32minfo[39m]: ::1 - - [19/Jul/2025:08:28:29 +0000] "GET /api/v1/public/weather/current HTTP/1.1" 304 - "http://localhost:3000/" "Mozilla/5.0 (X11; Linux x86_64) AppleWebKit/537.36 (KHTML, like Gecko) Chrome/138.0.0.0 Safari/537.36" {
  "service": "beach-safety-api"
}
2025-07-19 09:28:29 [[32minfo[39m]: Connected to PostgreSQL database {
  "service": "beach-safety-api"
}
2025-07-19 09:28:29 [[32minfo[39m]: ::1 - - [19/Jul/2025:08:28:29 +0000] "GET /api/v1/safety-zones/public HTTP/1.1" 304 - "http://localhost:3000/" "Mozilla/5.0 (X11; Linux x86_64) AppleWebKit/537.36 (KHTML, like Gecko) Chrome/138.0.0.0 Safari/537.36" {
  "service": "beach-safety-api"
}
2025-07-19 09:28:29 [[32minfo[39m]: Connected to PostgreSQL database {
  "service": "beach-safety-api"
}
2025-07-19 09:28:29 [[32minfo[39m]: ::1 - - [19/Jul/2025:08:28:29 +0000] "GET /api/v1/public/centers HTTP/1.1" 304 - "http://localhost:3000/" "Mozilla/5.0 (X11; Linux x86_64) AppleWebKit/537.36 (KHTML, like Gecko) Chrome/138.0.0.0 Safari/537.36" {
  "service": "beach-safety-api"
}
2025-07-19 09:28:29 [[32minfo[39m]: ::1 - - [19/Jul/2025:08:28:29 +0000] "GET /api/v1/public/lifeguards/counts HTTP/1.1" 304 - "http://localhost:3000/" "Mozilla/5.0 (X11; Linux x86_64) AppleWebKit/537.36 (KHTML, like Gecko) Chrome/138.0.0.0 Safari/537.36" {
  "service": "beach-safety-api"
}
2025-07-19 09:28:29 [[32minfo[39m]: ::1 - - [19/Jul/2025:08:28:29 +0000] "GET /api/v1/public/safety/flags HTTP/1.1" 304 - "http://localhost:3000/" "Mozilla/5.0 (X11; Linux x86_64) AppleWebKit/537.36 (KHTML, like Gecko) Chrome/138.0.0.0 Safari/537.36" {
  "service": "beach-safety-api"
}
2025-07-19 09:28:29 [[32minfo[39m]: ::1 - - [19/Jul/2025:08:28:29 +0000] "GET /api/v1/public/lifeguards/counts HTTP/1.1" 304 - "http://localhost:3000/" "Mozilla/5.0 (X11; Linux x86_64) AppleWebKit/537.36 (KHTML, like Gecko) Chrome/138.0.0.0 Safari/537.36" {
  "service": "beach-safety-api"
}
2025-07-19 09:28:29 [[32minfo[39m]: ::1 - - [19/Jul/2025:08:28:29 +0000] "GET /api/v1/public/safety/flags HTTP/1.1" 304 - "http://localhost:3000/" "Mozilla/5.0 (X11; Linux x86_64) AppleWebKit/537.36 (KHTML, like Gecko) Chrome/138.0.0.0 Safari/537.36" {
  "service": "beach-safety-api"
}
2025-07-19 09:28:29 [[32minfo[39m]: ::1 - - [19/Jul/2025:08:28:29 +0000] "GET /api/v1/public/centers HTTP/1.1" 304 - "http://localhost:3000/" "Mozilla/5.0 (X11; Linux x86_64) AppleWebKit/537.36 (KHTML, like Gecko) Chrome/138.0.0.0 Safari/537.36" {
  "service": "beach-safety-api"
}
2025-07-19 09:28:46 [[32minfo[39m]: Emergency alert emitted {
  "service": "beach-safety-api",
  "alertId": "f496c33a-c3bf-4f14-87d6-c8fdd0b977cb",
  "centerId": "2c140dc1-5fac-4efe-80e3-2ad63dea6b8f"
}
2025-07-19 09:28:46 [[32minfo[39m]: Emergency alert created {
  "service": "beach-safety-api",
  "alertId": "f496c33a-c3bf-4f14-87d6-c8fdd0b977cb",
  "centerId": "2c140dc1-5fac-4efe-80e3-2ad63dea6b8f",
  "alertType": "sos",
  "severity": "medium"
}
2025-07-19 09:28:46 [[32minfo[39m]: ::1 - - [19/Jul/2025:08:28:46 +0000] "POST /api/v1/alerts/sos HTTP/1.1" 201 266 "http://localhost:3000/" "Mozilla/5.0 (X11; Linux x86_64) AppleWebKit/537.36 (KHTML, like Gecko) Chrome/138.0.0.0 Safari/537.36" {
  "service": "beach-safety-api"
}
2025-07-19 09:28:53 [[32minfo[39m]: User logged in successfully {
  "service": "beach-safety-api",
  "userId": "ab620add-57d5-447e-a2a4-6f661146545b",
  "email": "lgtest@test.com",
  "role": "lifeguard"
}
2025-07-19 09:28:53 [[32minfo[39m]: ::ffff:127.0.0.1 - - [19/Jul/2025:08:28:53 +0000] "POST /api/v1/auth/login HTTP/1.1" 200 909 "http://localhost:3000/" "Mozilla/5.0 (X11; Ubuntu; Linux x86_64; rv:136.0) Gecko/20100101 Firefox/136.0" {
  "service": "beach-safety-api"
}
2025-07-19 09:28:53 [[32minfo[39m]: Retrieved lifeguard current shift {
  "service": "beach-safety-api",
  "lifeguardId": "0efaf533-8533-4d70-84e0-4498f2f5bdd4",
  "userId": "ab620add-57d5-447e-a2a4-6f661146545b",
  "shiftId": "7d1770a3-4a51-4866-84d4-13de7e0e57b5"
}
2025-07-19 09:28:53 [[32minfo[39m]: ::ffff:127.0.0.1 - - [19/Jul/2025:08:28:53 +0000] "GET /api/v1/shifts/current/0efaf533-8533-4d70-84e0-4498f2f5bdd4 HTTP/1.1" 304 - "http://localhost:3000/" "Mozilla/5.0 (X11; Ubuntu; Linux x86_64; rv:136.0) Gecko/20100101 Firefox/136.0" {
  "service": "beach-safety-api"
}
2025-07-19 09:28:53 [[32minfo[39m]: Client connected {
  "service": "beach-safety-api",
  "socketId": "gSzFV96PDzShhrOnAAAz"
}
2025-07-19 09:28:53 [[32minfo[39m]: Retrieved lifeguard current shift {
  "service": "beach-safety-api",
  "lifeguardId": "0efaf533-8533-4d70-84e0-4498f2f5bdd4",
  "userId": "ab620add-57d5-447e-a2a4-6f661146545b",
  "shiftId": "7d1770a3-4a51-4866-84d4-13de7e0e57b5"
}
2025-07-19 09:28:53 [[32minfo[39m]: ::ffff:127.0.0.1 - - [19/Jul/2025:08:28:53 +0000] "GET /api/v1/shifts/current/0efaf533-8533-4d70-84e0-4498f2f5bdd4 HTTP/1.1" 304 - "http://localhost:3000/" "Mozilla/5.0 (X11; Ubuntu; Linux x86_64; rv:136.0) Gecko/20100101 Firefox/136.0" {
  "service": "beach-safety-api"
}
2025-07-19 09:28:53 [[32minfo[39m]: Client joined center room {
  "service": "beach-safety-api",
  "socketId": "gSzFV96PDzShhrOnAAAz",
  "centerId": "2c140dc1-5fac-4efe-80e3-2ad63dea6b8f"
}
2025-07-19 09:28:53 [[32minfo[39m]: ::ffff:127.0.0.1 - - [19/Jul/2025:08:28:53 +0000] "GET /api/v1/alerts HTTP/1.1" 200 5408 "http://localhost:3000/" "Mozilla/5.0 (X11; Ubuntu; Linux x86_64; rv:136.0) Gecko/20100101 Firefox/136.0" {
  "service": "beach-safety-api"
}
2025-07-19 09:28:53 [[32minfo[39m]: ::ffff:127.0.0.1 - - [19/Jul/2025:08:28:53 +0000] "GET /api/v1/alerts HTTP/1.1" 200 5408 "http://localhost:3000/" "Mozilla/5.0 (X11; Ubuntu; Linux x86_64; rv:136.0) Gecko/20100101 Firefox/136.0" {
  "service": "beach-safety-api"
}
2025-07-19 09:28:53 [[32minfo[39m]: Client connected {
  "service": "beach-safety-api",
  "socketId": "OUglZ0YG0ZT7Rvp0AAA1"
}
2025-07-19 09:28:53 [[32minfo[39m]: Client joined center room {
  "service": "beach-safety-api",
  "socketId": "OUglZ0YG0ZT7Rvp0AAA1",
  "centerId": "2c140dc1-5fac-4efe-80e3-2ad63dea6b8f"
}
2025-07-19 09:28:53 [[32minfo[39m]: Client connected {
  "service": "beach-safety-api",
  "socketId": "jAcXQeM6rS28EM-OAAA3"
}
2025-07-19 09:28:54 [[32minfo[39m]: Raw OpenWeatherMap API response {
  "service": "beach-safety-api",
  "centerId": "2c140dc1-5fac-4efe-80e3-2ad63dea6b8f",
  "centerName": "maamoura",
  "coordinates": {
    "lat": 36.50415378724642,
    "lng": 10.810546875000002
  },
  "visibility": 10000,
  "weather_condition": "Clear",
  "temperature": 28.18,
  "wind_speed": 4.41,
  "humidity": 70,
  "pressure": 1014,
  "raw_response": {
    "visibility": 10000,
    "weather": [
      {
        "id": 800,
        "main": "Clear",
        "description": "clear sky",
        "icon": "01d"
      }
    ],
    "main": {
      "temp": 28.18,
      "feels_like": 31.02,
      "temp_min": 28.18,
      "temp_max": 28.18,
      "pressure": 1014,
      "humidity": 70,
      "sea_level": 1014,
      "grnd_level": 1008
    },
    "wind": {
      "speed": 4.41,
      "deg": 180,
      "gust": 4.51
    }
  }
}
2025-07-19 09:28:54 [[32minfo[39m]: Simulated marine data {
  "service": "beach-safety-api",
  "wave_height": 0.58,
  "current_speed": 0.25
}
2025-07-19 09:28:54 [[32minfo[39m]: Transformed weather data {
  "service": "beach-safety-api",
  "centerId": "2c140dc1-5fac-4efe-80e3-2ad63dea6b8f",
  "centerName": "maamoura",
  "original_visibility_meters": 10000,
  "transformed_visibility_km": 10,
  "temperature": 28.18,
  "wind_speed": 4.41,
  "weather_condition": "Clear",
  "wave_height": 0.58,
  "current_speed": 0.25
}
2025-07-19 09:28:54 [[32minfo[39m]: Raw OpenWeatherMap API response {
  "service": "beach-safety-api",
  "centerId": "2c140dc1-5fac-4efe-80e3-2ad63dea6b8f",
  "centerName": "maamoura",
  "coordinates": {
    "lat": 36.50415378724642,
    "lng": 10.810546875000002
  },
  "visibility": 10000,
  "weather_condition": "Clear",
  "temperature": 28.18,
  "wind_speed": 4.41,
  "humidity": 70,
  "pressure": 1014,
  "raw_response": {
    "visibility": 10000,
    "weather": [
      {
        "id": 800,
        "main": "Clear",
        "description": "clear sky",
        "icon": "01d"
      }
    ],
    "main": {
      "temp": 28.18,
      "feels_like": 31.02,
      "temp_min": 28.18,
      "temp_max": 28.18,
      "pressure": 1014,
      "humidity": 70,
      "sea_level": 1014,
      "grnd_level": 1008
    },
    "wind": {
      "speed": 4.41,
      "deg": 180,
      "gust": 4.51
    }
  }
}
2025-07-19 09:28:54 [[32minfo[39m]: Simulated marine data {
  "service": "beach-safety-api",
  "wave_height": 0.31,
  "current_speed": 0.43
}
2025-07-19 09:28:54 [[32minfo[39m]: Transformed weather data {
  "service": "beach-safety-api",
  "centerId": "2c140dc1-5fac-4efe-80e3-2ad63dea6b8f",
  "centerName": "maamoura",
  "original_visibility_meters": 10000,
  "transformed_visibility_km": 10,
  "temperature": 28.18,
  "wind_speed": 4.41,
  "weather_condition": "Clear",
  "wave_height": 0.31,
  "current_speed": 0.43
}
2025-07-19 09:28:54 [[32minfo[39m]: Current weather and marine data fetched and stored {
  "service": "beach-safety-api",
  "centerId": "2c140dc1-5fac-4efe-80e3-2ad63dea6b8f",
  "centerName": "maamoura",
  "temperature": 28.18,
  "condition": "Clear",
  "waveHeight": 0.58,
  "currentSpeed": 0.25
}
2025-07-19 09:28:54 [[32minfo[39m]: ::ffff:127.0.0.1 - - [19/Jul/2025:08:28:54 +0000] "GET /api/v1/weather/centers/2c140dc1-5fac-4efe-80e3-2ad63dea6b8f/current HTTP/1.1" 200 570 "http://localhost:3000/" "Mozilla/5.0 (X11; Ubuntu; Linux x86_64; rv:136.0) Gecko/20100101 Firefox/136.0" {
  "service": "beach-safety-api"
}
2025-07-19 09:28:54 [[32minfo[39m]: Current weather and marine data fetched and stored {
  "service": "beach-safety-api",
  "centerId": "2c140dc1-5fac-4efe-80e3-2ad63dea6b8f",
  "centerName": "maamoura",
  "temperature": 28.18,
  "condition": "Clear",
  "waveHeight": 0.31,
  "currentSpeed": 0.43
}
2025-07-19 09:28:54 [[32minfo[39m]: ::ffff:127.0.0.1 - - [19/Jul/2025:08:28:54 +0000] "GET /api/v1/weather/centers/2c140dc1-5fac-4efe-80e3-2ad63dea6b8f/current HTTP/1.1" 200 570 "http://localhost:3000/" "Mozilla/5.0 (X11; Ubuntu; Linux x86_64; rv:136.0) Gecko/20100101 Firefox/136.0" {
  "service": "beach-safety-api"
}
2025-07-19 09:28:54 [[32minfo[39m]: Weather forecast fetched and stored {
  "service": "beach-safety-api",
  "centerId": "2c140dc1-5fac-4efe-80e3-2ad63dea6b8f",
  "centerName": "maamoura",
  "forecastDays": 6
}
2025-07-19 09:28:54 [[32minfo[39m]: ::ffff:127.0.0.1 - - [19/Jul/2025:08:28:54 +0000] "GET /api/v1/weather/centers/2c140dc1-5fac-4efe-80e3-2ad63dea6b8f/forecast HTTP/1.1" 304 - "http://localhost:3000/" "Mozilla/5.0 (X11; Ubuntu; Linux x86_64; rv:136.0) Gecko/20100101 Firefox/136.0" {
  "service": "beach-safety-api"
}
2025-07-19 09:28:54 [[32minfo[39m]: Weather forecast fetched and stored {
  "service": "beach-safety-api",
  "centerId": "2c140dc1-5fac-4efe-80e3-2ad63dea6b8f",
  "centerName": "maamoura",
  "forecastDays": 6
}
2025-07-19 09:28:54 [[32minfo[39m]: ::ffff:127.0.0.1 - - [19/Jul/2025:08:28:54 +0000] "GET /api/v1/weather/centers/2c140dc1-5fac-4efe-80e3-2ad63dea6b8f/forecast HTTP/1.1" 200 946 "http://localhost:3000/" "Mozilla/5.0 (X11; Ubuntu; Linux x86_64; rv:136.0) Gecko/20100101 Firefox/136.0" {
  "service": "beach-safety-api"
}
2025-07-19 09:28:55 [[32minfo[39m]: Client disconnected {
  "service": "beach-safety-api",
  "socketId": "OUglZ0YG0ZT7Rvp0AAA1"
}
2025-07-19 09:28:55 [[32minfo[39m]: ::ffff:127.0.0.1 - - [19/Jul/2025:08:28:55 +0000] "GET /api/v1/alerts HTTP/1.1" 304 - "http://localhost:3000/" "Mozilla/5.0 (X11; Ubuntu; Linux x86_64; rv:136.0) Gecko/20100101 Firefox/136.0" {
  "service": "beach-safety-api"
}
2025-07-19 09:28:55 [[32minfo[39m]: ::ffff:127.0.0.1 - - [19/Jul/2025:08:28:55 +0000] "GET /api/v1/alerts HTTP/1.1" 200 5408 "http://localhost:3000/" "Mozilla/5.0 (X11; Ubuntu; Linux x86_64; rv:136.0) Gecko/20100101 Firefox/136.0" {
  "service": "beach-safety-api"
}
