
> fresh-test-app@0.1.0 start
> react-scripts start

(node:374106) [DEP_WEBPACK_DEV_SERVER_ON_AFTER_SETUP_MIDDLEWARE] DeprecationWarning: 'onAfterSetupMiddleware' option is deprecated. Please use the 'setupMiddlewares' option.
(Use `node --trace-deprecation ...` to show where the warning was created)
(node:374106) [DEP_WEBPACK_DEV_SERVER_ON_BEFORE_SETUP_MIDDLEWARE] DeprecationWarning: 'onBeforeSetupMiddleware' option is deprecated. Please use the 'setupMiddlewares' option.
Starting the development server...

Compiled successfully!

You can now view fresh-test-app in the browser.

  http://localhost:3000

Note that the development build is not optimized.
To create a production build, use npm run build.

webpack compiled successfully
No issues found.
Compiling...
Compiled with warnings.

[eslint] 
src/components/admin/CenterDashboard.tsx
  Line 12:3:   'Divider' is defined but never used                                                                                                                                        @typescript-eslint/no-unused-vars
  Line 16:3:   'Stack' is defined but never used                                                                                                                                          @typescript-eslint/no-unused-vars
  Line 30:15:  'SecurityIcon' is defined but never used                                                                                                                                   @typescript-eslint/no-unused-vars
  Line 31:18:  'BeachIcon' is defined but never used                                                                                                                                      @typescript-eslint/no-unused-vars
  Line 32:20:  'NotificationsIcon' is defined but never used                                                                                                                              @typescript-eslint/no-unused-vars
  Line 34:25:  'AdminIcon' is defined but never used                                                                                                                                      @typescript-eslint/no-unused-vars
  Line 35:17:  'TrendingIcon' is defined but never used                                                                                                                                   @typescript-eslint/no-unused-vars
  Line 37:11:  'WifiIcon' is defined but never used                                                                                                                                       @typescript-eslint/no-unused-vars
  Line 38:14:  'WifiOffIcon' is defined but never used                                                                                                                                    @typescript-eslint/no-unused-vars
  Line 44:19:  'DoNotDisturbIcon' is defined but never used                                                                                                                               @typescript-eslint/no-unused-vars
  Line 50:8:   'WeatherAlerts' is defined but never used                                                                                                                                  @typescript-eslint/no-unused-vars
  Line 90:10:  'rateLimitSaving' is assigned a value but never used                                                                                                                       @typescript-eslint/no-unused-vars
  Line 118:9:  'updateLifeguardStats' is assigned a value but never used                                                                                                                  @typescript-eslint/no-unused-vars
  Line 144:9:  'updateShiftStats' is assigned a value but never used                                                                                                                      @typescript-eslint/no-unused-vars
  Line 338:6:  React Hook useEffect has missing dependencies: 'updateAlertsCount', 'updateSafetyFlagStats', and 'updateWeatherStats'. Either include them or remove the dependency array  react-hooks/exhaustive-deps
  Line 354:6:  React Hook useEffect has a missing dependency: 'loadDashboardData'. Either include it or remove the dependency array                                                       react-hooks/exhaustive-deps

Search for the keywords to learn more about each warning.
To ignore, add // eslint-disable-next-line to the line before.

WARNING in [eslint] 
src/components/admin/CenterDashboard.tsx
  Line 12:3:   'Divider' is defined but never used                                                                                                                                        @typescript-eslint/no-unused-vars
  Line 16:3:   'Stack' is defined but never used                                                                                                                                          @typescript-eslint/no-unused-vars
  Line 30:15:  'SecurityIcon' is defined but never used                                                                                                                                   @typescript-eslint/no-unused-vars
  Line 31:18:  'BeachIcon' is defined but never used                                                                                                                                      @typescript-eslint/no-unused-vars
  Line 32:20:  'NotificationsIcon' is defined but never used                                                                                                                              @typescript-eslint/no-unused-vars
  Line 34:25:  'AdminIcon' is defined but never used                                                                                                                                      @typescript-eslint/no-unused-vars
  Line 35:17:  'TrendingIcon' is defined but never used                                                                                                                                   @typescript-eslint/no-unused-vars
  Line 37:11:  'WifiIcon' is defined but never used                                                                                                                                       @typescript-eslint/no-unused-vars
  Line 38:14:  'WifiOffIcon' is defined but never used                                                                                                                                    @typescript-eslint/no-unused-vars
  Line 44:19:  'DoNotDisturbIcon' is defined but never used                                                                                                                               @typescript-eslint/no-unused-vars
  Line 50:8:   'WeatherAlerts' is defined but never used                                                                                                                                  @typescript-eslint/no-unused-vars
  Line 90:10:  'rateLimitSaving' is assigned a value but never used                                                                                                                       @typescript-eslint/no-unused-vars
  Line 118:9:  'updateLifeguardStats' is assigned a value but never used                                                                                                                  @typescript-eslint/no-unused-vars
  Line 144:9:  'updateShiftStats' is assigned a value but never used                                                                                                                      @typescript-eslint/no-unused-vars
  Line 338:6:  React Hook useEffect has missing dependencies: 'updateAlertsCount', 'updateSafetyFlagStats', and 'updateWeatherStats'. Either include them or remove the dependency array  react-hooks/exhaustive-deps
  Line 354:6:  React Hook useEffect has a missing dependency: 'loadDashboardData'. Either include it or remove the dependency array                                                       react-hooks/exhaustive-deps

webpack compiled with 1 warning
No issues found.
Compiling...
Compiled with warnings.

[eslint] 
src/components/admin/CenterDashboard.tsx
  Line 12:3:   'Divider' is defined but never used                                                                                                                                        @typescript-eslint/no-unused-vars
  Line 16:3:   'Stack' is defined but never used                                                                                                                                          @typescript-eslint/no-unused-vars
  Line 30:15:  'SecurityIcon' is defined but never used                                                                                                                                   @typescript-eslint/no-unused-vars
  Line 31:18:  'BeachIcon' is defined but never used                                                                                                                                      @typescript-eslint/no-unused-vars
  Line 32:20:  'NotificationsIcon' is defined but never used                                                                                                                              @typescript-eslint/no-unused-vars
  Line 34:25:  'AdminIcon' is defined but never used                                                                                                                                      @typescript-eslint/no-unused-vars
  Line 35:17:  'TrendingIcon' is defined but never used                                                                                                                                   @typescript-eslint/no-unused-vars
  Line 37:11:  'WifiIcon' is defined but never used                                                                                                                                       @typescript-eslint/no-unused-vars
  Line 38:14:  'WifiOffIcon' is defined but never used                                                                                                                                    @typescript-eslint/no-unused-vars
  Line 44:19:  'DoNotDisturbIcon' is defined but never used                                                                                                                               @typescript-eslint/no-unused-vars
  Line 50:8:   'WeatherAlerts' is defined but never used                                                                                                                                  @typescript-eslint/no-unused-vars
  Line 90:10:  'rateLimitSaving' is assigned a value but never used                                                                                                                       @typescript-eslint/no-unused-vars
  Line 115:9:  'updateLifeguardStats' is assigned a value but never used                                                                                                                  @typescript-eslint/no-unused-vars
  Line 138:9:  'updateShiftStats' is assigned a value but never used                                                                                                                      @typescript-eslint/no-unused-vars
  Line 298:6:  React Hook useEffect has missing dependencies: 'updateAlertsCount', 'updateSafetyFlagStats', and 'updateWeatherStats'. Either include them or remove the dependency array  react-hooks/exhaustive-deps
  Line 313:6:  React Hook useEffect has a missing dependency: 'loadDashboardData'. Either include it or remove the dependency array                                                       react-hooks/exhaustive-deps

Search for the keywords to learn more about each warning.
To ignore, add // eslint-disable-next-line to the line before.

WARNING in [eslint] 
src/components/admin/CenterDashboard.tsx
  Line 12:3:   'Divider' is defined but never used                                                                                                                                        @typescript-eslint/no-unused-vars
  Line 16:3:   'Stack' is defined but never used                                                                                                                                          @typescript-eslint/no-unused-vars
  Line 30:15:  'SecurityIcon' is defined but never used                                                                                                                                   @typescript-eslint/no-unused-vars
  Line 31:18:  'BeachIcon' is defined but never used                                                                                                                                      @typescript-eslint/no-unused-vars
  Line 32:20:  'NotificationsIcon' is defined but never used                                                                                                                              @typescript-eslint/no-unused-vars
  Line 34:25:  'AdminIcon' is defined but never used                                                                                                                                      @typescript-eslint/no-unused-vars
  Line 35:17:  'TrendingIcon' is defined but never used                                                                                                                                   @typescript-eslint/no-unused-vars
  Line 37:11:  'WifiIcon' is defined but never used                                                                                                                                       @typescript-eslint/no-unused-vars
  Line 38:14:  'WifiOffIcon' is defined but never used                                                                                                                                    @typescript-eslint/no-unused-vars
  Line 44:19:  'DoNotDisturbIcon' is defined but never used                                                                                                                               @typescript-eslint/no-unused-vars
  Line 50:8:   'WeatherAlerts' is defined but never used                                                                                                                                  @typescript-eslint/no-unused-vars
  Line 90:10:  'rateLimitSaving' is assigned a value but never used                                                                                                                       @typescript-eslint/no-unused-vars
  Line 115:9:  'updateLifeguardStats' is assigned a value but never used                                                                                                                  @typescript-eslint/no-unused-vars
  Line 138:9:  'updateShiftStats' is assigned a value but never used                                                                                                                      @typescript-eslint/no-unused-vars
  Line 298:6:  React Hook useEffect has missing dependencies: 'updateAlertsCount', 'updateSafetyFlagStats', and 'updateWeatherStats'. Either include them or remove the dependency array  react-hooks/exhaustive-deps
  Line 313:6:  React Hook useEffect has a missing dependency: 'loadDashboardData'. Either include it or remove the dependency array                                                       react-hooks/exhaustive-deps

webpack compiled with 1 warning
Compiling...
No issues found.
Compiled with warnings.

[eslint] 
src/components/admin/CenterDashboard.tsx
  Line 12:3:   'Divider' is defined but never used                                                                                                                                        @typescript-eslint/no-unused-vars
  Line 16:3:   'Stack' is defined but never used                                                                                                                                          @typescript-eslint/no-unused-vars
  Line 30:15:  'SecurityIcon' is defined but never used                                                                                                                                   @typescript-eslint/no-unused-vars
  Line 31:18:  'BeachIcon' is defined but never used                                                                                                                                      @typescript-eslint/no-unused-vars
  Line 32:20:  'NotificationsIcon' is defined but never used                                                                                                                              @typescript-eslint/no-unused-vars
  Line 34:25:  'AdminIcon' is defined but never used                                                                                                                                      @typescript-eslint/no-unused-vars
  Line 35:17:  'TrendingIcon' is defined but never used                                                                                                                                   @typescript-eslint/no-unused-vars
  Line 37:11:  'WifiIcon' is defined but never used                                                                                                                                       @typescript-eslint/no-unused-vars
  Line 38:14:  'WifiOffIcon' is defined but never used                                                                                                                                    @typescript-eslint/no-unused-vars
  Line 44:19:  'DoNotDisturbIcon' is defined but never used                                                                                                                               @typescript-eslint/no-unused-vars
  Line 50:8:   'WeatherAlerts' is defined but never used                                                                                                                                  @typescript-eslint/no-unused-vars
  Line 90:10:  'rateLimitSaving' is assigned a value but never used                                                                                                                       @typescript-eslint/no-unused-vars
  Line 115:9:  'updateLifeguardStats' is assigned a value but never used                                                                                                                  @typescript-eslint/no-unused-vars
  Line 138:9:  'updateShiftStats' is assigned a value but never used                                                                                                                      @typescript-eslint/no-unused-vars
  Line 298:6:  React Hook useEffect has missing dependencies: 'updateAlertsCount', 'updateSafetyFlagStats', and 'updateWeatherStats'. Either include them or remove the dependency array  react-hooks/exhaustive-deps
  Line 313:6:  React Hook useEffect has a missing dependency: 'loadDashboardData'. Either include it or remove the dependency array                                                       react-hooks/exhaustive-deps

Search for the keywords to learn more about each warning.
To ignore, add // eslint-disable-next-line to the line before.

WARNING in [eslint] 
src/components/admin/CenterDashboard.tsx
  Line 12:3:   'Divider' is defined but never used                                                                                                                                        @typescript-eslint/no-unused-vars
  Line 16:3:   'Stack' is defined but never used                                                                                                                                          @typescript-eslint/no-unused-vars
  Line 30:15:  'SecurityIcon' is defined but never used                                                                                                                                   @typescript-eslint/no-unused-vars
  Line 31:18:  'BeachIcon' is defined but never used                                                                                                                                      @typescript-eslint/no-unused-vars
  Line 32:20:  'NotificationsIcon' is defined but never used                                                                                                                              @typescript-eslint/no-unused-vars
  Line 34:25:  'AdminIcon' is defined but never used                                                                                                                                      @typescript-eslint/no-unused-vars
  Line 35:17:  'TrendingIcon' is defined but never used                                                                                                                                   @typescript-eslint/no-unused-vars
  Line 37:11:  'WifiIcon' is defined but never used                                                                                                                                       @typescript-eslint/no-unused-vars
  Line 38:14:  'WifiOffIcon' is defined but never used                                                                                                                                    @typescript-eslint/no-unused-vars
  Line 44:19:  'DoNotDisturbIcon' is defined but never used                                                                                                                               @typescript-eslint/no-unused-vars
  Line 50:8:   'WeatherAlerts' is defined but never used                                                                                                                                  @typescript-eslint/no-unused-vars
  Line 90:10:  'rateLimitSaving' is assigned a value but never used                                                                                                                       @typescript-eslint/no-unused-vars
  Line 115:9:  'updateLifeguardStats' is assigned a value but never used                                                                                                                  @typescript-eslint/no-unused-vars
  Line 138:9:  'updateShiftStats' is assigned a value but never used                                                                                                                      @typescript-eslint/no-unused-vars
  Line 298:6:  React Hook useEffect has missing dependencies: 'updateAlertsCount', 'updateSafetyFlagStats', and 'updateWeatherStats'. Either include them or remove the dependency array  react-hooks/exhaustive-deps
  Line 313:6:  React Hook useEffect has a missing dependency: 'loadDashboardData'. Either include it or remove the dependency array                                                       react-hooks/exhaustive-deps

webpack compiled with 1 warning
No issues found.
Compiling...
Compiled with warnings.

[eslint] 
src/components/admin/CenterDashboard.tsx
  Line 12:3:   'Divider' is defined but never used                                                                                                                                        @typescript-eslint/no-unused-vars
  Line 16:3:   'Stack' is defined but never used                                                                                                                                          @typescript-eslint/no-unused-vars
  Line 30:15:  'SecurityIcon' is defined but never used                                                                                                                                   @typescript-eslint/no-unused-vars
  Line 31:18:  'BeachIcon' is defined but never used                                                                                                                                      @typescript-eslint/no-unused-vars
  Line 32:20:  'NotificationsIcon' is defined but never used                                                                                                                              @typescript-eslint/no-unused-vars
  Line 34:25:  'AdminIcon' is defined but never used                                                                                                                                      @typescript-eslint/no-unused-vars
  Line 35:17:  'TrendingIcon' is defined but never used                                                                                                                                   @typescript-eslint/no-unused-vars
  Line 37:11:  'WifiIcon' is defined but never used                                                                                                                                       @typescript-eslint/no-unused-vars
  Line 38:14:  'WifiOffIcon' is defined but never used                                                                                                                                    @typescript-eslint/no-unused-vars
  Line 44:19:  'DoNotDisturbIcon' is defined but never used                                                                                                                               @typescript-eslint/no-unused-vars
  Line 50:8:   'WeatherAlerts' is defined but never used                                                                                                                                  @typescript-eslint/no-unused-vars
  Line 90:10:  'rateLimitSaving' is assigned a value but never used                                                                                                                       @typescript-eslint/no-unused-vars
  Line 115:9:  'updateLifeguardStats' is assigned a value but never used                                                                                                                  @typescript-eslint/no-unused-vars
  Line 138:9:  'updateShiftStats' is assigned a value but never used                                                                                                                      @typescript-eslint/no-unused-vars
  Line 298:6:  React Hook useEffect has missing dependencies: 'updateAlertsCount', 'updateSafetyFlagStats', and 'updateWeatherStats'. Either include them or remove the dependency array  react-hooks/exhaustive-deps
  Line 313:6:  React Hook useEffect has a missing dependency: 'loadDashboardData'. Either include it or remove the dependency array                                                       react-hooks/exhaustive-deps

src/components/common/NotificationSystem.tsx
  Line 17:18:  'CheckCircleIcon' is defined but never used                     @typescript-eslint/no-unused-vars
  Line 242:9:  'getEscalationTypeIcon' is assigned a value but never used      @typescript-eslint/no-unused-vars
  Line 257:9:  'getSupportRequestTypeIcon' is assigned a value but never used  @typescript-eslint/no-unused-vars

Search for the keywords to learn more about each warning.
To ignore, add // eslint-disable-next-line to the line before.

WARNING in [eslint] 
src/components/admin/CenterDashboard.tsx
  Line 12:3:   'Divider' is defined but never used                                                                                                                                        @typescript-eslint/no-unused-vars
  Line 16:3:   'Stack' is defined but never used                                                                                                                                          @typescript-eslint/no-unused-vars
  Line 30:15:  'SecurityIcon' is defined but never used                                                                                                                                   @typescript-eslint/no-unused-vars
  Line 31:18:  'BeachIcon' is defined but never used                                                                                                                                      @typescript-eslint/no-unused-vars
  Line 32:20:  'NotificationsIcon' is defined but never used                                                                                                                              @typescript-eslint/no-unused-vars
  Line 34:25:  'AdminIcon' is defined but never used                                                                                                                                      @typescript-eslint/no-unused-vars
  Line 35:17:  'TrendingIcon' is defined but never used                                                                                                                                   @typescript-eslint/no-unused-vars
  Line 37:11:  'WifiIcon' is defined but never used                                                                                                                                       @typescript-eslint/no-unused-vars
  Line 38:14:  'WifiOffIcon' is defined but never used                                                                                                                                    @typescript-eslint/no-unused-vars
  Line 44:19:  'DoNotDisturbIcon' is defined but never used                                                                                                                               @typescript-eslint/no-unused-vars
  Line 50:8:   'WeatherAlerts' is defined but never used                                                                                                                                  @typescript-eslint/no-unused-vars
  Line 90:10:  'rateLimitSaving' is assigned a value but never used                                                                                                                       @typescript-eslint/no-unused-vars
  Line 115:9:  'updateLifeguardStats' is assigned a value but never used                                                                                                                  @typescript-eslint/no-unused-vars
  Line 138:9:  'updateShiftStats' is assigned a value but never used                                                                                                                      @typescript-eslint/no-unused-vars
  Line 298:6:  React Hook useEffect has missing dependencies: 'updateAlertsCount', 'updateSafetyFlagStats', and 'updateWeatherStats'. Either include them or remove the dependency array  react-hooks/exhaustive-deps
  Line 313:6:  React Hook useEffect has a missing dependency: 'loadDashboardData'. Either include it or remove the dependency array                                                       react-hooks/exhaustive-deps

src/components/common/NotificationSystem.tsx
  Line 17:18:  'CheckCircleIcon' is defined but never used                     @typescript-eslint/no-unused-vars
  Line 242:9:  'getEscalationTypeIcon' is assigned a value but never used      @typescript-eslint/no-unused-vars
  Line 257:9:  'getSupportRequestTypeIcon' is assigned a value but never used  @typescript-eslint/no-unused-vars

webpack compiled with 1 warning
Compiling...
Files successfully emitted, waiting for typecheck results...
Issues checking in progress...
Compiled with warnings.

[eslint] 
src/components/admin/CenterDashboard.tsx
  Line 12:3:   'Divider' is defined but never used                                                                                                                                        @typescript-eslint/no-unused-vars
  Line 16:3:   'Stack' is defined but never used                                                                                                                                          @typescript-eslint/no-unused-vars
  Line 30:15:  'SecurityIcon' is defined but never used                                                                                                                                   @typescript-eslint/no-unused-vars
  Line 31:18:  'BeachIcon' is defined but never used                                                                                                                                      @typescript-eslint/no-unused-vars
  Line 32:20:  'NotificationsIcon' is defined but never used                                                                                                                              @typescript-eslint/no-unused-vars
  Line 34:25:  'AdminIcon' is defined but never used                                                                                                                                      @typescript-eslint/no-unused-vars
  Line 35:17:  'TrendingIcon' is defined but never used                                                                                                                                   @typescript-eslint/no-unused-vars
  Line 37:11:  'WifiIcon' is defined but never used                                                                                                                                       @typescript-eslint/no-unused-vars
  Line 38:14:  'WifiOffIcon' is defined but never used                                                                                                                                    @typescript-eslint/no-unused-vars
  Line 44:19:  'DoNotDisturbIcon' is defined but never used                                                                                                                               @typescript-eslint/no-unused-vars
  Line 50:8:   'WeatherAlerts' is defined but never used                                                                                                                                  @typescript-eslint/no-unused-vars
  Line 90:10:  'rateLimitSaving' is assigned a value but never used                                                                                                                       @typescript-eslint/no-unused-vars
  Line 115:9:  'updateLifeguardStats' is assigned a value but never used                                                                                                                  @typescript-eslint/no-unused-vars
  Line 138:9:  'updateShiftStats' is assigned a value but never used                                                                                                                      @typescript-eslint/no-unused-vars
  Line 298:6:  React Hook useEffect has missing dependencies: 'updateAlertsCount', 'updateSafetyFlagStats', and 'updateWeatherStats'. Either include them or remove the dependency array  react-hooks/exhaustive-deps
  Line 313:6:  React Hook useEffect has a missing dependency: 'loadDashboardData'. Either include it or remove the dependency array                                                       react-hooks/exhaustive-deps

src/components/common/NotificationSystem.tsx
  Line 17:18:  'CheckCircleIcon' is defined but never used                     @typescript-eslint/no-unused-vars
  Line 242:9:  'getEscalationTypeIcon' is assigned a value but never used      @typescript-eslint/no-unused-vars
  Line 257:9:  'getSupportRequestTypeIcon' is assigned a value but never used  @typescript-eslint/no-unused-vars

Search for the keywords to learn more about each warning.
To ignore, add // eslint-disable-next-line to the line before.

WARNING in [eslint] 
src/components/admin/CenterDashboard.tsx
  Line 12:3:   'Divider' is defined but never used                                                                                                                                        @typescript-eslint/no-unused-vars
  Line 16:3:   'Stack' is defined but never used                                                                                                                                          @typescript-eslint/no-unused-vars
  Line 30:15:  'SecurityIcon' is defined but never used                                                                                                                                   @typescript-eslint/no-unused-vars
  Line 31:18:  'BeachIcon' is defined but never used                                                                                                                                      @typescript-eslint/no-unused-vars
  Line 32:20:  'NotificationsIcon' is defined but never used                                                                                                                              @typescript-eslint/no-unused-vars
  Line 34:25:  'AdminIcon' is defined but never used                                                                                                                                      @typescript-eslint/no-unused-vars
  Line 35:17:  'TrendingIcon' is defined but never used                                                                                                                                   @typescript-eslint/no-unused-vars
  Line 37:11:  'WifiIcon' is defined but never used                                                                                                                                       @typescript-eslint/no-unused-vars
  Line 38:14:  'WifiOffIcon' is defined but never used                                                                                                                                    @typescript-eslint/no-unused-vars
  Line 44:19:  'DoNotDisturbIcon' is defined but never used                                                                                                                               @typescript-eslint/no-unused-vars
  Line 50:8:   'WeatherAlerts' is defined but never used                                                                                                                                  @typescript-eslint/no-unused-vars
  Line 90:10:  'rateLimitSaving' is assigned a value but never used                                                                                                                       @typescript-eslint/no-unused-vars
  Line 115:9:  'updateLifeguardStats' is assigned a value but never used                                                                                                                  @typescript-eslint/no-unused-vars
  Line 138:9:  'updateShiftStats' is assigned a value but never used                                                                                                                      @typescript-eslint/no-unused-vars
  Line 298:6:  React Hook useEffect has missing dependencies: 'updateAlertsCount', 'updateSafetyFlagStats', and 'updateWeatherStats'. Either include them or remove the dependency array  react-hooks/exhaustive-deps
  Line 313:6:  React Hook useEffect has a missing dependency: 'loadDashboardData'. Either include it or remove the dependency array                                                       react-hooks/exhaustive-deps

src/components/common/NotificationSystem.tsx
  Line 17:18:  'CheckCircleIcon' is defined but never used                     @typescript-eslint/no-unused-vars
  Line 242:9:  'getEscalationTypeIcon' is assigned a value but never used      @typescript-eslint/no-unused-vars
  Line 257:9:  'getSupportRequestTypeIcon' is assigned a value but never used  @typescript-eslint/no-unused-vars

webpack compiled with 1 warning
No issues found.
Compiling...
Compiled with warnings.

[eslint] 
src/components/admin/CenterDashboard.tsx
  Line 12:3:   'Divider' is defined but never used                                                                                                                                        @typescript-eslint/no-unused-vars
  Line 16:3:   'Stack' is defined but never used                                                                                                                                          @typescript-eslint/no-unused-vars
  Line 30:15:  'SecurityIcon' is defined but never used                                                                                                                                   @typescript-eslint/no-unused-vars
  Line 31:18:  'BeachIcon' is defined but never used                                                                                                                                      @typescript-eslint/no-unused-vars
  Line 32:20:  'NotificationsIcon' is defined but never used                                                                                                                              @typescript-eslint/no-unused-vars
  Line 34:25:  'AdminIcon' is defined but never used                                                                                                                                      @typescript-eslint/no-unused-vars
  Line 35:17:  'TrendingIcon' is defined but never used                                                                                                                                   @typescript-eslint/no-unused-vars
  Line 37:11:  'WifiIcon' is defined but never used                                                                                                                                       @typescript-eslint/no-unused-vars
  Line 38:14:  'WifiOffIcon' is defined but never used                                                                                                                                    @typescript-eslint/no-unused-vars
  Line 44:19:  'DoNotDisturbIcon' is defined but never used                                                                                                                               @typescript-eslint/no-unused-vars
  Line 50:8:   'WeatherAlerts' is defined but never used                                                                                                                                  @typescript-eslint/no-unused-vars
  Line 90:10:  'rateLimitSaving' is assigned a value but never used                                                                                                                       @typescript-eslint/no-unused-vars
  Line 115:9:  'updateLifeguardStats' is assigned a value but never used                                                                                                                  @typescript-eslint/no-unused-vars
  Line 138:9:  'updateShiftStats' is assigned a value but never used                                                                                                                      @typescript-eslint/no-unused-vars
  Line 298:6:  React Hook useEffect has missing dependencies: 'updateAlertsCount', 'updateSafetyFlagStats', and 'updateWeatherStats'. Either include them or remove the dependency array  react-hooks/exhaustive-deps
  Line 313:6:  React Hook useEffect has a missing dependency: 'loadDashboardData'. Either include it or remove the dependency array                                                       react-hooks/exhaustive-deps

src/components/common/NotificationSystem.tsx
  Line 17:18:  'CheckCircleIcon' is defined but never used                     @typescript-eslint/no-unused-vars
  Line 242:9:  'getEscalationTypeIcon' is assigned a value but never used      @typescript-eslint/no-unused-vars
  Line 257:9:  'getSupportRequestTypeIcon' is assigned a value but never used  @typescript-eslint/no-unused-vars

src/components/system-admin/SystemDashboard.tsx
  Line 1:27:   'useEffect' is defined but never used                @typescript-eslint/no-unused-vars
  Line 8:3:    'Button' is defined but never used                   @typescript-eslint/no-unused-vars
  Line 10:3:   'Alert' is defined but never used                    @typescript-eslint/no-unused-vars
  Line 12:3:   'Paper' is defined but never used                    @typescript-eslint/no-unused-vars
  Line 13:3:   'Divider' is defined but never used                  @typescript-eslint/no-unused-vars
  Line 26:15:  'SecurityIcon' is defined but never used             @typescript-eslint/no-unused-vars
  Line 32:15:  'SettingsIcon' is defined but never used             @typescript-eslint/no-unused-vars
  Line 33:16:  'DashboardIcon' is defined but never used            @typescript-eslint/no-unused-vars
  Line 35:20:  'NotificationsIcon' is defined but never used        @typescript-eslint/no-unused-vars
  Line 37:17:  'LocationIcon' is defined but never used             @typescript-eslint/no-unused-vars
  Line 38:15:  'ScheduleIcon' is defined but never used             @typescript-eslint/no-unused-vars
  Line 143:9:  'getStatusColor' is assigned a value but never used  @typescript-eslint/no-unused-vars
  Line 160:9:  'getStatusIcon' is assigned a value but never used   @typescript-eslint/no-unused-vars

Search for the keywords to learn more about each warning.
To ignore, add // eslint-disable-next-line to the line before.

WARNING in [eslint] 
src/components/admin/CenterDashboard.tsx
  Line 12:3:   'Divider' is defined but never used                                                                                                                                        @typescript-eslint/no-unused-vars
  Line 16:3:   'Stack' is defined but never used                                                                                                                                          @typescript-eslint/no-unused-vars
  Line 30:15:  'SecurityIcon' is defined but never used                                                                                                                                   @typescript-eslint/no-unused-vars
  Line 31:18:  'BeachIcon' is defined but never used                                                                                                                                      @typescript-eslint/no-unused-vars
  Line 32:20:  'NotificationsIcon' is defined but never used                                                                                                                              @typescript-eslint/no-unused-vars
  Line 34:25:  'AdminIcon' is defined but never used                                                                                                                                      @typescript-eslint/no-unused-vars
  Line 35:17:  'TrendingIcon' is defined but never used                                                                                                                                   @typescript-eslint/no-unused-vars
  Line 37:11:  'WifiIcon' is defined but never used                                                                                                                                       @typescript-eslint/no-unused-vars
  Line 38:14:  'WifiOffIcon' is defined but never used                                                                                                                                    @typescript-eslint/no-unused-vars
  Line 44:19:  'DoNotDisturbIcon' is defined but never used                                                                                                                               @typescript-eslint/no-unused-vars
  Line 50:8:   'WeatherAlerts' is defined but never used                                                                                                                                  @typescript-eslint/no-unused-vars
  Line 90:10:  'rateLimitSaving' is assigned a value but never used                                                                                                                       @typescript-eslint/no-unused-vars
  Line 115:9:  'updateLifeguardStats' is assigned a value but never used                                                                                                                  @typescript-eslint/no-unused-vars
  Line 138:9:  'updateShiftStats' is assigned a value but never used                                                                                                                      @typescript-eslint/no-unused-vars
  Line 298:6:  React Hook useEffect has missing dependencies: 'updateAlertsCount', 'updateSafetyFlagStats', and 'updateWeatherStats'. Either include them or remove the dependency array  react-hooks/exhaustive-deps
  Line 313:6:  React Hook useEffect has a missing dependency: 'loadDashboardData'. Either include it or remove the dependency array                                                       react-hooks/exhaustive-deps

src/components/common/NotificationSystem.tsx
  Line 17:18:  'CheckCircleIcon' is defined but never used                     @typescript-eslint/no-unused-vars
  Line 242:9:  'getEscalationTypeIcon' is assigned a value but never used      @typescript-eslint/no-unused-vars
  Line 257:9:  'getSupportRequestTypeIcon' is assigned a value but never used  @typescript-eslint/no-unused-vars

src/components/system-admin/SystemDashboard.tsx
  Line 1:27:   'useEffect' is defined but never used                @typescript-eslint/no-unused-vars
  Line 8:3:    'Button' is defined but never used                   @typescript-eslint/no-unused-vars
  Line 10:3:   'Alert' is defined but never used                    @typescript-eslint/no-unused-vars
  Line 12:3:   'Paper' is defined but never used                    @typescript-eslint/no-unused-vars
  Line 13:3:   'Divider' is defined but never used                  @typescript-eslint/no-unused-vars
  Line 26:15:  'SecurityIcon' is defined but never used             @typescript-eslint/no-unused-vars
  Line 32:15:  'SettingsIcon' is defined but never used             @typescript-eslint/no-unused-vars
  Line 33:16:  'DashboardIcon' is defined but never used            @typescript-eslint/no-unused-vars
  Line 35:20:  'NotificationsIcon' is defined but never used        @typescript-eslint/no-unused-vars
  Line 37:17:  'LocationIcon' is defined but never used             @typescript-eslint/no-unused-vars
  Line 38:15:  'ScheduleIcon' is defined but never used             @typescript-eslint/no-unused-vars
  Line 143:9:  'getStatusColor' is assigned a value but never used  @typescript-eslint/no-unused-vars
  Line 160:9:  'getStatusIcon' is assigned a value but never used   @typescript-eslint/no-unused-vars

webpack compiled with 1 warning
Compiling...
No issues found.
Compiled with warnings.

[eslint] 
src/components/admin/CenterDashboard.tsx
  Line 12:3:   'Divider' is defined but never used                                                                                                                                        @typescript-eslint/no-unused-vars
  Line 16:3:   'Stack' is defined but never used                                                                                                                                          @typescript-eslint/no-unused-vars
  Line 30:15:  'SecurityIcon' is defined but never used                                                                                                                                   @typescript-eslint/no-unused-vars
  Line 31:18:  'BeachIcon' is defined but never used                                                                                                                                      @typescript-eslint/no-unused-vars
  Line 32:20:  'NotificationsIcon' is defined but never used                                                                                                                              @typescript-eslint/no-unused-vars
  Line 34:25:  'AdminIcon' is defined but never used                                                                                                                                      @typescript-eslint/no-unused-vars
  Line 35:17:  'TrendingIcon' is defined but never used                                                                                                                                   @typescript-eslint/no-unused-vars
  Line 37:11:  'WifiIcon' is defined but never used                                                                                                                                       @typescript-eslint/no-unused-vars
  Line 38:14:  'WifiOffIcon' is defined but never used                                                                                                                                    @typescript-eslint/no-unused-vars
  Line 44:19:  'DoNotDisturbIcon' is defined but never used                                                                                                                               @typescript-eslint/no-unused-vars
  Line 50:8:   'WeatherAlerts' is defined but never used                                                                                                                                  @typescript-eslint/no-unused-vars
  Line 90:10:  'rateLimitSaving' is assigned a value but never used                                                                                                                       @typescript-eslint/no-unused-vars
  Line 115:9:  'updateLifeguardStats' is assigned a value but never used                                                                                                                  @typescript-eslint/no-unused-vars
  Line 138:9:  'updateShiftStats' is assigned a value but never used                                                                                                                      @typescript-eslint/no-unused-vars
  Line 298:6:  React Hook useEffect has missing dependencies: 'updateAlertsCount', 'updateSafetyFlagStats', and 'updateWeatherStats'. Either include them or remove the dependency array  react-hooks/exhaustive-deps
  Line 313:6:  React Hook useEffect has a missing dependency: 'loadDashboardData'. Either include it or remove the dependency array                                                       react-hooks/exhaustive-deps

src/components/common/NotificationSystem.tsx
  Line 17:18:  'CheckCircleIcon' is defined but never used                     @typescript-eslint/no-unused-vars
  Line 242:9:  'getEscalationTypeIcon' is assigned a value but never used      @typescript-eslint/no-unused-vars
  Line 257:9:  'getSupportRequestTypeIcon' is assigned a value but never used  @typescript-eslint/no-unused-vars

src/components/system-admin/SystemDashboard.tsx
  Line 1:27:   'useEffect' is defined but never used                @typescript-eslint/no-unused-vars
  Line 8:3:    'Button' is defined but never used                   @typescript-eslint/no-unused-vars
  Line 10:3:   'Alert' is defined but never used                    @typescript-eslint/no-unused-vars
  Line 12:3:   'Paper' is defined but never used                    @typescript-eslint/no-unused-vars
  Line 13:3:   'Divider' is defined but never used                  @typescript-eslint/no-unused-vars
  Line 26:15:  'SecurityIcon' is defined but never used             @typescript-eslint/no-unused-vars
  Line 32:15:  'SettingsIcon' is defined but never used             @typescript-eslint/no-unused-vars
  Line 33:16:  'DashboardIcon' is defined but never used            @typescript-eslint/no-unused-vars
  Line 35:20:  'NotificationsIcon' is defined but never used        @typescript-eslint/no-unused-vars
  Line 37:17:  'LocationIcon' is defined but never used             @typescript-eslint/no-unused-vars
  Line 38:15:  'ScheduleIcon' is defined but never used             @typescript-eslint/no-unused-vars
  Line 143:9:  'getStatusColor' is assigned a value but never used  @typescript-eslint/no-unused-vars
  Line 160:9:  'getStatusIcon' is assigned a value but never used   @typescript-eslint/no-unused-vars

Search for the keywords to learn more about each warning.
To ignore, add // eslint-disable-next-line to the line before.

WARNING in [eslint] 
src/components/admin/CenterDashboard.tsx
  Line 12:3:   'Divider' is defined but never used                                                                                                                                        @typescript-eslint/no-unused-vars
  Line 16:3:   'Stack' is defined but never used                                                                                                                                          @typescript-eslint/no-unused-vars
  Line 30:15:  'SecurityIcon' is defined but never used                                                                                                                                   @typescript-eslint/no-unused-vars
  Line 31:18:  'BeachIcon' is defined but never used                                                                                                                                      @typescript-eslint/no-unused-vars
  Line 32:20:  'NotificationsIcon' is defined but never used                                                                                                                              @typescript-eslint/no-unused-vars
  Line 34:25:  'AdminIcon' is defined but never used                                                                                                                                      @typescript-eslint/no-unused-vars
  Line 35:17:  'TrendingIcon' is defined but never used                                                                                                                                   @typescript-eslint/no-unused-vars
  Line 37:11:  'WifiIcon' is defined but never used                                                                                                                                       @typescript-eslint/no-unused-vars
  Line 38:14:  'WifiOffIcon' is defined but never used                                                                                                                                    @typescript-eslint/no-unused-vars
  Line 44:19:  'DoNotDisturbIcon' is defined but never used                                                                                                                               @typescript-eslint/no-unused-vars
  Line 50:8:   'WeatherAlerts' is defined but never used                                                                                                                                  @typescript-eslint/no-unused-vars
  Line 90:10:  'rateLimitSaving' is assigned a value but never used                                                                                                                       @typescript-eslint/no-unused-vars
  Line 115:9:  'updateLifeguardStats' is assigned a value but never used                                                                                                                  @typescript-eslint/no-unused-vars
  Line 138:9:  'updateShiftStats' is assigned a value but never used                                                                                                                      @typescript-eslint/no-unused-vars
  Line 298:6:  React Hook useEffect has missing dependencies: 'updateAlertsCount', 'updateSafetyFlagStats', and 'updateWeatherStats'. Either include them or remove the dependency array  react-hooks/exhaustive-deps
  Line 313:6:  React Hook useEffect has a missing dependency: 'loadDashboardData'. Either include it or remove the dependency array                                                       react-hooks/exhaustive-deps

src/components/common/NotificationSystem.tsx
  Line 17:18:  'CheckCircleIcon' is defined but never used                     @typescript-eslint/no-unused-vars
  Line 242:9:  'getEscalationTypeIcon' is assigned a value but never used      @typescript-eslint/no-unused-vars
  Line 257:9:  'getSupportRequestTypeIcon' is assigned a value but never used  @typescript-eslint/no-unused-vars

src/components/system-admin/SystemDashboard.tsx
  Line 1:27:   'useEffect' is defined but never used                @typescript-eslint/no-unused-vars
  Line 8:3:    'Button' is defined but never used                   @typescript-eslint/no-unused-vars
  Line 10:3:   'Alert' is defined but never used                    @typescript-eslint/no-unused-vars
  Line 12:3:   'Paper' is defined but never used                    @typescript-eslint/no-unused-vars
  Line 13:3:   'Divider' is defined but never used                  @typescript-eslint/no-unused-vars
  Line 26:15:  'SecurityIcon' is defined but never used             @typescript-eslint/no-unused-vars
  Line 32:15:  'SettingsIcon' is defined but never used             @typescript-eslint/no-unused-vars
  Line 33:16:  'DashboardIcon' is defined but never used            @typescript-eslint/no-unused-vars
  Line 35:20:  'NotificationsIcon' is defined but never used        @typescript-eslint/no-unused-vars
  Line 37:17:  'LocationIcon' is defined but never used             @typescript-eslint/no-unused-vars
  Line 38:15:  'ScheduleIcon' is defined but never used             @typescript-eslint/no-unused-vars
  Line 143:9:  'getStatusColor' is assigned a value but never used  @typescript-eslint/no-unused-vars
  Line 160:9:  'getStatusIcon' is assigned a value but never used   @typescript-eslint/no-unused-vars

webpack compiled with 1 warning
No issues found.
Compiling...
Compiled with warnings.

[eslint] 
src/components/admin/CenterDashboard.tsx
  Line 12:3:   'Divider' is defined but never used                                                                                                                                        @typescript-eslint/no-unused-vars
  Line 16:3:   'Stack' is defined but never used                                                                                                                                          @typescript-eslint/no-unused-vars
  Line 30:15:  'SecurityIcon' is defined but never used                                                                                                                                   @typescript-eslint/no-unused-vars
  Line 31:18:  'BeachIcon' is defined but never used                                                                                                                                      @typescript-eslint/no-unused-vars
  Line 32:20:  'NotificationsIcon' is defined but never used                                                                                                                              @typescript-eslint/no-unused-vars
  Line 34:25:  'AdminIcon' is defined but never used                                                                                                                                      @typescript-eslint/no-unused-vars
  Line 35:17:  'TrendingIcon' is defined but never used                                                                                                                                   @typescript-eslint/no-unused-vars
  Line 37:11:  'WifiIcon' is defined but never used                                                                                                                                       @typescript-eslint/no-unused-vars
  Line 38:14:  'WifiOffIcon' is defined but never used                                                                                                                                    @typescript-eslint/no-unused-vars
  Line 44:19:  'DoNotDisturbIcon' is defined but never used                                                                                                                               @typescript-eslint/no-unused-vars
  Line 50:8:   'WeatherAlerts' is defined but never used                                                                                                                                  @typescript-eslint/no-unused-vars
  Line 90:10:  'rateLimitSaving' is assigned a value but never used                                                                                                                       @typescript-eslint/no-unused-vars
  Line 115:9:  'updateLifeguardStats' is assigned a value but never used                                                                                                                  @typescript-eslint/no-unused-vars
  Line 138:9:  'updateShiftStats' is assigned a value but never used                                                                                                                      @typescript-eslint/no-unused-vars
  Line 298:6:  React Hook useEffect has missing dependencies: 'updateAlertsCount', 'updateSafetyFlagStats', and 'updateWeatherStats'. Either include them or remove the dependency array  react-hooks/exhaustive-deps
  Line 313:6:  React Hook useEffect has a missing dependency: 'loadDashboardData'. Either include it or remove the dependency array                                                       react-hooks/exhaustive-deps

src/components/common/NotificationSystem.tsx
  Line 17:18:  'CheckCircleIcon' is defined but never used                     @typescript-eslint/no-unused-vars
  Line 242:9:  'getEscalationTypeIcon' is assigned a value but never used      @typescript-eslint/no-unused-vars
  Line 257:9:  'getSupportRequestTypeIcon' is assigned a value but never used  @typescript-eslint/no-unused-vars

src/components/system-admin/SystemDashboard.tsx
  Line 1:27:   'useEffect' is defined but never used                @typescript-eslint/no-unused-vars
  Line 8:3:    'Button' is defined but never used                   @typescript-eslint/no-unused-vars
  Line 10:3:   'Alert' is defined but never used                    @typescript-eslint/no-unused-vars
  Line 12:3:   'Paper' is defined but never used                    @typescript-eslint/no-unused-vars
  Line 13:3:   'Divider' is defined but never used                  @typescript-eslint/no-unused-vars
  Line 26:15:  'SecurityIcon' is defined but never used             @typescript-eslint/no-unused-vars
  Line 32:15:  'SettingsIcon' is defined but never used             @typescript-eslint/no-unused-vars
  Line 33:16:  'DashboardIcon' is defined but never used            @typescript-eslint/no-unused-vars
  Line 35:20:  'NotificationsIcon' is defined but never used        @typescript-eslint/no-unused-vars
  Line 37:17:  'LocationIcon' is defined but never used             @typescript-eslint/no-unused-vars
  Line 38:15:  'ScheduleIcon' is defined but never used             @typescript-eslint/no-unused-vars
  Line 143:9:  'getStatusColor' is assigned a value but never used  @typescript-eslint/no-unused-vars
  Line 160:9:  'getStatusIcon' is assigned a value but never used   @typescript-eslint/no-unused-vars

Search for the keywords to learn more about each warning.
To ignore, add // eslint-disable-next-line to the line before.

WARNING in [eslint] 
src/components/admin/CenterDashboard.tsx
  Line 12:3:   'Divider' is defined but never used                                                                                                                                        @typescript-eslint/no-unused-vars
  Line 16:3:   'Stack' is defined but never used                                                                                                                                          @typescript-eslint/no-unused-vars
  Line 30:15:  'SecurityIcon' is defined but never used                                                                                                                                   @typescript-eslint/no-unused-vars
  Line 31:18:  'BeachIcon' is defined but never used                                                                                                                                      @typescript-eslint/no-unused-vars
  Line 32:20:  'NotificationsIcon' is defined but never used                                                                                                                              @typescript-eslint/no-unused-vars
  Line 34:25:  'AdminIcon' is defined but never used                                                                                                                                      @typescript-eslint/no-unused-vars
  Line 35:17:  'TrendingIcon' is defined but never used                                                                                                                                   @typescript-eslint/no-unused-vars
  Line 37:11:  'WifiIcon' is defined but never used                                                                                                                                       @typescript-eslint/no-unused-vars
  Line 38:14:  'WifiOffIcon' is defined but never used                                                                                                                                    @typescript-eslint/no-unused-vars
  Line 44:19:  'DoNotDisturbIcon' is defined but never used                                                                                                                               @typescript-eslint/no-unused-vars
  Line 50:8:   'WeatherAlerts' is defined but never used                                                                                                                                  @typescript-eslint/no-unused-vars
  Line 90:10:  'rateLimitSaving' is assigned a value but never used                                                                                                                       @typescript-eslint/no-unused-vars
  Line 115:9:  'updateLifeguardStats' is assigned a value but never used                                                                                                                  @typescript-eslint/no-unused-vars
  Line 138:9:  'updateShiftStats' is assigned a value but never used                                                                                                                      @typescript-eslint/no-unused-vars
  Line 298:6:  React Hook useEffect has missing dependencies: 'updateAlertsCount', 'updateSafetyFlagStats', and 'updateWeatherStats'. Either include them or remove the dependency array  react-hooks/exhaustive-deps
  Line 313:6:  React Hook useEffect has a missing dependency: 'loadDashboardData'. Either include it or remove the dependency array                                                       react-hooks/exhaustive-deps

src/components/common/NotificationSystem.tsx
  Line 17:18:  'CheckCircleIcon' is defined but never used                     @typescript-eslint/no-unused-vars
  Line 242:9:  'getEscalationTypeIcon' is assigned a value but never used      @typescript-eslint/no-unused-vars
  Line 257:9:  'getSupportRequestTypeIcon' is assigned a value but never used  @typescript-eslint/no-unused-vars

src/components/system-admin/SystemDashboard.tsx
  Line 1:27:   'useEffect' is defined but never used                @typescript-eslint/no-unused-vars
  Line 8:3:    'Button' is defined but never used                   @typescript-eslint/no-unused-vars
  Line 10:3:   'Alert' is defined but never used                    @typescript-eslint/no-unused-vars
  Line 12:3:   'Paper' is defined but never used                    @typescript-eslint/no-unused-vars
  Line 13:3:   'Divider' is defined but never used                  @typescript-eslint/no-unused-vars
  Line 26:15:  'SecurityIcon' is defined but never used             @typescript-eslint/no-unused-vars
  Line 32:15:  'SettingsIcon' is defined but never used             @typescript-eslint/no-unused-vars
  Line 33:16:  'DashboardIcon' is defined but never used            @typescript-eslint/no-unused-vars
  Line 35:20:  'NotificationsIcon' is defined but never used        @typescript-eslint/no-unused-vars
  Line 37:17:  'LocationIcon' is defined but never used             @typescript-eslint/no-unused-vars
  Line 38:15:  'ScheduleIcon' is defined but never used             @typescript-eslint/no-unused-vars
  Line 143:9:  'getStatusColor' is assigned a value but never used  @typescript-eslint/no-unused-vars
  Line 160:9:  'getStatusIcon' is assigned a value but never used   @typescript-eslint/no-unused-vars

webpack compiled with 1 warning
No issues found.
Compiling...
Compiled with warnings.

[eslint] 
src/components/admin/CenterDashboard.tsx
  Line 12:3:   'Divider' is defined but never used                                                                                                                                        @typescript-eslint/no-unused-vars
  Line 16:3:   'Stack' is defined but never used                                                                                                                                          @typescript-eslint/no-unused-vars
  Line 30:15:  'SecurityIcon' is defined but never used                                                                                                                                   @typescript-eslint/no-unused-vars
  Line 31:18:  'BeachIcon' is defined but never used                                                                                                                                      @typescript-eslint/no-unused-vars
  Line 32:20:  'NotificationsIcon' is defined but never used                                                                                                                              @typescript-eslint/no-unused-vars
  Line 34:25:  'AdminIcon' is defined but never used                                                                                                                                      @typescript-eslint/no-unused-vars
  Line 35:17:  'TrendingIcon' is defined but never used                                                                                                                                   @typescript-eslint/no-unused-vars
  Line 37:11:  'WifiIcon' is defined but never used                                                                                                                                       @typescript-eslint/no-unused-vars
  Line 38:14:  'WifiOffIcon' is defined but never used                                                                                                                                    @typescript-eslint/no-unused-vars
  Line 44:19:  'DoNotDisturbIcon' is defined but never used                                                                                                                               @typescript-eslint/no-unused-vars
  Line 50:8:   'WeatherAlerts' is defined but never used                                                                                                                                  @typescript-eslint/no-unused-vars
  Line 90:10:  'rateLimitSaving' is assigned a value but never used                                                                                                                       @typescript-eslint/no-unused-vars
  Line 115:9:  'updateLifeguardStats' is assigned a value but never used                                                                                                                  @typescript-eslint/no-unused-vars
  Line 138:9:  'updateShiftStats' is assigned a value but never used                                                                                                                      @typescript-eslint/no-unused-vars
  Line 298:6:  React Hook useEffect has missing dependencies: 'updateAlertsCount', 'updateSafetyFlagStats', and 'updateWeatherStats'. Either include them or remove the dependency array  react-hooks/exhaustive-deps
  Line 313:6:  React Hook useEffect has a missing dependency: 'loadDashboardData'. Either include it or remove the dependency array                                                       react-hooks/exhaustive-deps

src/components/common/NotificationSystem.tsx
  Line 17:18:  'CheckCircleIcon' is defined but never used                     @typescript-eslint/no-unused-vars
  Line 242:9:  'getEscalationTypeIcon' is assigned a value but never used      @typescript-eslint/no-unused-vars
  Line 257:9:  'getSupportRequestTypeIcon' is assigned a value but never used  @typescript-eslint/no-unused-vars

src/components/system-admin/SystemDashboard.tsx
  Line 1:27:   'useEffect' is defined but never used                @typescript-eslint/no-unused-vars
  Line 8:3:    'Button' is defined but never used                   @typescript-eslint/no-unused-vars
  Line 10:3:   'Alert' is defined but never used                    @typescript-eslint/no-unused-vars
  Line 12:3:   'Paper' is defined but never used                    @typescript-eslint/no-unused-vars
  Line 13:3:   'Divider' is defined but never used                  @typescript-eslint/no-unused-vars
  Line 26:15:  'SecurityIcon' is defined but never used             @typescript-eslint/no-unused-vars
  Line 32:15:  'SettingsIcon' is defined but never used             @typescript-eslint/no-unused-vars
  Line 33:16:  'DashboardIcon' is defined but never used            @typescript-eslint/no-unused-vars
  Line 34:11:  'FlagIcon' is defined but never used                 @typescript-eslint/no-unused-vars
  Line 35:20:  'NotificationsIcon' is defined but never used        @typescript-eslint/no-unused-vars
  Line 37:17:  'LocationIcon' is defined but never used             @typescript-eslint/no-unused-vars
  Line 38:15:  'ScheduleIcon' is defined but never used             @typescript-eslint/no-unused-vars
  Line 143:9:  'getStatusColor' is assigned a value but never used  @typescript-eslint/no-unused-vars
  Line 160:9:  'getStatusIcon' is assigned a value but never used   @typescript-eslint/no-unused-vars

Search for the keywords to learn more about each warning.
To ignore, add // eslint-disable-next-line to the line before.

WARNING in [eslint] 
src/components/admin/CenterDashboard.tsx
  Line 12:3:   'Divider' is defined but never used                                                                                                                                        @typescript-eslint/no-unused-vars
  Line 16:3:   'Stack' is defined but never used                                                                                                                                          @typescript-eslint/no-unused-vars
  Line 30:15:  'SecurityIcon' is defined but never used                                                                                                                                   @typescript-eslint/no-unused-vars
  Line 31:18:  'BeachIcon' is defined but never used                                                                                                                                      @typescript-eslint/no-unused-vars
  Line 32:20:  'NotificationsIcon' is defined but never used                                                                                                                              @typescript-eslint/no-unused-vars
  Line 34:25:  'AdminIcon' is defined but never used                                                                                                                                      @typescript-eslint/no-unused-vars
  Line 35:17:  'TrendingIcon' is defined but never used                                                                                                                                   @typescript-eslint/no-unused-vars
  Line 37:11:  'WifiIcon' is defined but never used                                                                                                                                       @typescript-eslint/no-unused-vars
  Line 38:14:  'WifiOffIcon' is defined but never used                                                                                                                                    @typescript-eslint/no-unused-vars
  Line 44:19:  'DoNotDisturbIcon' is defined but never used                                                                                                                               @typescript-eslint/no-unused-vars
  Line 50:8:   'WeatherAlerts' is defined but never used                                                                                                                                  @typescript-eslint/no-unused-vars
  Line 90:10:  'rateLimitSaving' is assigned a value but never used                                                                                                                       @typescript-eslint/no-unused-vars
  Line 115:9:  'updateLifeguardStats' is assigned a value but never used                                                                                                                  @typescript-eslint/no-unused-vars
  Line 138:9:  'updateShiftStats' is assigned a value but never used                                                                                                                      @typescript-eslint/no-unused-vars
  Line 298:6:  React Hook useEffect has missing dependencies: 'updateAlertsCount', 'updateSafetyFlagStats', and 'updateWeatherStats'. Either include them or remove the dependency array  react-hooks/exhaustive-deps
  Line 313:6:  React Hook useEffect has a missing dependency: 'loadDashboardData'. Either include it or remove the dependency array                                                       react-hooks/exhaustive-deps

src/components/common/NotificationSystem.tsx
  Line 17:18:  'CheckCircleIcon' is defined but never used                     @typescript-eslint/no-unused-vars
  Line 242:9:  'getEscalationTypeIcon' is assigned a value but never used      @typescript-eslint/no-unused-vars
  Line 257:9:  'getSupportRequestTypeIcon' is assigned a value but never used  @typescript-eslint/no-unused-vars

src/components/system-admin/SystemDashboard.tsx
  Line 1:27:   'useEffect' is defined but never used                @typescript-eslint/no-unused-vars
  Line 8:3:    'Button' is defined but never used                   @typescript-eslint/no-unused-vars
  Line 10:3:   'Alert' is defined but never used                    @typescript-eslint/no-unused-vars
  Line 12:3:   'Paper' is defined but never used                    @typescript-eslint/no-unused-vars
  Line 13:3:   'Divider' is defined but never used                  @typescript-eslint/no-unused-vars
  Line 26:15:  'SecurityIcon' is defined but never used             @typescript-eslint/no-unused-vars
  Line 32:15:  'SettingsIcon' is defined but never used             @typescript-eslint/no-unused-vars
  Line 33:16:  'DashboardIcon' is defined but never used            @typescript-eslint/no-unused-vars
  Line 34:11:  'FlagIcon' is defined but never used                 @typescript-eslint/no-unused-vars
  Line 35:20:  'NotificationsIcon' is defined but never used        @typescript-eslint/no-unused-vars
  Line 37:17:  'LocationIcon' is defined but never used             @typescript-eslint/no-unused-vars
  Line 38:15:  'ScheduleIcon' is defined but never used             @typescript-eslint/no-unused-vars
  Line 143:9:  'getStatusColor' is assigned a value but never used  @typescript-eslint/no-unused-vars
  Line 160:9:  'getStatusIcon' is assigned a value but never used   @typescript-eslint/no-unused-vars

webpack compiled with 1 warning
Compiling...
No issues found.
Compiled with warnings.

[eslint] 
src/components/admin/CenterDashboard.tsx
  Line 12:3:   'Divider' is defined but never used                                                                                                                                        @typescript-eslint/no-unused-vars
  Line 16:3:   'Stack' is defined but never used                                                                                                                                          @typescript-eslint/no-unused-vars
  Line 30:15:  'SecurityIcon' is defined but never used                                                                                                                                   @typescript-eslint/no-unused-vars
  Line 31:18:  'BeachIcon' is defined but never used                                                                                                                                      @typescript-eslint/no-unused-vars
  Line 32:20:  'NotificationsIcon' is defined but never used                                                                                                                              @typescript-eslint/no-unused-vars
  Line 34:25:  'AdminIcon' is defined but never used                                                                                                                                      @typescript-eslint/no-unused-vars
  Line 35:17:  'TrendingIcon' is defined but never used                                                                                                                                   @typescript-eslint/no-unused-vars
  Line 37:11:  'WifiIcon' is defined but never used                                                                                                                                       @typescript-eslint/no-unused-vars
  Line 38:14:  'WifiOffIcon' is defined but never used                                                                                                                                    @typescript-eslint/no-unused-vars
  Line 44:19:  'DoNotDisturbIcon' is defined but never used                                                                                                                               @typescript-eslint/no-unused-vars
  Line 50:8:   'WeatherAlerts' is defined but never used                                                                                                                                  @typescript-eslint/no-unused-vars
  Line 90:10:  'rateLimitSaving' is assigned a value but never used                                                                                                                       @typescript-eslint/no-unused-vars
  Line 115:9:  'updateLifeguardStats' is assigned a value but never used                                                                                                                  @typescript-eslint/no-unused-vars
  Line 138:9:  'updateShiftStats' is assigned a value but never used                                                                                                                      @typescript-eslint/no-unused-vars
  Line 298:6:  React Hook useEffect has missing dependencies: 'updateAlertsCount', 'updateSafetyFlagStats', and 'updateWeatherStats'. Either include them or remove the dependency array  react-hooks/exhaustive-deps
  Line 313:6:  React Hook useEffect has a missing dependency: 'loadDashboardData'. Either include it or remove the dependency array                                                       react-hooks/exhaustive-deps

src/components/common/NotificationSystem.tsx
  Line 17:18:  'CheckCircleIcon' is defined but never used                     @typescript-eslint/no-unused-vars
  Line 242:9:  'getEscalationTypeIcon' is assigned a value but never used      @typescript-eslint/no-unused-vars
  Line 257:9:  'getSupportRequestTypeIcon' is assigned a value but never used  @typescript-eslint/no-unused-vars

src/components/system-admin/SystemDashboard.tsx
  Line 1:27:   'useEffect' is defined but never used                @typescript-eslint/no-unused-vars
  Line 8:3:    'Button' is defined but never used                   @typescript-eslint/no-unused-vars
  Line 10:3:   'Alert' is defined but never used                    @typescript-eslint/no-unused-vars
  Line 12:3:   'Paper' is defined but never used                    @typescript-eslint/no-unused-vars
  Line 13:3:   'Divider' is defined but never used                  @typescript-eslint/no-unused-vars
  Line 26:15:  'SecurityIcon' is defined but never used             @typescript-eslint/no-unused-vars
  Line 32:15:  'SettingsIcon' is defined but never used             @typescript-eslint/no-unused-vars
  Line 33:16:  'DashboardIcon' is defined but never used            @typescript-eslint/no-unused-vars
  Line 34:11:  'FlagIcon' is defined but never used                 @typescript-eslint/no-unused-vars
  Line 35:20:  'NotificationsIcon' is defined but never used        @typescript-eslint/no-unused-vars
  Line 37:17:  'LocationIcon' is defined but never used             @typescript-eslint/no-unused-vars
  Line 38:15:  'ScheduleIcon' is defined but never used             @typescript-eslint/no-unused-vars
  Line 143:9:  'getStatusColor' is assigned a value but never used  @typescript-eslint/no-unused-vars
  Line 160:9:  'getStatusIcon' is assigned a value but never used   @typescript-eslint/no-unused-vars

Search for the keywords to learn more about each warning.
To ignore, add // eslint-disable-next-line to the line before.

WARNING in [eslint] 
src/components/admin/CenterDashboard.tsx
  Line 12:3:   'Divider' is defined but never used                                                                                                                                        @typescript-eslint/no-unused-vars
  Line 16:3:   'Stack' is defined but never used                                                                                                                                          @typescript-eslint/no-unused-vars
  Line 30:15:  'SecurityIcon' is defined but never used                                                                                                                                   @typescript-eslint/no-unused-vars
  Line 31:18:  'BeachIcon' is defined but never used                                                                                                                                      @typescript-eslint/no-unused-vars
  Line 32:20:  'NotificationsIcon' is defined but never used                                                                                                                              @typescript-eslint/no-unused-vars
  Line 34:25:  'AdminIcon' is defined but never used                                                                                                                                      @typescript-eslint/no-unused-vars
  Line 35:17:  'TrendingIcon' is defined but never used                                                                                                                                   @typescript-eslint/no-unused-vars
  Line 37:11:  'WifiIcon' is defined but never used                                                                                                                                       @typescript-eslint/no-unused-vars
  Line 38:14:  'WifiOffIcon' is defined but never used                                                                                                                                    @typescript-eslint/no-unused-vars
  Line 44:19:  'DoNotDisturbIcon' is defined but never used                                                                                                                               @typescript-eslint/no-unused-vars
  Line 50:8:   'WeatherAlerts' is defined but never used                                                                                                                                  @typescript-eslint/no-unused-vars
  Line 90:10:  'rateLimitSaving' is assigned a value but never used                                                                                                                       @typescript-eslint/no-unused-vars
  Line 115:9:  'updateLifeguardStats' is assigned a value but never used                                                                                                                  @typescript-eslint/no-unused-vars
  Line 138:9:  'updateShiftStats' is assigned a value but never used                                                                                                                      @typescript-eslint/no-unused-vars
  Line 298:6:  React Hook useEffect has missing dependencies: 'updateAlertsCount', 'updateSafetyFlagStats', and 'updateWeatherStats'. Either include them or remove the dependency array  react-hooks/exhaustive-deps
  Line 313:6:  React Hook useEffect has a missing dependency: 'loadDashboardData'. Either include it or remove the dependency array                                                       react-hooks/exhaustive-deps

src/components/common/NotificationSystem.tsx
  Line 17:18:  'CheckCircleIcon' is defined but never used                     @typescript-eslint/no-unused-vars
  Line 242:9:  'getEscalationTypeIcon' is assigned a value but never used      @typescript-eslint/no-unused-vars
  Line 257:9:  'getSupportRequestTypeIcon' is assigned a value but never used  @typescript-eslint/no-unused-vars

src/components/system-admin/SystemDashboard.tsx
  Line 1:27:   'useEffect' is defined but never used                @typescript-eslint/no-unused-vars
  Line 8:3:    'Button' is defined but never used                   @typescript-eslint/no-unused-vars
  Line 10:3:   'Alert' is defined but never used                    @typescript-eslint/no-unused-vars
  Line 12:3:   'Paper' is defined but never used                    @typescript-eslint/no-unused-vars
  Line 13:3:   'Divider' is defined but never used                  @typescript-eslint/no-unused-vars
  Line 26:15:  'SecurityIcon' is defined but never used             @typescript-eslint/no-unused-vars
  Line 32:15:  'SettingsIcon' is defined but never used             @typescript-eslint/no-unused-vars
  Line 33:16:  'DashboardIcon' is defined but never used            @typescript-eslint/no-unused-vars
  Line 34:11:  'FlagIcon' is defined but never used                 @typescript-eslint/no-unused-vars
  Line 35:20:  'NotificationsIcon' is defined but never used        @typescript-eslint/no-unused-vars
  Line 37:17:  'LocationIcon' is defined but never used             @typescript-eslint/no-unused-vars
  Line 38:15:  'ScheduleIcon' is defined but never used             @typescript-eslint/no-unused-vars
  Line 143:9:  'getStatusColor' is assigned a value but never used  @typescript-eslint/no-unused-vars
  Line 160:9:  'getStatusIcon' is assigned a value but never used   @typescript-eslint/no-unused-vars

webpack compiled with 1 warning
No issues found.
Compiling...
Compiled with warnings.

[eslint] 
src/components/admin/CenterDashboard.tsx
  Line 12:3:   'Divider' is defined but never used                                                                                                                                        @typescript-eslint/no-unused-vars
  Line 16:3:   'Stack' is defined but never used                                                                                                                                          @typescript-eslint/no-unused-vars
  Line 30:15:  'SecurityIcon' is defined but never used                                                                                                                                   @typescript-eslint/no-unused-vars
  Line 31:18:  'BeachIcon' is defined but never used                                                                                                                                      @typescript-eslint/no-unused-vars
  Line 32:20:  'NotificationsIcon' is defined but never used                                                                                                                              @typescript-eslint/no-unused-vars
  Line 34:25:  'AdminIcon' is defined but never used                                                                                                                                      @typescript-eslint/no-unused-vars
  Line 35:17:  'TrendingIcon' is defined but never used                                                                                                                                   @typescript-eslint/no-unused-vars
  Line 37:11:  'WifiIcon' is defined but never used                                                                                                                                       @typescript-eslint/no-unused-vars
  Line 38:14:  'WifiOffIcon' is defined but never used                                                                                                                                    @typescript-eslint/no-unused-vars
  Line 44:19:  'DoNotDisturbIcon' is defined but never used                                                                                                                               @typescript-eslint/no-unused-vars
  Line 50:8:   'WeatherAlerts' is defined but never used                                                                                                                                  @typescript-eslint/no-unused-vars
  Line 90:10:  'rateLimitSaving' is assigned a value but never used                                                                                                                       @typescript-eslint/no-unused-vars
  Line 115:9:  'updateLifeguardStats' is assigned a value but never used                                                                                                                  @typescript-eslint/no-unused-vars
  Line 138:9:  'updateShiftStats' is assigned a value but never used                                                                                                                      @typescript-eslint/no-unused-vars
  Line 298:6:  React Hook useEffect has missing dependencies: 'updateAlertsCount', 'updateSafetyFlagStats', and 'updateWeatherStats'. Either include them or remove the dependency array  react-hooks/exhaustive-deps
  Line 313:6:  React Hook useEffect has a missing dependency: 'loadDashboardData'. Either include it or remove the dependency array                                                       react-hooks/exhaustive-deps

src/components/common/NotificationSystem.tsx
  Line 17:18:  'CheckCircleIcon' is defined but never used                     @typescript-eslint/no-unused-vars
  Line 242:9:  'getEscalationTypeIcon' is assigned a value but never used      @typescript-eslint/no-unused-vars
  Line 257:9:  'getSupportRequestTypeIcon' is assigned a value but never used  @typescript-eslint/no-unused-vars

src/components/system-admin/SystemDashboard.tsx
  Line 1:27:   'useEffect' is defined but never used                @typescript-eslint/no-unused-vars
  Line 8:3:    'Button' is defined but never used                   @typescript-eslint/no-unused-vars
  Line 10:3:   'Alert' is defined but never used                    @typescript-eslint/no-unused-vars
  Line 12:3:   'Paper' is defined but never used                    @typescript-eslint/no-unused-vars
  Line 13:3:   'Divider' is defined but never used                  @typescript-eslint/no-unused-vars
  Line 26:15:  'SecurityIcon' is defined but never used             @typescript-eslint/no-unused-vars
  Line 32:15:  'SettingsIcon' is defined but never used             @typescript-eslint/no-unused-vars
  Line 33:16:  'DashboardIcon' is defined but never used            @typescript-eslint/no-unused-vars
  Line 34:11:  'FlagIcon' is defined but never used                 @typescript-eslint/no-unused-vars
  Line 35:20:  'NotificationsIcon' is defined but never used        @typescript-eslint/no-unused-vars
  Line 37:17:  'LocationIcon' is defined but never used             @typescript-eslint/no-unused-vars
  Line 38:15:  'ScheduleIcon' is defined but never used             @typescript-eslint/no-unused-vars
  Line 143:9:  'getStatusColor' is assigned a value but never used  @typescript-eslint/no-unused-vars
  Line 160:9:  'getStatusIcon' is assigned a value but never used   @typescript-eslint/no-unused-vars

Search for the keywords to learn more about each warning.
To ignore, add // eslint-disable-next-line to the line before.

WARNING in [eslint] 
src/components/admin/CenterDashboard.tsx
  Line 12:3:   'Divider' is defined but never used                                                                                                                                        @typescript-eslint/no-unused-vars
  Line 16:3:   'Stack' is defined but never used                                                                                                                                          @typescript-eslint/no-unused-vars
  Line 30:15:  'SecurityIcon' is defined but never used                                                                                                                                   @typescript-eslint/no-unused-vars
  Line 31:18:  'BeachIcon' is defined but never used                                                                                                                                      @typescript-eslint/no-unused-vars
  Line 32:20:  'NotificationsIcon' is defined but never used                                                                                                                              @typescript-eslint/no-unused-vars
  Line 34:25:  'AdminIcon' is defined but never used                                                                                                                                      @typescript-eslint/no-unused-vars
  Line 35:17:  'TrendingIcon' is defined but never used                                                                                                                                   @typescript-eslint/no-unused-vars
  Line 37:11:  'WifiIcon' is defined but never used                                                                                                                                       @typescript-eslint/no-unused-vars
  Line 38:14:  'WifiOffIcon' is defined but never used                                                                                                                                    @typescript-eslint/no-unused-vars
  Line 44:19:  'DoNotDisturbIcon' is defined but never used                                                                                                                               @typescript-eslint/no-unused-vars
  Line 50:8:   'WeatherAlerts' is defined but never used                                                                                                                                  @typescript-eslint/no-unused-vars
  Line 90:10:  'rateLimitSaving' is assigned a value but never used                                                                                                                       @typescript-eslint/no-unused-vars
  Line 115:9:  'updateLifeguardStats' is assigned a value but never used                                                                                                                  @typescript-eslint/no-unused-vars
  Line 138:9:  'updateShiftStats' is assigned a value but never used                                                                                                                      @typescript-eslint/no-unused-vars
  Line 298:6:  React Hook useEffect has missing dependencies: 'updateAlertsCount', 'updateSafetyFlagStats', and 'updateWeatherStats'. Either include them or remove the dependency array  react-hooks/exhaustive-deps
  Line 313:6:  React Hook useEffect has a missing dependency: 'loadDashboardData'. Either include it or remove the dependency array                                                       react-hooks/exhaustive-deps

src/components/common/NotificationSystem.tsx
  Line 17:18:  'CheckCircleIcon' is defined but never used                     @typescript-eslint/no-unused-vars
  Line 242:9:  'getEscalationTypeIcon' is assigned a value but never used      @typescript-eslint/no-unused-vars
  Line 257:9:  'getSupportRequestTypeIcon' is assigned a value but never used  @typescript-eslint/no-unused-vars

src/components/system-admin/SystemDashboard.tsx
  Line 1:27:   'useEffect' is defined but never used                @typescript-eslint/no-unused-vars
  Line 8:3:    'Button' is defined but never used                   @typescript-eslint/no-unused-vars
  Line 10:3:   'Alert' is defined but never used                    @typescript-eslint/no-unused-vars
  Line 12:3:   'Paper' is defined but never used                    @typescript-eslint/no-unused-vars
  Line 13:3:   'Divider' is defined but never used                  @typescript-eslint/no-unused-vars
  Line 26:15:  'SecurityIcon' is defined but never used             @typescript-eslint/no-unused-vars
  Line 32:15:  'SettingsIcon' is defined but never used             @typescript-eslint/no-unused-vars
  Line 33:16:  'DashboardIcon' is defined but never used            @typescript-eslint/no-unused-vars
  Line 34:11:  'FlagIcon' is defined but never used                 @typescript-eslint/no-unused-vars
  Line 35:20:  'NotificationsIcon' is defined but never used        @typescript-eslint/no-unused-vars
  Line 37:17:  'LocationIcon' is defined but never used             @typescript-eslint/no-unused-vars
  Line 38:15:  'ScheduleIcon' is defined but never used             @typescript-eslint/no-unused-vars
  Line 143:9:  'getStatusColor' is assigned a value but never used  @typescript-eslint/no-unused-vars
  Line 160:9:  'getStatusIcon' is assigned a value but never used   @typescript-eslint/no-unused-vars

webpack compiled with 1 warning
No issues found.
Compiling...
Compiled with warnings.

[eslint] 
src/components/admin/CenterDashboard.tsx
  Line 12:3:   'Divider' is defined but never used                                                                                                                                        @typescript-eslint/no-unused-vars
  Line 16:3:   'Stack' is defined but never used                                                                                                                                          @typescript-eslint/no-unused-vars
  Line 30:15:  'SecurityIcon' is defined but never used                                                                                                                                   @typescript-eslint/no-unused-vars
  Line 31:18:  'BeachIcon' is defined but never used                                                                                                                                      @typescript-eslint/no-unused-vars
  Line 32:20:  'NotificationsIcon' is defined but never used                                                                                                                              @typescript-eslint/no-unused-vars
  Line 34:25:  'AdminIcon' is defined but never used                                                                                                                                      @typescript-eslint/no-unused-vars
  Line 35:17:  'TrendingIcon' is defined but never used                                                                                                                                   @typescript-eslint/no-unused-vars
  Line 37:11:  'WifiIcon' is defined but never used                                                                                                                                       @typescript-eslint/no-unused-vars
  Line 38:14:  'WifiOffIcon' is defined but never used                                                                                                                                    @typescript-eslint/no-unused-vars
  Line 44:19:  'DoNotDisturbIcon' is defined but never used                                                                                                                               @typescript-eslint/no-unused-vars
  Line 50:8:   'WeatherAlerts' is defined but never used                                                                                                                                  @typescript-eslint/no-unused-vars
  Line 90:10:  'rateLimitSaving' is assigned a value but never used                                                                                                                       @typescript-eslint/no-unused-vars
  Line 115:9:  'updateLifeguardStats' is assigned a value but never used                                                                                                                  @typescript-eslint/no-unused-vars
  Line 138:9:  'updateShiftStats' is assigned a value but never used                                                                                                                      @typescript-eslint/no-unused-vars
  Line 298:6:  React Hook useEffect has missing dependencies: 'updateAlertsCount', 'updateSafetyFlagStats', and 'updateWeatherStats'. Either include them or remove the dependency array  react-hooks/exhaustive-deps
  Line 313:6:  React Hook useEffect has a missing dependency: 'loadDashboardData'. Either include it or remove the dependency array                                                       react-hooks/exhaustive-deps

src/components/common/NotificationSystem.tsx
  Line 17:18:  'CheckCircleIcon' is defined but never used                     @typescript-eslint/no-unused-vars
  Line 242:9:  'getEscalationTypeIcon' is assigned a value but never used      @typescript-eslint/no-unused-vars
  Line 257:9:  'getSupportRequestTypeIcon' is assigned a value but never used  @typescript-eslint/no-unused-vars

src/components/system-admin/SystemDashboard.tsx
  Line 1:27:   'useEffect' is defined but never used                @typescript-eslint/no-unused-vars
  Line 8:3:    'Button' is defined but never used                   @typescript-eslint/no-unused-vars
  Line 10:3:   'Alert' is defined but never used                    @typescript-eslint/no-unused-vars
  Line 12:3:   'Paper' is defined but never used                    @typescript-eslint/no-unused-vars
  Line 13:3:   'Divider' is defined but never used                  @typescript-eslint/no-unused-vars
  Line 26:15:  'SecurityIcon' is defined but never used             @typescript-eslint/no-unused-vars
  Line 32:15:  'SettingsIcon' is defined but never used             @typescript-eslint/no-unused-vars
  Line 33:16:  'DashboardIcon' is defined but never used            @typescript-eslint/no-unused-vars
  Line 34:11:  'FlagIcon' is defined but never used                 @typescript-eslint/no-unused-vars
  Line 35:20:  'NotificationsIcon' is defined but never used        @typescript-eslint/no-unused-vars
  Line 37:17:  'LocationIcon' is defined but never used             @typescript-eslint/no-unused-vars
  Line 38:15:  'ScheduleIcon' is defined but never used             @typescript-eslint/no-unused-vars
  Line 143:9:  'getStatusColor' is assigned a value but never used  @typescript-eslint/no-unused-vars
  Line 160:9:  'getStatusIcon' is assigned a value but never used   @typescript-eslint/no-unused-vars

Search for the keywords to learn more about each warning.
To ignore, add // eslint-disable-next-line to the line before.

WARNING in [eslint] 
src/components/admin/CenterDashboard.tsx
  Line 12:3:   'Divider' is defined but never used                                                                                                                                        @typescript-eslint/no-unused-vars
  Line 16:3:   'Stack' is defined but never used                                                                                                                                          @typescript-eslint/no-unused-vars
  Line 30:15:  'SecurityIcon' is defined but never used                                                                                                                                   @typescript-eslint/no-unused-vars
  Line 31:18:  'BeachIcon' is defined but never used                                                                                                                                      @typescript-eslint/no-unused-vars
  Line 32:20:  'NotificationsIcon' is defined but never used                                                                                                                              @typescript-eslint/no-unused-vars
  Line 34:25:  'AdminIcon' is defined but never used                                                                                                                                      @typescript-eslint/no-unused-vars
  Line 35:17:  'TrendingIcon' is defined but never used                                                                                                                                   @typescript-eslint/no-unused-vars
  Line 37:11:  'WifiIcon' is defined but never used                                                                                                                                       @typescript-eslint/no-unused-vars
  Line 38:14:  'WifiOffIcon' is defined but never used                                                                                                                                    @typescript-eslint/no-unused-vars
  Line 44:19:  'DoNotDisturbIcon' is defined but never used                                                                                                                               @typescript-eslint/no-unused-vars
  Line 50:8:   'WeatherAlerts' is defined but never used                                                                                                                                  @typescript-eslint/no-unused-vars
  Line 90:10:  'rateLimitSaving' is assigned a value but never used                                                                                                                       @typescript-eslint/no-unused-vars
  Line 115:9:  'updateLifeguardStats' is assigned a value but never used                                                                                                                  @typescript-eslint/no-unused-vars
  Line 138:9:  'updateShiftStats' is assigned a value but never used                                                                                                                      @typescript-eslint/no-unused-vars
  Line 298:6:  React Hook useEffect has missing dependencies: 'updateAlertsCount', 'updateSafetyFlagStats', and 'updateWeatherStats'. Either include them or remove the dependency array  react-hooks/exhaustive-deps
  Line 313:6:  React Hook useEffect has a missing dependency: 'loadDashboardData'. Either include it or remove the dependency array                                                       react-hooks/exhaustive-deps

src/components/common/NotificationSystem.tsx
  Line 17:18:  'CheckCircleIcon' is defined but never used                     @typescript-eslint/no-unused-vars
  Line 242:9:  'getEscalationTypeIcon' is assigned a value but never used      @typescript-eslint/no-unused-vars
  Line 257:9:  'getSupportRequestTypeIcon' is assigned a value but never used  @typescript-eslint/no-unused-vars

src/components/system-admin/SystemDashboard.tsx
  Line 1:27:   'useEffect' is defined but never used                @typescript-eslint/no-unused-vars
  Line 8:3:    'Button' is defined but never used                   @typescript-eslint/no-unused-vars
  Line 10:3:   'Alert' is defined but never used                    @typescript-eslint/no-unused-vars
  Line 12:3:   'Paper' is defined but never used                    @typescript-eslint/no-unused-vars
  Line 13:3:   'Divider' is defined but never used                  @typescript-eslint/no-unused-vars
  Line 26:15:  'SecurityIcon' is defined but never used             @typescript-eslint/no-unused-vars
  Line 32:15:  'SettingsIcon' is defined but never used             @typescript-eslint/no-unused-vars
  Line 33:16:  'DashboardIcon' is defined but never used            @typescript-eslint/no-unused-vars
  Line 34:11:  'FlagIcon' is defined but never used                 @typescript-eslint/no-unused-vars
  Line 35:20:  'NotificationsIcon' is defined but never used        @typescript-eslint/no-unused-vars
  Line 37:17:  'LocationIcon' is defined but never used             @typescript-eslint/no-unused-vars
  Line 38:15:  'ScheduleIcon' is defined but never used             @typescript-eslint/no-unused-vars
  Line 143:9:  'getStatusColor' is assigned a value but never used  @typescript-eslint/no-unused-vars
  Line 160:9:  'getStatusIcon' is assigned a value but never used   @typescript-eslint/no-unused-vars

webpack compiled with 1 warning
Compiling...
No issues found.
Compiled with warnings.

[eslint] 
src/components/admin/CenterDashboard.tsx
  Line 12:3:   'Divider' is defined but never used                                                                                                                                        @typescript-eslint/no-unused-vars
  Line 16:3:   'Stack' is defined but never used                                                                                                                                          @typescript-eslint/no-unused-vars
  Line 30:15:  'SecurityIcon' is defined but never used                                                                                                                                   @typescript-eslint/no-unused-vars
  Line 31:18:  'BeachIcon' is defined but never used                                                                                                                                      @typescript-eslint/no-unused-vars
  Line 32:20:  'NotificationsIcon' is defined but never used                                                                                                                              @typescript-eslint/no-unused-vars
  Line 34:25:  'AdminIcon' is defined but never used                                                                                                                                      @typescript-eslint/no-unused-vars
  Line 35:17:  'TrendingIcon' is defined but never used                                                                                                                                   @typescript-eslint/no-unused-vars
  Line 37:11:  'WifiIcon' is defined but never used                                                                                                                                       @typescript-eslint/no-unused-vars
  Line 38:14:  'WifiOffIcon' is defined but never used                                                                                                                                    @typescript-eslint/no-unused-vars
  Line 44:19:  'DoNotDisturbIcon' is defined but never used                                                                                                                               @typescript-eslint/no-unused-vars
  Line 50:8:   'WeatherAlerts' is defined but never used                                                                                                                                  @typescript-eslint/no-unused-vars
  Line 90:10:  'rateLimitSaving' is assigned a value but never used                                                                                                                       @typescript-eslint/no-unused-vars
  Line 115:9:  'updateLifeguardStats' is assigned a value but never used                                                                                                                  @typescript-eslint/no-unused-vars
  Line 138:9:  'updateShiftStats' is assigned a value but never used                                                                                                                      @typescript-eslint/no-unused-vars
  Line 298:6:  React Hook useEffect has missing dependencies: 'updateAlertsCount', 'updateSafetyFlagStats', and 'updateWeatherStats'. Either include them or remove the dependency array  react-hooks/exhaustive-deps
  Line 313:6:  React Hook useEffect has a missing dependency: 'loadDashboardData'. Either include it or remove the dependency array                                                       react-hooks/exhaustive-deps

src/components/common/NotificationSystem.tsx
  Line 17:18:  'CheckCircleIcon' is defined but never used                     @typescript-eslint/no-unused-vars
  Line 242:9:  'getEscalationTypeIcon' is assigned a value but never used      @typescript-eslint/no-unused-vars
  Line 257:9:  'getSupportRequestTypeIcon' is assigned a value but never used  @typescript-eslint/no-unused-vars

src/components/system-admin/SystemDashboard.tsx
  Line 1:27:   'useEffect' is defined but never used                @typescript-eslint/no-unused-vars
  Line 8:3:    'Button' is defined but never used                   @typescript-eslint/no-unused-vars
  Line 10:3:   'Alert' is defined but never used                    @typescript-eslint/no-unused-vars
  Line 12:3:   'Paper' is defined but never used                    @typescript-eslint/no-unused-vars
  Line 13:3:   'Divider' is defined but never used                  @typescript-eslint/no-unused-vars
  Line 26:15:  'SecurityIcon' is defined but never used             @typescript-eslint/no-unused-vars
  Line 32:15:  'SettingsIcon' is defined but never used             @typescript-eslint/no-unused-vars
  Line 33:16:  'DashboardIcon' is defined but never used            @typescript-eslint/no-unused-vars
  Line 34:11:  'FlagIcon' is defined but never used                 @typescript-eslint/no-unused-vars
  Line 35:20:  'NotificationsIcon' is defined but never used        @typescript-eslint/no-unused-vars
  Line 37:17:  'LocationIcon' is defined but never used             @typescript-eslint/no-unused-vars
  Line 38:15:  'ScheduleIcon' is defined but never used             @typescript-eslint/no-unused-vars
  Line 143:9:  'getStatusColor' is assigned a value but never used  @typescript-eslint/no-unused-vars
  Line 160:9:  'getStatusIcon' is assigned a value but never used   @typescript-eslint/no-unused-vars

Search for the keywords to learn more about each warning.
To ignore, add // eslint-disable-next-line to the line before.

WARNING in [eslint] 
src/components/admin/CenterDashboard.tsx
  Line 12:3:   'Divider' is defined but never used                                                                                                                                        @typescript-eslint/no-unused-vars
  Line 16:3:   'Stack' is defined but never used                                                                                                                                          @typescript-eslint/no-unused-vars
  Line 30:15:  'SecurityIcon' is defined but never used                                                                                                                                   @typescript-eslint/no-unused-vars
  Line 31:18:  'BeachIcon' is defined but never used                                                                                                                                      @typescript-eslint/no-unused-vars
  Line 32:20:  'NotificationsIcon' is defined but never used                                                                                                                              @typescript-eslint/no-unused-vars
  Line 34:25:  'AdminIcon' is defined but never used                                                                                                                                      @typescript-eslint/no-unused-vars
  Line 35:17:  'TrendingIcon' is defined but never used                                                                                                                                   @typescript-eslint/no-unused-vars
  Line 37:11:  'WifiIcon' is defined but never used                                                                                                                                       @typescript-eslint/no-unused-vars
  Line 38:14:  'WifiOffIcon' is defined but never used                                                                                                                                    @typescript-eslint/no-unused-vars
  Line 44:19:  'DoNotDisturbIcon' is defined but never used                                                                                                                               @typescript-eslint/no-unused-vars
  Line 50:8:   'WeatherAlerts' is defined but never used                                                                                                                                  @typescript-eslint/no-unused-vars
  Line 90:10:  'rateLimitSaving' is assigned a value but never used                                                                                                                       @typescript-eslint/no-unused-vars
  Line 115:9:  'updateLifeguardStats' is assigned a value but never used                                                                                                                  @typescript-eslint/no-unused-vars
  Line 138:9:  'updateShiftStats' is assigned a value but never used                                                                                                                      @typescript-eslint/no-unused-vars
  Line 298:6:  React Hook useEffect has missing dependencies: 'updateAlertsCount', 'updateSafetyFlagStats', and 'updateWeatherStats'. Either include them or remove the dependency array  react-hooks/exhaustive-deps
  Line 313:6:  React Hook useEffect has a missing dependency: 'loadDashboardData'. Either include it or remove the dependency array                                                       react-hooks/exhaustive-deps

src/components/common/NotificationSystem.tsx
  Line 17:18:  'CheckCircleIcon' is defined but never used                     @typescript-eslint/no-unused-vars
  Line 242:9:  'getEscalationTypeIcon' is assigned a value but never used      @typescript-eslint/no-unused-vars
  Line 257:9:  'getSupportRequestTypeIcon' is assigned a value but never used  @typescript-eslint/no-unused-vars

src/components/system-admin/SystemDashboard.tsx
  Line 1:27:   'useEffect' is defined but never used                @typescript-eslint/no-unused-vars
  Line 8:3:    'Button' is defined but never used                   @typescript-eslint/no-unused-vars
  Line 10:3:   'Alert' is defined but never used                    @typescript-eslint/no-unused-vars
  Line 12:3:   'Paper' is defined but never used                    @typescript-eslint/no-unused-vars
  Line 13:3:   'Divider' is defined but never used                  @typescript-eslint/no-unused-vars
  Line 26:15:  'SecurityIcon' is defined but never used             @typescript-eslint/no-unused-vars
  Line 32:15:  'SettingsIcon' is defined but never used             @typescript-eslint/no-unused-vars
  Line 33:16:  'DashboardIcon' is defined but never used            @typescript-eslint/no-unused-vars
  Line 34:11:  'FlagIcon' is defined but never used                 @typescript-eslint/no-unused-vars
  Line 35:20:  'NotificationsIcon' is defined but never used        @typescript-eslint/no-unused-vars
  Line 37:17:  'LocationIcon' is defined but never used             @typescript-eslint/no-unused-vars
  Line 38:15:  'ScheduleIcon' is defined but never used             @typescript-eslint/no-unused-vars
  Line 143:9:  'getStatusColor' is assigned a value but never used  @typescript-eslint/no-unused-vars
  Line 160:9:  'getStatusIcon' is assigned a value but never used   @typescript-eslint/no-unused-vars

webpack compiled with 1 warning
No issues found.
